{
  "_id": "5a7c2eca46aef81a7ca2145d",
  "availableInRaid": false,
  "avatar": "/files/trader/avatar/5a7c2ebb86f7746e324a06ab.jpg",
  "balance_dol": 0,
  "balance_eur": 0,
  "balance_rub": 7000000,
  "buyer_up": false,
  "currency": "RUB",
  "customization_seller": false,
  "discount": 0,
  "discount_end": 0,
  "gridHeight": 160,
  "insurance": {
    "availability": false,
    "excluded_category": [],
    "max_return_hour": 36,
    "max_storage_time": 72,
    "min_payment": 0,
    "min_return_hour": 24
  },
  "isCanTransferItems": false,
  "items_buy": {
    "category": [
      "5422acb9af1c889c16000029",
      "5448fe124bdc2da5018b4567",
      "5485a8684bdc2da71d8b4567",
      "543be5cb4bdc2deb348b4568",
      "57864a66245977548f04a81f",
      "57864ee62459775490116fc1",
      "5447e0e74bdc2d3c308b4567",
      "57864bb7245977548b3b66c2",
      "5c164d2286f774194c5e69fa",
      "616eb7aea207f41933308f46"
    ],
    "id_list": []
  },
  "items_buy_prohibited": {
    "category": [],
    "id_list": [
      "62e910aaf957f2915e0a5e36",
      "64d0b40fbe2eed70e254e2d4",
      "65ddcc9cfa85b9f17d0dfb07",
      "65ca457b4aafb5d7fc0dcb5d",
      "660312cc4d6cdfa6f500c703",
      "660bbc98c38b837877075e4a",
      "660bc341c38b837877075e4c",
      "6638a5474e92f038531e210e",
      "66bc98a01a47be227a5e956e",
      "6655e35b6bc645cb7b059912",
      "666879d498b97e3a8f09f1ae",
      "6399f54b0a36db13c823ad21",
      "66687bc89111279d600b5062",
      "66d98233302686954b0c6f81",
      "6707d0bdaab679420007e01a",
      "6707d0804e617ec94f0e562f",
      "67408903268737ef6908d432"
    ]
  },
  "location": "Химкомбинат",
  "loyaltyLevels": [
    {
      "buy_price_coef": 44,
      "exchange_price_coef": 0,
      "heal_price_coef": 0,
      "insurance_price_coef": 10,
      "minLevel": 1,
      "minSalesSum": 0,
      "minStanding": 0,
      "repair_price_coef": 175
    },
    {
      "buy_price_coef": 44,
      "exchange_price_coef": 0,
      "heal_price_coef": 0,
      "insurance_price_coef": "11",
      "minLevel": 20,
      "minSalesSum": 750000,
      "minStanding": 0.15,
      "repair_price_coef": 180
    },
    {
      "buy_price_coef": 44,
      "exchange_price_coef": 0,
      "heal_price_coef": 0,
      "insurance_price_coef": "12",
      "minLevel": 30,
      "minSalesSum": 1600000,
      "minStanding": 0.3,
      "repair_price_coef": 185
    },
    {
      "buy_price_coef": 44,
      "exchange_price_coef": 0,
      "heal_price_coef": 0,
      "insurance_price_coef": "13",
      "minLevel": 40,
      "minSalesSum": 2500000,
      "minStanding": 0.6,
      "repair_price_coef": 195
    }
  ],
  "medic": false,
  "name": "Сергей Арсеньевич",
  "nextResupply": 1631483553,
  "nickname": "Mechanic",
  "prohibitedTransferableItems": {
    "category": [],
    "id_list": []
  },
  "repair": {
    "availability": true,
    "currency": "5449016a4bdc2d6f028b456f",
    "currency_coefficient": 1,
    "excluded_category": [],
    "excluded_id_list": [],
    "quality": "0.7"
  },
  "sell_category": [],
  "sell_modifier_for_prohibited_items": 0,
  "surname": "Самойлов",
  "transferableItems": {
    "category": [],
    "id_list": []
  },
  "unlockedByDefault": true
}
