{"staticWeapons":[],"staticContainers":[{"probability":1,"template":{"Id":"container_City_SW_02_LexOs_blockpost_00024","IsContainer":true,"useGravity":false,"randomRotation":false,"Position":{"x":0,"y":0,"z":0},"Rotation":{"x":0,"y":0,"z":0},"IsGroupPosition":false,"GroupPositions":[],"IsAlwaysSpawn":false,"Root":"67cceab3687f716a680efabd","Items":[{"_id":"67cceab3687f716a680efabd","_tpl":"578f8778245977358849a9b5","upd":{"StackObjectsCount":1}}]}},{"probability":0.44,"template":{"Id":"container_Factory_Rework_DesignStuff_00111","IsContainer":true,"useGravity":false,"randomRotation":false,"Position":{"x":0,"y":0,"z":0},"Rotation":{"x":0,"y":0,"z":0},"IsGroupPosition":false,"GroupPositions":[],"IsAlwaysSpawn":false,"Root":"67cceab3687f716a680efac1","Items":[{"_id":"67cceab3687f716a680efac1","_tpl":"578f87a3245977356274f2cb","upd":{"StackObjectsCount":1}}]}},{"probability":0.43,"template":{"Id":"container_Factory_Rework_DesignStuff_00089","IsContainer":true,"useGravity":false,"randomRotation":false,"Position":{"x":0,"y":0,"z":0},"Rotation":{"x":0,"y":0,"z":0},"IsGroupPosition":false,"GroupPositions":[],"IsAlwaysSpawn":false,"Root":"67cceab3687f716a680efac7","Items":[{"_id":"67cceab3687f716a680efac7","_tpl":"578f87a3245977356274f2cb","upd":{"StackObjectsCount":1}}]}},{"probability":0.41,"template":{"Id":"container_Factory_Rework_DesignStuff_00102","IsContainer":true,"useGravity":false,"randomRotation":false,"Position":{"x":0,"y":0,"z":0},"Rotation":{"x":0,"y":0,"z":0},"IsGroupPosition":false,"GroupPositions":[],"IsAlwaysSpawn":false,"Root":"67cceab3687f716a680efacb","Items":[{"_id":"67cceab3687f716a680efacb","_tpl":"578f87a3245977356274f2cb","upd":{"StackObjectsCount":1}}]}},{"probability":0.43,"template":{"Id":"container_Factory_Rework_DesignStuff_00136","IsContainer":true,"useGravity":false,"randomRotation":false,"Position":{"x":0,"y":0,"z":0},"Rotation":{"x":0,"y":0,"z":0},"IsGroupPosition":false,"GroupPositions":[],"IsAlwaysSpawn":false,"Root":"67cceab3687f716a680efad3","Items":[{"_id":"67cceab3687f716a680efad3","_tpl":"5909d5ef86f77467974efbd8","upd":{"StackObjectsCount":1}}]}},{"probability":1,"template":{"Id":"00012","IsContainer":true,"useGravity":false,"randomRotation":false,"Position":{"x":0,"y":0,"z":0},"Rotation":{"x":0,"y":0,"z":0},"IsGroupPosition":false,"GroupPositions":[],"IsAlwaysSpawn":true,"Root":"67cceab3687f716a680efadb","Items":[{"_id":"67cceab3687f716a680efadb","_tpl":"5d6fd45b86f774317075ed43","upd":{"StackObjectsCount":1}}]}},{"probability":0.36,"template":{"Id":"container_Factory_Rework_DesignStuff_00135","IsContainer":true,"useGravity":false,"randomRotation":false,"Position":{"x":0,"y":0,"z":0},"Rotation":{"x":0,"y":0,"z":0},"IsGroupPosition":false,"GroupPositions":[],"IsAlwaysSpawn":true,"Root":"67cceab3687f716a680efae3","Items":[{"_id":"67cceab3687f716a680efae3","_tpl":"5909d76c86f77471e53d2adf","upd":{"StackObjectsCount":1}}]}},{"probability":1,"template":{"Id":"container_Factory_Eugene_Temp_00002","IsContainer":true,"useGravity":false,"randomRotation":false,"Position":{"x":0,"y":0,"z":0},"Rotation":{"x":0,"y":0,"z":0},"IsGroupPosition":false,"GroupPositions":[],"IsAlwaysSpawn":false,"Root":"67cceab3687f716a680efaeb","Items":[{"_id":"67cceab3687f716a680efaeb","_tpl":"578f8778245977358849a9b5","upd":{"StackObjectsCount":1}}]}},{"probability":1,"template":{"Id":"container_ProfileEditor_00002","IsContainer":true,"useGravity":false,"randomRotation":false,"Position":{"x":0,"y":0,"z":0},"Rotation":{"x":0,"y":0,"z":0},"IsGroupPosition":false,"GroupPositions":[],"IsAlwaysSpawn":false,"Root":"67cceab3687f716a680efafd","Items":[{"_id":"67cceab3687f716a680efafd","_tpl":"6582e6d7b14c3f72eb071420","upd":{"StackObjectsCount":1}}]}},{"probability":0.31,"template":{"Id":"container_Factory_Rework_DesignStuff_00113","IsContainer":true,"useGravity":false,"randomRotation":false,"Position":{"x":0,"y":0,"z":0},"Rotation":{"x":0,"y":0,"z":0},"IsGroupPosition":false,"GroupPositions":[],"IsAlwaysSpawn":false,"Root":"67cceab3687f716a680efb01","Items":[{"_id":"67cceab3687f716a680efb01","_tpl":"5909d50c86f774659e6aaebe","upd":{"StackObjectsCount":1}}]}},{"probability":0.29,"template":{"Id":"container_Factory_Rework_DesignStuff_00061","IsContainer":true,"useGravity":false,"randomRotation":false,"Position":{"x":0,"y":0,"z":0},"Rotation":{"x":0,"y":0,"z":0},"IsGroupPosition":false,"GroupPositions":[],"IsAlwaysSpawn":false,"Root":"67cceab3687f716a680efb05","Items":[{"_id":"67cceab3687f716a680efb05","_tpl":"578f87ad245977356274f2cc","upd":{"StackObjectsCount":1}}]}},{"probability":1,"template":{"Id":"container_Factory_Rework_Background_00000","IsContainer":true,"useGravity":false,"randomRotation":false,"Position":{"x":0,"y":0,"z":0},"Rotation":{"x":0,"y":0,"z":0},"IsGroupPosition":false,"GroupPositions":[],"IsAlwaysSpawn":false,"Root":"67cceab3687f716a680efb17","Items":[{"_id":"67cceab3687f716a680efb17","_tpl":"578f87ad245977356274f2cc","upd":{"StackObjectsCount":1}}]}},{"probability":1,"template":{"Id":"Lootable_00008","IsContainer":true,"useGravity":false,"randomRotation":false,"Position":{"x":0,"y":0,"z":0},"Rotation":{"x":0,"y":0,"z":0},"IsGroupPosition":false,"GroupPositions":[],"IsAlwaysSpawn":true,"Root":"67cceab3687f716a680efb1b","Items":[{"_id":"67cceab3687f716a680efb1b","_tpl":"578f87b7245977356274f2cd","upd":{"StackObjectsCount":1}}]}},{"probability":1,"template":{"Id":"container_Factory_Rework_DesignStuff_00128","IsContainer":true,"useGravity":false,"randomRotation":false,"Position":{"x":0,"y":0,"z":0},"Rotation":{"x":0,"y":0,"z":0},"IsGroupPosition":false,"GroupPositions":[],"IsAlwaysSpawn":false,"Root":"67cceab3687f716a680efb1f","Items":[{"_id":"67cceab3687f716a680efb1f","_tpl":"5909d50c86f774659e6aaebe","upd":{"StackObjectsCount":1}}]}},{"probability":0.29,"template":{"Id":"container_Factory_Rework_DesignStuff_00057","IsContainer":true,"useGravity":false,"randomRotation":false,"Position":{"x":0,"y":0,"z":0},"Rotation":{"x":0,"y":0,"z":0},"IsGroupPosition":false,"GroupPositions":[],"IsAlwaysSpawn":false,"Root":"67cceab3687f716a680efb23","Items":[{"_id":"67cceab3687f716a680efb23","_tpl":"5909d36d86f774660f0bb900","upd":{"StackObjectsCount":1}}]}},{"probability":0.29,"template":{"Id":"container_Factory_Rework_DesignStuff_00105","IsContainer":true,"useGravity":false,"randomRotation":false,"Position":{"x":0,"y":0,"z":0},"Rotation":{"x":0,"y":0,"z":0},"IsGroupPosition":false,"GroupPositions":[],"IsAlwaysSpawn":false,"Root":"67cceab3687f716a680efb31","Items":[{"_id":"67cceab3687f716a680efb31","_tpl":"5909d50c86f774659e6aaebe","upd":{"StackObjectsCount":1}}]}},{"probability":0.45,"template":{"Id":"container_Factory_Rework_DesignStuff_00094","IsContainer":true,"useGravity":false,"randomRotation":false,"Position":{"x":0,"y":0,"z":0},"Rotation":{"x":0,"y":0,"z":0},"IsGroupPosition":false,"GroupPositions":[],"IsAlwaysSpawn":false,"Root":"67cceab3687f716a680efb39","Items":[{"_id":"67cceab3687f716a680efb39","_tpl":"578f87a3245977356274f2cb","upd":{"StackObjectsCount":1}}]}},{"probability":1,"template":{"Id":"container_Factory_Rework_DesignStuff_00122","IsContainer":true,"useGravity":false,"randomRotation":false,"Position":{"x":0,"y":0,"z":0},"Rotation":{"x":0,"y":0,"z":0},"IsGroupPosition":false,"GroupPositions":[],"IsAlwaysSpawn":false,"Root":"67cceab3687f716a680efb49","Items":[{"_id":"67cceab3687f716a680efb49","_tpl":"5909e4b686f7747f5b744fa4","upd":{"StackObjectsCount":1}}]}},{"probability":0.3,"template":{"Id":"container_Factory_Rework_DesignStuff_00017","IsContainer":true,"useGravity":false,"randomRotation":false,"Position":{"x":0,"y":0,"z":0},"Rotation":{"x":0,"y":0,"z":0},"IsGroupPosition":false,"GroupPositions":[],"IsAlwaysSpawn":false,"Root":"67cceab3687f716a680efb51","Items":[{"_id":"67cceab3687f716a680efb51","_tpl":"5909d36d86f774660f0bb900","upd":{"StackObjectsCount":1}}]}},{"probability":1,"template":{"Id":"Lootable_00006","IsContainer":true,"useGravity":false,"randomRotation":false,"Position":{"x":0,"y":0,"z":0},"Rotation":{"x":0,"y":0,"z":0},"IsGroupPosition":false,"GroupPositions":[],"IsAlwaysSpawn":true,"Root":"67cceab3687f716a680efb57","Items":[{"_id":"67cceab3687f716a680efb57","_tpl":"578f87b7245977356274f2cd","upd":{"StackObjectsCount":1}}]}},{"probability":0.33,"template":{"Id":"container_Factory_Rework_DesignStuff_00116","IsContainer":true,"useGravity":false,"randomRotation":false,"Position":{"x":0,"y":0,"z":0},"Rotation":{"x":0,"y":0,"z":0},"IsGroupPosition":false,"GroupPositions":[],"IsAlwaysSpawn":false,"Root":"67cceab3687f716a680efb5b","Items":[{"_id":"67cceab3687f716a680efb5b","_tpl":"578f87ad245977356274f2cc","upd":{"StackObjectsCount":1}}]}},{"probability":1,"template":{"Id":"container_Factory_Rework_DesignStuff_00106","IsContainer":true,"useGravity":false,"randomRotation":false,"Position":{"x":0,"y":0,"z":0},"Rotation":{"x":0,"y":0,"z":0},"IsGroupPosition":false,"GroupPositions":[],"IsAlwaysSpawn":false,"Root":"67cceab3687f716a680efb65","Items":[{"_id":"67cceab3687f716a680efb65","_tpl":"578f8778245977358849a9b5","upd":{"StackObjectsCount":1}}]}},{"probability":1,"template":{"Id":"container_Factory_Rework_DesignStuff_00036","IsContainer":true,"useGravity":false,"randomRotation":false,"Position":{"x":0,"y":0,"z":0},"Rotation":{"x":0,"y":0,"z":0},"IsGroupPosition":false,"GroupPositions":[],"IsAlwaysSpawn":false,"Root":"67cceab3687f716a680efb69","Items":[{"_id":"67cceab3687f716a680efb69","_tpl":"578f8778245977358849a9b5","upd":{"StackObjectsCount":1}}]}},{"probability":0.38,"template":{"Id":"container_Factory_Rework_DesignStuff_00071","IsContainer":true,"useGravity":false,"randomRotation":false,"Position":{"x":0,"y":0,"z":0},"Rotation":{"x":0,"y":0,"z":0},"IsGroupPosition":false,"GroupPositions":[],"IsAlwaysSpawn":false,"Root":"67cceab3687f716a680efb77","Items":[{"_id":"67cceab3687f716a680efb77","_tpl":"578f87ad245977356274f2cc","upd":{"StackObjectsCount":1}}]}},{"probability":0.31,"template":{"Id":"container_Factory_Rework_DesignStuff_00009","IsContainer":true,"useGravity":false,"randomRotation":false,"Position":{"x":0,"y":0,"z":0},"Rotation":{"x":0,"y":0,"z":0},"IsGroupPosition":false,"GroupPositions":[],"IsAlwaysSpawn":false,"Root":"67cceab3687f716a680efb7d","Items":[{"_id":"67cceab3687f716a680efb7d","_tpl":"5909d36d86f774660f0bb900","upd":{"StackObjectsCount":1}}]}},{"probability":1,"template":{"Id":"container_Factory_Rework_DesignStuff_00039","IsContainer":true,"useGravity":false,"randomRotation":false,"Position":{"x":0,"y":0,"z":0},"Rotation":{"x":0,"y":0,"z":0},"IsGroupPosition":false,"GroupPositions":[],"IsAlwaysSpawn":true,"Root":"67cceab3687f716a680efb85","Items":[{"_id":"67cceab3687f716a680efb85","_tpl":"5d6fd45b86f774317075ed43","upd":{"StackObjectsCount":1}}]}},{"probability":1,"template":{"Id":"Lootable_00007","IsContainer":true,"useGravity":false,"randomRotation":false,"Position":{"x":0,"y":0,"z":0},"Rotation":{"x":0,"y":0,"z":0},"IsGroupPosition":false,"GroupPositions":[],"IsAlwaysSpawn":true,"Root":"67cceab3687f716a680efb8b","Items":[{"_id":"67cceab3687f716a680efb8b","_tpl":"578f87b7245977356274f2cd","upd":{"StackObjectsCount":1}}]}},{"probability":0.29,"template":{"Id":"container_Factory_Rework_DesignStuff_00066","IsContainer":true,"useGravity":false,"randomRotation":false,"Position":{"x":0,"y":0,"z":0},"Rotation":{"x":0,"y":0,"z":0},"IsGroupPosition":false,"GroupPositions":[],"IsAlwaysSpawn":false,"Root":"67cceab3687f716a680efb8f","Items":[{"_id":"67cceab3687f716a680efb8f","_tpl":"578f87ad245977356274f2cc","upd":{"StackObjectsCount":1}}]}},{"probability":0.36,"template":{"Id":"container_Factory_Rework_DesignStuff_00008","IsContainer":true,"useGravity":false,"randomRotation":false,"Position":{"x":0,"y":0,"z":0},"Rotation":{"x":0,"y":0,"z":0},"IsGroupPosition":false,"GroupPositions":[],"IsAlwaysSpawn":false,"Root":"67cceab3687f716a680efb9b","Items":[{"_id":"67cceab3687f716a680efb9b","_tpl":"5909d5ef86f77467974efbd8","upd":{"StackObjectsCount":1}}]}},{"probability":1,"template":{"Id":"container_Factory_Rework_DesignStuff_00034","IsContainer":true,"useGravity":false,"randomRotation":false,"Position":{"x":0,"y":0,"z":0},"Rotation":{"x":0,"y":0,"z":0},"IsGroupPosition":false,"GroupPositions":[],"IsAlwaysSpawn":false,"Root":"67cceab3687f716a680efb9f","Items":[{"_id":"67cceab3687f716a680efb9f","_tpl":"578f8778245977358849a9b5","upd":{"StackObjectsCount":1}}]}},{"probability":1,"template":{"Id":"container_Factory_Rework_DesignStuff_00006","IsContainer":true,"useGravity":false,"randomRotation":false,"Position":{"x":0,"y":0,"z":0},"Rotation":{"x":0,"y":0,"z":0},"IsGroupPosition":false,"GroupPositions":[],"IsAlwaysSpawn":false,"Root":"67cceab3687f716a680efba3","Items":[{"_id":"67cceab3687f716a680efba3","_tpl":"578f8778245977358849a9b5","upd":{"StackObjectsCount":1}}]}},{"probability":1,"template":{"Id":"container_Factory_Rework_DesignStuff_00130","IsContainer":true,"useGravity":false,"randomRotation":false,"Position":{"x":0,"y":0,"z":0},"Rotation":{"x":0,"y":0,"z":0},"IsGroupPosition":false,"GroupPositions":[],"IsAlwaysSpawn":false,"Root":"67cceab3687f716a680efbb0","Items":[{"_id":"67cceab3687f716a680efbb0","_tpl":"578f8778245977358849a9b5","upd":{"StackObjectsCount":1}}]}},{"probability":1,"template":{"Id":"container_Factory_Rework_DesignStuff_00031","IsContainer":true,"useGravity":false,"randomRotation":false,"Position":{"x":0,"y":0,"z":0},"Rotation":{"x":0,"y":0,"z":0},"IsGroupPosition":false,"GroupPositions":[],"IsAlwaysSpawn":false,"Root":"67cceab3687f716a680efbc4","Items":[{"_id":"67cceab3687f716a680efbc4","_tpl":"578f8778245977358849a9b5","upd":{"StackObjectsCount":1}}]}},{"probability":1,"template":{"Id":"container_Factory_Rework_DesignStuff_00120","IsContainer":true,"useGravity":false,"randomRotation":false,"Position":{"x":0,"y":0,"z":0},"Rotation":{"x":0,"y":0,"z":0},"IsGroupPosition":false,"GroupPositions":[],"IsAlwaysSpawn":false,"Root":"67cceab3687f716a680efbcc","Items":[{"_id":"67cceab3687f716a680efbcc","_tpl":"5909e4b686f7747f5b744fa4","upd":{"StackObjectsCount":1}}]}},{"probability":1,"template":{"Id":"container_Factory_Rework_DesignStuff_00037","IsContainer":true,"useGravity":false,"randomRotation":false,"Position":{"x":0,"y":0,"z":0},"Rotation":{"x":0,"y":0,"z":0},"IsGroupPosition":false,"GroupPositions":[],"IsAlwaysSpawn":true,"Root":"67cceab3687f716a680efbd2","Items":[{"_id":"67cceab3687f716a680efbd2","_tpl":"5909e4b686f7747f5b744fa4","upd":{"StackObjectsCount":1}}]}},{"probability":1,"template":{"Id":"container_Factory_Rework_DesignStuff_00028","IsContainer":true,"useGravity":false,"randomRotation":false,"Position":{"x":0,"y":0,"z":0},"Rotation":{"x":0,"y":0,"z":0},"IsGroupPosition":false,"GroupPositions":[],"IsAlwaysSpawn":true,"Root":"67cceab3687f716a680efbd6","Items":[{"_id":"67cceab3687f716a680efbd6","_tpl":"578f87b7245977356274f2cd","upd":{"StackObjectsCount":1}}]}},{"probability":1,"template":{"Id":"container_Factory_Rework_DesignStuff_00125","IsContainer":true,"useGravity":false,"randomRotation":false,"Position":{"x":0,"y":0,"z":0},"Rotation":{"x":0,"y":0,"z":0},"IsGroupPosition":false,"GroupPositions":[],"IsAlwaysSpawn":false,"Root":"67cceab3687f716a680efbda","Items":[{"_id":"67cceab3687f716a680efbda","_tpl":"578f8778245977358849a9b5","upd":{"StackObjectsCount":1}}]}},{"probability":0.3,"template":{"Id":"container_Factory_Rework_DesignStuff_00075","IsContainer":true,"useGravity":false,"randomRotation":false,"Position":{"x":0,"y":0,"z":0},"Rotation":{"x":0,"y":0,"z":0},"IsGroupPosition":false,"GroupPositions":[],"IsAlwaysSpawn":false,"Root":"67cceab3687f716a680efbde","Items":[{"_id":"67cceab3687f716a680efbde","_tpl":"5909d50c86f774659e6aaebe","upd":{"StackObjectsCount":1}}]}},{"probability":1,"template":{"Id":"Lootable_00009","IsContainer":true,"useGravity":false,"randomRotation":false,"Position":{"x":0,"y":0,"z":0},"Rotation":{"x":0,"y":0,"z":0},"IsGroupPosition":false,"GroupPositions":[],"IsAlwaysSpawn":false,"Root":"67cceab3687f716a680efbee","Items":[{"_id":"67cceab3687f716a680efbee","_tpl":"578f8778245977358849a9b5","upd":{"StackObjectsCount":1}}]}},{"probability":0.33,"template":{"Id":"container_Factory_Rework_DesignStuff_00145","IsContainer":true,"useGravity":false,"randomRotation":false,"Position":{"x":0,"y":0,"z":0},"Rotation":{"x":0,"y":0,"z":0},"IsGroupPosition":false,"GroupPositions":[],"IsAlwaysSpawn":false,"Root":"67cceab3687f716a680efbf2","Items":[{"_id":"67cceab3687f716a680efbf2","_tpl":"578f87ad245977356274f2cc","upd":{"StackObjectsCount":1}}]}},{"probability":1,"template":{"Id":"container_Factory_Rework_DesignStuff_00126","IsContainer":true,"useGravity":false,"randomRotation":false,"Position":{"x":0,"y":0,"z":0},"Rotation":{"x":0,"y":0,"z":0},"IsGroupPosition":false,"GroupPositions":[],"IsAlwaysSpawn":false,"Root":"67cceab3687f716a680efc00","Items":[{"_id":"67cceab3687f716a680efc00","_tpl":"5909d50c86f774659e6aaebe","upd":{"StackObjectsCount":1}}]}},{"probability":1,"template":{"Id":"container_Factory_Eugene_Temp_00003","IsContainer":true,"useGravity":false,"randomRotation":false,"Position":{"x":0,"y":0,"z":0},"Rotation":{"x":0,"y":0,"z":0},"IsGroupPosition":false,"GroupPositions":[],"IsAlwaysSpawn":true,"Root":"67cceab3687f716a680efc08","Items":[{"_id":"67cceab3687f716a680efc08","_tpl":"578f8782245977354405a1e3","upd":{"StackObjectsCount":1}}]}},{"probability":0.29,"template":{"Id":"container_Factory_Rework_DesignStuff_00068","IsContainer":true,"useGravity":false,"randomRotation":false,"Position":{"x":0,"y":0,"z":0},"Rotation":{"x":0,"y":0,"z":0},"IsGroupPosition":false,"GroupPositions":[],"IsAlwaysSpawn":false,"Root":"67cceab3687f716a680efc12","Items":[{"_id":"67cceab3687f716a680efc12","_tpl":"578f87ad245977356274f2cc","upd":{"StackObjectsCount":1}}]}},{"probability":1,"template":{"Id":"container_Factory_Rework_DesignStuff_00035","IsContainer":true,"useGravity":false,"randomRotation":false,"Position":{"x":0,"y":0,"z":0},"Rotation":{"x":0,"y":0,"z":0},"IsGroupPosition":false,"GroupPositions":[],"IsAlwaysSpawn":false,"Root":"67cceab3687f716a680efc18","Items":[{"_id":"67cceab3687f716a680efc18","_tpl":"578f8778245977358849a9b5","upd":{"StackObjectsCount":1}}]}},{"probability":1,"template":{"Id":"container_Factory_Rework_DesignStuff_00030","IsContainer":true,"useGravity":false,"randomRotation":false,"Position":{"x":0,"y":0,"z":0},"Rotation":{"x":0,"y":0,"z":0},"IsGroupPosition":false,"GroupPositions":[],"IsAlwaysSpawn":true,"Root":"67cceab3687f716a680efc1c","Items":[{"_id":"67cceab3687f716a680efc1c","_tpl":"578f87b7245977356274f2cd","upd":{"StackObjectsCount":1}}]}},{"probability":1,"template":{"Id":"container_Factory_Rework_DesignStuff_00119","IsContainer":true,"useGravity":false,"randomRotation":false,"Position":{"x":0,"y":0,"z":0},"Rotation":{"x":0,"y":0,"z":0},"IsGroupPosition":false,"GroupPositions":[],"IsAlwaysSpawn":false,"Root":"67cceab3687f716a680efc20","Items":[{"_id":"67cceab3687f716a680efc20","_tpl":"5909e4b686f7747f5b744fa4","upd":{"StackObjectsCount":1}}]}},{"probability":1,"template":{"Id":"container_Factory_Rework_DesignStuff_00124","IsContainer":true,"useGravity":false,"randomRotation":false,"Position":{"x":0,"y":0,"z":0},"Rotation":{"x":0,"y":0,"z":0},"IsGroupPosition":false,"GroupPositions":[],"IsAlwaysSpawn":false,"Root":"67cceab3687f716a680efc28","Items":[{"_id":"67cceab3687f716a680efc28","_tpl":"578f8778245977358849a9b5","upd":{"StackObjectsCount":1}}]}},{"probability":1,"template":{"Id":"container_Factory_Rework_DesignStuff_00033","IsContainer":true,"useGravity":false,"randomRotation":false,"Position":{"x":0,"y":0,"z":0},"Rotation":{"x":0,"y":0,"z":0},"IsGroupPosition":false,"GroupPositions":[],"IsAlwaysSpawn":false,"Root":"67cceab3687f716a680efc2c","Items":[{"_id":"67cceab3687f716a680efc2c","_tpl":"578f8778245977358849a9b5","upd":{"StackObjectsCount":1}}]}},{"probability":0.53,"template":{"Id":"container_Factory_Rework_DesignStuff_00043","IsContainer":true,"useGravity":false,"randomRotation":false,"Position":{"x":0,"y":0,"z":0},"Rotation":{"x":0,"y":0,"z":0},"IsGroupPosition":false,"GroupPositions":[],"IsAlwaysSpawn":false,"Root":"67cceab3687f716a680efc30","Items":[{"_id":"67cceab3687f716a680efc30","_tpl":"578f87ad245977356274f2cc","upd":{"StackObjectsCount":1}}]}},{"probability":0.33,"template":{"Id":"container_Factory_Rework_DesignStuff_00123","IsContainer":true,"useGravity":false,"randomRotation":false,"Position":{"x":0,"y":0,"z":0},"Rotation":{"x":0,"y":0,"z":0},"IsGroupPosition":false,"GroupPositions":[],"IsAlwaysSpawn":false,"Root":"67cceab3687f716a680efc34","Items":[{"_id":"67cceab3687f716a680efc34","_tpl":"578f87ad245977356274f2cc","upd":{"StackObjectsCount":1}}]}},{"probability":1,"template":{"Id":"container_Factory_Rework_DesignStuff_00131","IsContainer":true,"useGravity":false,"randomRotation":false,"Position":{"x":0,"y":0,"z":0},"Rotation":{"x":0,"y":0,"z":0},"IsGroupPosition":false,"GroupPositions":[],"IsAlwaysSpawn":false,"Root":"67cceab3687f716a680efc3c","Items":[{"_id":"67cceab3687f716a680efc3c","_tpl":"6582e6d7b14c3f72eb071420","upd":{"StackObjectsCount":1}}]}},{"probability":0.42,"template":{"Id":"container_Factory_Rework_DesignStuff_00003","IsContainer":true,"useGravity":false,"randomRotation":false,"Position":{"x":0,"y":0,"z":0},"Rotation":{"x":0,"y":0,"z":0},"IsGroupPosition":false,"GroupPositions":[],"IsAlwaysSpawn":false,"Root":"67cceab3687f716a680efc46","Items":[{"_id":"67cceab3687f716a680efc46","_tpl":"5909d5ef86f77467974efbd8","upd":{"StackObjectsCount":1}}]}},{"probability":1,"template":{"Id":"Lootable_00000","IsContainer":true,"useGravity":false,"randomRotation":false,"Position":{"x":0,"y":0,"z":0},"Rotation":{"x":0,"y":0,"z":0},"IsGroupPosition":false,"GroupPositions":[],"IsAlwaysSpawn":false,"Root":"67cceab3687f716a680efc52","Items":[{"_id":"67cceab3687f716a680efc52","_tpl":"578f8778245977358849a9b5","upd":{"StackObjectsCount":1}}]}},{"probability":0.34,"template":{"Id":"container_Factory_Rework_DesignStuff_00019","IsContainer":true,"useGravity":false,"randomRotation":false,"Position":{"x":0,"y":0,"z":0},"Rotation":{"x":0,"y":0,"z":0},"IsGroupPosition":false,"GroupPositions":[],"IsAlwaysSpawn":false,"Root":"67cceab3687f716a680efc6a","Items":[{"_id":"67cceab3687f716a680efc6a","_tpl":"5909d50c86f774659e6aaebe","upd":{"StackObjectsCount":1}}]}},{"probability":0.3,"template":{"Id":"container_Factory_Rework_DesignStuff_00110","IsContainer":true,"useGravity":false,"randomRotation":false,"Position":{"x":0,"y":0,"z":0},"Rotation":{"x":0,"y":0,"z":0},"IsGroupPosition":false,"GroupPositions":[],"IsAlwaysSpawn":false,"Root":"67cceab3687f716a680efc72","Items":[{"_id":"67cceab3687f716a680efc72","_tpl":"5909d50c86f774659e6aaebe","upd":{"StackObjectsCount":1}}]}},{"probability":0.52,"template":{"Id":"container_Factory_Rework_DesignStuff_00044","IsContainer":true,"useGravity":false,"randomRotation":false,"Position":{"x":0,"y":0,"z":0},"Rotation":{"x":0,"y":0,"z":0},"IsGroupPosition":false,"GroupPositions":[],"IsAlwaysSpawn":false,"Root":"67cceab3687f716a680efc76","Items":[{"_id":"67cceab3687f716a680efc76","_tpl":"578f87ad245977356274f2cc","upd":{"StackObjectsCount":1}}]}},{"probability":0.31,"template":{"Id":"container_Factory_Rework_DesignStuff_00060","IsContainer":true,"useGravity":false,"randomRotation":false,"Position":{"x":0,"y":0,"z":0},"Rotation":{"x":0,"y":0,"z":0},"IsGroupPosition":false,"GroupPositions":[],"IsAlwaysSpawn":false,"Root":"67cceab3687f716a680efc92","Items":[{"_id":"67cceab3687f716a680efc92","_tpl":"578f87ad245977356274f2cc","upd":{"StackObjectsCount":1}}]}},{"probability":0.29,"template":{"Id":"container_Factory_Rework_DesignStuff_00076","IsContainer":true,"useGravity":false,"randomRotation":false,"Position":{"x":0,"y":0,"z":0},"Rotation":{"x":0,"y":0,"z":0},"IsGroupPosition":false,"GroupPositions":[],"IsAlwaysSpawn":false,"Root":"67cceab3687f716a680efc96","Items":[{"_id":"67cceab3687f716a680efc96","_tpl":"5909d50c86f774659e6aaebe","upd":{"StackObjectsCount":1}}]}},{"probability":0.31,"template":{"Id":"container_Factory_Rework_DesignStuff_00086","IsContainer":true,"useGravity":false,"randomRotation":false,"Position":{"x":0,"y":0,"z":0},"Rotation":{"x":0,"y":0,"z":0},"IsGroupPosition":false,"GroupPositions":[],"IsAlwaysSpawn":false,"Root":"67cceab3687f716a680efca2","Items":[{"_id":"67cceab3687f716a680efca2","_tpl":"5909d50c86f774659e6aaebe","upd":{"StackObjectsCount":1}}]}},{"probability":0.29,"template":{"Id":"container_Factory_Rework_DesignStuff_00018","IsContainer":true,"useGravity":false,"randomRotation":false,"Position":{"x":0,"y":0,"z":0},"Rotation":{"x":0,"y":0,"z":0},"IsGroupPosition":false,"GroupPositions":[],"IsAlwaysSpawn":false,"Root":"67cceab3687f716a680efcaa","Items":[{"_id":"67cceab3687f716a680efcaa","_tpl":"5909d50c86f774659e6aaebe","upd":{"StackObjectsCount":1}}]}},{"probability":1,"template":{"Id":"Lootable_00004","IsContainer":true,"useGravity":false,"randomRotation":false,"Position":{"x":0,"y":0,"z":0},"Rotation":{"x":0,"y":0,"z":0},"IsGroupPosition":false,"GroupPositions":[],"IsAlwaysSpawn":true,"Root":"67cceab3687f716a680efcb0","Items":[{"_id":"67cceab3687f716a680efcb0","_tpl":"578f8782245977354405a1e3","upd":{"StackObjectsCount":1}}]}},{"probability":1,"template":{"Id":"container_Factory_Rework_DesignStuff_00038","IsContainer":true,"useGravity":false,"randomRotation":false,"Position":{"x":0,"y":0,"z":0},"Rotation":{"x":0,"y":0,"z":0},"IsGroupPosition":false,"GroupPositions":[],"IsAlwaysSpawn":false,"Root":"67cceab3687f716a680efcc0","Items":[{"_id":"67cceab3687f716a680efcc0","_tpl":"578f8778245977358849a9b5","upd":{"StackObjectsCount":1}}]}},{"probability":0.37,"template":{"Id":"container_Factory_Rework_DesignStuff_00022","IsContainer":true,"useGravity":false,"randomRotation":false,"Position":{"x":0,"y":0,"z":0},"Rotation":{"x":0,"y":0,"z":0},"IsGroupPosition":false,"GroupPositions":[],"IsAlwaysSpawn":false,"Root":"67cceab3687f716a680efcc4","Items":[{"_id":"67cceab3687f716a680efcc4","_tpl":"5909d24f86f77466f56e6855","upd":{"StackObjectsCount":1}}]}},{"probability":1,"template":{"Id":"container_Factory_Rework_DesignStuff_00027","IsContainer":true,"useGravity":false,"randomRotation":false,"Position":{"x":0,"y":0,"z":0},"Rotation":{"x":0,"y":0,"z":0},"IsGroupPosition":false,"GroupPositions":[],"IsAlwaysSpawn":true,"Root":"67cceab3687f716a680efcce","Items":[{"_id":"67cceab3687f716a680efcce","_tpl":"578f87b7245977356274f2cd","upd":{"StackObjectsCount":1}}]}},{"probability":0.23,"template":{"Id":"container_Factory_Rework_DesignStuff_00014","IsContainer":true,"useGravity":false,"randomRotation":false,"Position":{"x":0,"y":0,"z":0},"Rotation":{"x":0,"y":0,"z":0},"IsGroupPosition":false,"GroupPositions":[],"IsAlwaysSpawn":false,"Root":"67cceab3687f716a680efcd2","Items":[{"_id":"67cceab3687f716a680efcd2","_tpl":"578f87ad245977356274f2cc","upd":{"StackObjectsCount":1}}]}},{"probability":1,"template":{"Id":"container_Factory_Rework_Background_00003","IsContainer":true,"useGravity":false,"randomRotation":false,"Position":{"x":0,"y":0,"z":0},"Rotation":{"x":0,"y":0,"z":0},"IsGroupPosition":false,"GroupPositions":[],"IsAlwaysSpawn":false,"Root":"67cceab3687f716a680efcdc","Items":[{"_id":"67cceab3687f716a680efcdc","_tpl":"578f87ad245977356274f2cc","upd":{"StackObjectsCount":1}}]}},{"probability":0.36,"template":{"Id":"container_Factory_Rework_DesignStuff_00099","IsContainer":true,"useGravity":false,"randomRotation":false,"Position":{"x":0,"y":0,"z":0},"Rotation":{"x":0,"y":0,"z":0},"IsGroupPosition":false,"GroupPositions":[],"IsAlwaysSpawn":false,"Root":"67cceab3687f716a680efcea","Items":[{"_id":"67cceab3687f716a680efcea","_tpl":"5909d24f86f77466f56e6855","upd":{"StackObjectsCount":1}}]}},{"probability":1,"template":{"Id":"container_Factory_Rework_DesignStuff_00029","IsContainer":true,"useGravity":false,"randomRotation":false,"Position":{"x":0,"y":0,"z":0},"Rotation":{"x":0,"y":0,"z":0},"IsGroupPosition":false,"GroupPositions":[],"IsAlwaysSpawn":true,"Root":"67cceab3687f716a680efcf2","Items":[{"_id":"67cceab3687f716a680efcf2","_tpl":"578f87b7245977356274f2cd","upd":{"StackObjectsCount":1}}]}},{"probability":1,"template":{"Id":"container_Factory_Rework_DesignStuff_00147","IsContainer":true,"useGravity":false,"randomRotation":false,"Position":{"x":0,"y":0,"z":0},"Rotation":{"x":0,"y":0,"z":0},"IsGroupPosition":false,"GroupPositions":[],"IsAlwaysSpawn":false,"Root":"67cceab3687f716a680efcf6","Items":[{"_id":"67cceab3687f716a680efcf6","_tpl":"5909d50c86f774659e6aaebe","upd":{"StackObjectsCount":1}}]}},{"probability":0.4,"template":{"Id":"container_Factory_Rework_DesignStuff_00012","IsContainer":true,"useGravity":false,"randomRotation":false,"Position":{"x":0,"y":0,"z":0},"Rotation":{"x":0,"y":0,"z":0},"IsGroupPosition":false,"GroupPositions":[],"IsAlwaysSpawn":false,"Root":"67cceab3687f716a680efd00","Items":[{"_id":"67cceab3687f716a680efd00","_tpl":"578f87ad245977356274f2cc","upd":{"StackObjectsCount":1}}]}},{"probability":1,"template":{"Id":"container_Factory_Rework_Background_00001","IsContainer":true,"useGravity":false,"randomRotation":false,"Position":{"x":0,"y":0,"z":0},"Rotation":{"x":0,"y":0,"z":0},"IsGroupPosition":false,"GroupPositions":[],"IsAlwaysSpawn":false,"Root":"67cceab3687f716a680efd0c","Items":[{"_id":"67cceab3687f716a680efd0c","_tpl":"578f87ad245977356274f2cc","upd":{"StackObjectsCount":1}}]}},{"probability":1,"template":{"Id":"container_Factory_Rework_DesignStuff_00004","IsContainer":true,"useGravity":false,"randomRotation":false,"Position":{"x":0,"y":0,"z":0},"Rotation":{"x":0,"y":0,"z":0},"IsGroupPosition":false,"GroupPositions":[],"IsAlwaysSpawn":false,"Root":"67cceab3687f716a680efd1c","Items":[{"_id":"67cceab3687f716a680efd1c","_tpl":"6582e6d7b14c3f72eb071420","upd":{"StackObjectsCount":1}}]}},{"probability":0.34,"template":{"Id":"container_Factory_Rework_DesignStuff_00023","IsContainer":true,"useGravity":false,"randomRotation":false,"Position":{"x":0,"y":0,"z":0},"Rotation":{"x":0,"y":0,"z":0},"IsGroupPosition":false,"GroupPositions":[],"IsAlwaysSpawn":false,"Root":"67cceab3687f716a680efd20","Items":[{"_id":"67cceab3687f716a680efd20","_tpl":"5909d24f86f77466f56e6855","upd":{"StackObjectsCount":1}}]}},{"probability":0.33,"template":{"Id":"container_Factory_Rework_DesignStuff_00143","IsContainer":true,"useGravity":false,"randomRotation":false,"Position":{"x":0,"y":0,"z":0},"Rotation":{"x":0,"y":0,"z":0},"IsGroupPosition":false,"GroupPositions":[],"IsAlwaysSpawn":false,"Root":"67cceab3687f716a680efd28","Items":[{"_id":"67cceab3687f716a680efd28","_tpl":"578f87ad245977356274f2cc","upd":{"StackObjectsCount":1}}]}},{"probability":0.51,"template":{"Id":"container_Factory_Rework_DesignStuff_00056","IsContainer":true,"useGravity":false,"randomRotation":false,"Position":{"x":0,"y":0,"z":0},"Rotation":{"x":0,"y":0,"z":0},"IsGroupPosition":false,"GroupPositions":[],"IsAlwaysSpawn":false,"Root":"67cceab3687f716a680efd2e","Items":[{"_id":"67cceab3687f716a680efd2e","_tpl":"578f87ad245977356274f2cc","upd":{"StackObjectsCount":1}}]}},{"probability":0.35,"template":{"Id":"container_Factory_Rework_DesignStuff_00090","IsContainer":true,"useGravity":false,"randomRotation":false,"Position":{"x":0,"y":0,"z":0},"Rotation":{"x":0,"y":0,"z":0},"IsGroupPosition":false,"GroupPositions":[],"IsAlwaysSpawn":false,"Root":"67cceab3687f716a680efd36","Items":[{"_id":"67cceab3687f716a680efd36","_tpl":"5909d50c86f774659e6aaebe","upd":{"StackObjectsCount":1}}]}},{"probability":1,"template":{"Id":"container_Factory_Rework_DesignStuff_00129","IsContainer":true,"useGravity":false,"randomRotation":false,"Position":{"x":0,"y":0,"z":0},"Rotation":{"x":0,"y":0,"z":0},"IsGroupPosition":false,"GroupPositions":[],"IsAlwaysSpawn":false,"Root":"67cceab3687f716a680efd3a","Items":[{"_id":"67cceab3687f716a680efd3a","_tpl":"578f87a3245977356274f2cb","upd":{"StackObjectsCount":1}}]}},{"probability":0.68,"template":{"Id":"container_Factory_Rework_DesignStuff_00137","IsContainer":true,"useGravity":false,"randomRotation":false,"Position":{"x":0,"y":0,"z":0},"Rotation":{"x":0,"y":0,"z":0},"IsGroupPosition":false,"GroupPositions":[],"IsAlwaysSpawn":true,"Root":"67cceab3687f716a680efd3e","Items":[{"_id":"67cceab3687f716a680efd3e","_tpl":"66acff0a1d8e1083b303f5af","upd":{"StackObjectsCount":1}}]}},{"probability":1,"template":{"Id":"container_Factory_Rework_DesignStuff_00032","IsContainer":true,"useGravity":false,"randomRotation":false,"Position":{"x":0,"y":0,"z":0},"Rotation":{"x":0,"y":0,"z":0},"IsGroupPosition":false,"GroupPositions":[],"IsAlwaysSpawn":false,"Root":"67cceab3687f716a680efd51","Items":[{"_id":"67cceab3687f716a680efd51","_tpl":"578f8778245977358849a9b5","upd":{"StackObjectsCount":1}}]}},{"probability":1,"template":{"Id":"Lootable_00002","IsContainer":true,"useGravity":false,"randomRotation":false,"Position":{"x":0,"y":0,"z":0},"Rotation":{"x":0,"y":0,"z":0},"IsGroupPosition":false,"GroupPositions":[],"IsAlwaysSpawn":false,"Root":"67cceab3687f716a680efd5b","Items":[{"_id":"67cceab3687f716a680efd5b","_tpl":"578f8778245977358849a9b5","upd":{"StackObjectsCount":1}}]}},{"probability":1,"template":{"Id":"Lootable_00005","IsContainer":true,"useGravity":false,"randomRotation":false,"Position":{"x":0,"y":0,"z":0},"Rotation":{"x":0,"y":0,"z":0},"IsGroupPosition":false,"GroupPositions":[],"IsAlwaysSpawn":true,"Root":"67cceab3687f716a680efd5f","Items":[{"_id":"67cceab3687f716a680efd5f","_tpl":"578f87b7245977356274f2cd","upd":{"StackObjectsCount":1}}]}},{"probability":1,"template":{"Id":"container_Factory_Rework_DesignStuff_00127","IsContainer":true,"useGravity":false,"randomRotation":false,"Position":{"x":0,"y":0,"z":0},"Rotation":{"x":0,"y":0,"z":0},"IsGroupPosition":false,"GroupPositions":[],"IsAlwaysSpawn":false,"Root":"67cceab3687f716a680efd63","Items":[{"_id":"67cceab3687f716a680efd63","_tpl":"5909d50c86f774659e6aaebe","upd":{"StackObjectsCount":1}}]}},{"probability":0.28,"template":{"Id":"container_Factory_Rework_DesignStuff_00069","IsContainer":true,"useGravity":false,"randomRotation":false,"Position":{"x":0,"y":0,"z":0},"Rotation":{"x":0,"y":0,"z":0},"IsGroupPosition":false,"GroupPositions":[],"IsAlwaysSpawn":false,"Root":"67ccfd74431dbf46c50aadac","Items":[{"_id":"67ccfd74431dbf46c50aadac","_tpl":"5909d50c86f774659e6aaebe","upd":{"StackObjectsCount":1}}]}},{"probability":0.4,"template":{"Id":"container_Factory_Rework_DesignStuff_00095","IsContainer":true,"useGravity":false,"randomRotation":false,"Position":{"x":0,"y":0,"z":0},"Rotation":{"x":0,"y":0,"z":0},"IsGroupPosition":false,"GroupPositions":[],"IsAlwaysSpawn":false,"Root":"67ccfd74431dbf46c50aadc0","Items":[{"_id":"67ccfd74431dbf46c50aadc0","_tpl":"578f87a3245977356274f2cb","upd":{"StackObjectsCount":1}}]}},{"probability":0.28,"template":{"Id":"container_Factory_Rework_DesignStuff_00085","IsContainer":true,"useGravity":false,"randomRotation":false,"Position":{"x":0,"y":0,"z":0},"Rotation":{"x":0,"y":0,"z":0},"IsGroupPosition":false,"GroupPositions":[],"IsAlwaysSpawn":false,"Root":"67ccfd74431dbf46c50aadf4","Items":[{"_id":"67ccfd74431dbf46c50aadf4","_tpl":"5909d36d86f774660f0bb900","upd":{"StackObjectsCount":1}}]}},{"probability":0.31,"template":{"Id":"container_Factory_Rework_DesignStuff_00121","IsContainer":true,"useGravity":false,"randomRotation":false,"Position":{"x":0,"y":0,"z":0},"Rotation":{"x":0,"y":0,"z":0},"IsGroupPosition":false,"GroupPositions":[],"IsAlwaysSpawn":false,"Root":"67ccfd74431dbf46c50aae00","Items":[{"_id":"67ccfd74431dbf46c50aae00","_tpl":"578f87ad245977356274f2cc","upd":{"StackObjectsCount":1}}]}},{"probability":0.33,"template":{"Id":"container_Factory_Rework_DesignStuff_00053","IsContainer":true,"useGravity":false,"randomRotation":false,"Position":{"x":0,"y":0,"z":0},"Rotation":{"x":0,"y":0,"z":0},"IsGroupPosition":false,"GroupPositions":[],"IsAlwaysSpawn":false,"Root":"67ccfd74431dbf46c50aae22","Items":[{"_id":"67ccfd74431dbf46c50aae22","_tpl":"578f87ad245977356274f2cc","upd":{"StackObjectsCount":1}}]}},{"probability":0.42,"template":{"Id":"container_Factory_Rework_DesignStuff_00074","IsContainer":true,"useGravity":false,"randomRotation":false,"Position":{"x":0,"y":0,"z":0},"Rotation":{"x":0,"y":0,"z":0},"IsGroupPosition":false,"GroupPositions":[],"IsAlwaysSpawn":false,"Root":"67ccfd74431dbf46c50aae2a","Items":[{"_id":"67ccfd74431dbf46c50aae2a","_tpl":"5909d5ef86f77467974efbd8","upd":{"StackObjectsCount":1}}]}},{"probability":0.4,"template":{"Id":"container_Factory_Rework_DesignStuff_00112","IsContainer":true,"useGravity":false,"randomRotation":false,"Position":{"x":0,"y":0,"z":0},"Rotation":{"x":0,"y":0,"z":0},"IsGroupPosition":false,"GroupPositions":[],"IsAlwaysSpawn":true,"Root":"67ccfd74431dbf46c50aae74","Items":[{"_id":"67ccfd74431dbf46c50aae74","_tpl":"5909d76c86f77471e53d2adf","upd":{"StackObjectsCount":1}}]}},{"probability":0.35,"template":{"Id":"container_Factory_Rework_DesignStuff_00080","IsContainer":true,"useGravity":false,"randomRotation":false,"Position":{"x":0,"y":0,"z":0},"Rotation":{"x":0,"y":0,"z":0},"IsGroupPosition":false,"GroupPositions":[],"IsAlwaysSpawn":false,"Root":"67ccfd74431dbf46c50aae91","Items":[{"_id":"67ccfd74431dbf46c50aae91","_tpl":"578f87ad245977356274f2cc","upd":{"StackObjectsCount":1}}]}},{"probability":0.32,"template":{"Id":"container_Factory_Rework_DesignStuff_00045","IsContainer":true,"useGravity":false,"randomRotation":false,"Position":{"x":0,"y":0,"z":0},"Rotation":{"x":0,"y":0,"z":0},"IsGroupPosition":false,"GroupPositions":[],"IsAlwaysSpawn":false,"Root":"67ccfd74431dbf46c50aaeb2","Items":[{"_id":"67ccfd74431dbf46c50aaeb2","_tpl":"578f87ad245977356274f2cc","upd":{"StackObjectsCount":1}}]}},{"probability":0.42,"template":{"Id":"container_Factory_Rework_DesignStuff_00109","IsContainer":true,"useGravity":false,"randomRotation":false,"Position":{"x":0,"y":0,"z":0},"Rotation":{"x":0,"y":0,"z":0},"IsGroupPosition":false,"GroupPositions":[],"IsAlwaysSpawn":true,"Root":"67ccfd74431dbf46c50aaec6","Items":[{"_id":"67ccfd74431dbf46c50aaec6","_tpl":"5909d76c86f77471e53d2adf","upd":{"StackObjectsCount":1}}]}},{"probability":0.23,"template":{"Id":"container_Factory_Rework_DesignStuff_00062","IsContainer":true,"useGravity":false,"randomRotation":false,"Position":{"x":0,"y":0,"z":0},"Rotation":{"x":0,"y":0,"z":0},"IsGroupPosition":false,"GroupPositions":[],"IsAlwaysSpawn":false,"Root":"67ccfd74431dbf46c50aaf13","Items":[{"_id":"67ccfd74431dbf46c50aaf13","_tpl":"578f87ad245977356274f2cc","upd":{"StackObjectsCount":1}}]}},{"probability":0.66,"template":{"Id":"container_Factory_Rework_DesignStuff_00148","IsContainer":true,"useGravity":false,"randomRotation":false,"Position":{"x":0,"y":0,"z":0},"Rotation":{"x":0,"y":0,"z":0},"IsGroupPosition":false,"GroupPositions":[],"IsAlwaysSpawn":true,"Root":"67ccfd74431dbf46c50aaf21","Items":[{"_id":"67ccfd74431dbf46c50aaf21","_tpl":"66acff0a1d8e1083b303f5af","upd":{"StackObjectsCount":1}}]}},{"probability":0.25,"template":{"Id":"container_Factory_Rework_DesignStuff_00016","IsContainer":true,"useGravity":false,"randomRotation":false,"Position":{"x":0,"y":0,"z":0},"Rotation":{"x":0,"y":0,"z":0},"IsGroupPosition":false,"GroupPositions":[],"IsAlwaysSpawn":false,"Root":"67ccfd74431dbf46c50aaf39","Items":[{"_id":"67ccfd74431dbf46c50aaf39","_tpl":"578f87ad245977356274f2cc","upd":{"StackObjectsCount":1}}]}},{"probability":0.34,"template":{"Id":"container_Factory_Rework_DesignStuff_00117","IsContainer":true,"useGravity":false,"randomRotation":false,"Position":{"x":0,"y":0,"z":0},"Rotation":{"x":0,"y":0,"z":0},"IsGroupPosition":false,"GroupPositions":[],"IsAlwaysSpawn":false,"Root":"67ccfd74431dbf46c50aaf4d","Items":[{"_id":"67ccfd74431dbf46c50aaf4d","_tpl":"578f87ad245977356274f2cc","upd":{"StackObjectsCount":1}}]}},{"probability":0.31,"template":{"Id":"container_Factory_Rework_DesignStuff_00118","IsContainer":true,"useGravity":false,"randomRotation":false,"Position":{"x":0,"y":0,"z":0},"Rotation":{"x":0,"y":0,"z":0},"IsGroupPosition":false,"GroupPositions":[],"IsAlwaysSpawn":false,"Root":"67ccfd74431dbf46c50aaf51","Items":[{"_id":"67ccfd74431dbf46c50aaf51","_tpl":"578f87ad245977356274f2cc","upd":{"StackObjectsCount":1}}]}},{"probability":0.51,"template":{"Id":"container_Factory_Rework_DesignStuff_00055","IsContainer":true,"useGravity":false,"randomRotation":false,"Position":{"x":0,"y":0,"z":0},"Rotation":{"x":0,"y":0,"z":0},"IsGroupPosition":false,"GroupPositions":[],"IsAlwaysSpawn":false,"Root":"67ccfd74431dbf46c50aaf75","Items":[{"_id":"67ccfd74431dbf46c50aaf75","_tpl":"578f87ad245977356274f2cc","upd":{"StackObjectsCount":1}}]}},{"probability":0.43,"template":{"Id":"container_Test_for_export_00000","IsContainer":true,"useGravity":false,"randomRotation":false,"Position":{"x":0,"y":0,"z":0},"Rotation":{"x":0,"y":0,"z":0},"IsGroupPosition":false,"GroupPositions":[],"IsAlwaysSpawn":false,"Root":"67ccfd74431dbf46c50aafa4","Items":[{"_id":"67ccfd74431dbf46c50aafa4","_tpl":"578f87a3245977356274f2cb","upd":{"StackObjectsCount":1}}]}},{"probability":0.26,"template":{"Id":"container_Factory_Rework_DesignStuff_00041","IsContainer":true,"useGravity":false,"randomRotation":false,"Position":{"x":0,"y":0,"z":0},"Rotation":{"x":0,"y":0,"z":0},"IsGroupPosition":false,"GroupPositions":[],"IsAlwaysSpawn":false,"Root":"67ccfd74431dbf46c50aafba","Items":[{"_id":"67ccfd74431dbf46c50aafba","_tpl":"5909d36d86f774660f0bb900","upd":{"StackObjectsCount":1}}]}},{"probability":0.29,"template":{"Id":"container_Factory_Rework_DesignStuff_00103","IsContainer":true,"useGravity":false,"randomRotation":false,"Position":{"x":0,"y":0,"z":0},"Rotation":{"x":0,"y":0,"z":0},"IsGroupPosition":false,"GroupPositions":[],"IsAlwaysSpawn":false,"Root":"67ccfd74431dbf46c50aafcc","Items":[{"_id":"67ccfd74431dbf46c50aafcc","_tpl":"578f87ad245977356274f2cc","upd":{"StackObjectsCount":1}}]}},{"probability":0.44,"template":{"Id":"container_Factory_Rework_DesignStuff_00088","IsContainer":true,"useGravity":false,"randomRotation":false,"Position":{"x":0,"y":0,"z":0},"Rotation":{"x":0,"y":0,"z":0},"IsGroupPosition":false,"GroupPositions":[],"IsAlwaysSpawn":false,"Root":"67ccfd74431dbf46c50aaffe","Items":[{"_id":"67ccfd74431dbf46c50aaffe","_tpl":"578f87a3245977356274f2cb","upd":{"StackObjectsCount":1}}]}},{"probability":0.34,"template":{"Id":"container_Factory_Rework_DesignStuff_00077","IsContainer":true,"useGravity":false,"randomRotation":false,"Position":{"x":0,"y":0,"z":0},"Rotation":{"x":0,"y":0,"z":0},"IsGroupPosition":false,"GroupPositions":[],"IsAlwaysSpawn":false,"Root":"67ccfd74431dbf46c50ab002","Items":[{"_id":"67ccfd74431dbf46c50ab002","_tpl":"5909d50c86f774659e6aaebe","upd":{"StackObjectsCount":1}}]}},{"probability":0.3,"template":{"Id":"container_Factory_Rework_DesignStuff_00058","IsContainer":true,"useGravity":false,"randomRotation":false,"Position":{"x":0,"y":0,"z":0},"Rotation":{"x":0,"y":0,"z":0},"IsGroupPosition":false,"GroupPositions":[],"IsAlwaysSpawn":false,"Root":"67ccfd74431dbf46c50ab012","Items":[{"_id":"67ccfd74431dbf46c50ab012","_tpl":"578f87ad245977356274f2cc","upd":{"StackObjectsCount":1}}]}},{"probability":0.38,"template":{"Id":"container_Factory_Rework_DesignStuff_00100","IsContainer":true,"useGravity":false,"randomRotation":false,"Position":{"x":0,"y":0,"z":0},"Rotation":{"x":0,"y":0,"z":0},"IsGroupPosition":false,"GroupPositions":[],"IsAlwaysSpawn":false,"Root":"67ccfd74431dbf46c50ab033","Items":[{"_id":"67ccfd74431dbf46c50ab033","_tpl":"5909d24f86f77466f56e6855","upd":{"StackObjectsCount":1}}]}},{"probability":0.35,"template":{"Id":"container_Factory_Rework_DesignStuff_00013","IsContainer":true,"useGravity":false,"randomRotation":false,"Position":{"x":0,"y":0,"z":0},"Rotation":{"x":0,"y":0,"z":0},"IsGroupPosition":false,"GroupPositions":[],"IsAlwaysSpawn":false,"Root":"67cd047b9c14f35d0d0ae312","Items":[{"_id":"67cd047b9c14f35d0d0ae312","_tpl":"578f87ad245977356274f2cc","upd":{"StackObjectsCount":1}}]}},{"probability":0.39,"template":{"Id":"container_Factory_Rework_DesignStuff_00021","IsContainer":true,"useGravity":false,"randomRotation":false,"Position":{"x":0,"y":0,"z":0},"Rotation":{"x":0,"y":0,"z":0},"IsGroupPosition":false,"GroupPositions":[],"IsAlwaysSpawn":false,"Root":"67cd047b9c14f35d0d0ae344","Items":[{"_id":"67cd047b9c14f35d0d0ae344","_tpl":"5909d24f86f77466f56e6855","upd":{"StackObjectsCount":1}}]}},{"probability":0.32,"template":{"Id":"container_Factory_Rework_DesignStuff_00133","IsContainer":true,"useGravity":false,"randomRotation":false,"Position":{"x":0,"y":0,"z":0},"Rotation":{"x":0,"y":0,"z":0},"IsGroupPosition":false,"GroupPositions":[],"IsAlwaysSpawn":false,"Root":"67cd047b9c14f35d0d0ae34a","Items":[{"_id":"67cd047b9c14f35d0d0ae34a","_tpl":"5909d36d86f774660f0bb900","upd":{"StackObjectsCount":1}}]}},{"probability":0.33,"template":{"Id":"container_Factory_Rework_DesignStuff_00104","IsContainer":true,"useGravity":false,"randomRotation":false,"Position":{"x":0,"y":0,"z":0},"Rotation":{"x":0,"y":0,"z":0},"IsGroupPosition":false,"GroupPositions":[],"IsAlwaysSpawn":false,"Root":"67cd047b9c14f35d0d0ae3a2","Items":[{"_id":"67cd047b9c14f35d0d0ae3a2","_tpl":"5909d50c86f774659e6aaebe","upd":{"StackObjectsCount":1}}]}},{"probability":0.22,"template":{"Id":"container_Factory_Rework_DesignStuff_00065","IsContainer":true,"useGravity":false,"randomRotation":false,"Position":{"x":0,"y":0,"z":0},"Rotation":{"x":0,"y":0,"z":0},"IsGroupPosition":false,"GroupPositions":[],"IsAlwaysSpawn":false,"Root":"67cd047b9c14f35d0d0ae3ba","Items":[{"_id":"67cd047b9c14f35d0d0ae3ba","_tpl":"578f87ad245977356274f2cc","upd":{"StackObjectsCount":1}}]}},{"probability":0.3,"template":{"Id":"container_Factory_Rework_DesignStuff_00024","IsContainer":true,"useGravity":false,"randomRotation":false,"Position":{"x":0,"y":0,"z":0},"Rotation":{"x":0,"y":0,"z":0},"IsGroupPosition":false,"GroupPositions":[],"IsAlwaysSpawn":false,"Root":"67cd047b9c14f35d0d0ae3d8","Items":[{"_id":"67cd047b9c14f35d0d0ae3d8","_tpl":"578f87ad245977356274f2cc","upd":{"StackObjectsCount":1}}]}},{"probability":0.34,"template":{"Id":"container_Factory_Rework_DesignStuff_00081","IsContainer":true,"useGravity":false,"randomRotation":false,"Position":{"x":0,"y":0,"z":0},"Rotation":{"x":0,"y":0,"z":0},"IsGroupPosition":false,"GroupPositions":[],"IsAlwaysSpawn":false,"Root":"67cd047b9c14f35d0d0ae3f3","Items":[{"_id":"67cd047b9c14f35d0d0ae3f3","_tpl":"578f87ad245977356274f2cc","upd":{"StackObjectsCount":1}}]}},{"probability":0.41,"template":{"Id":"container_Factory_Rework_DesignStuff_00005","IsContainer":true,"useGravity":false,"randomRotation":false,"Position":{"x":0,"y":0,"z":0},"Rotation":{"x":0,"y":0,"z":0},"IsGroupPosition":false,"GroupPositions":[],"IsAlwaysSpawn":false,"Root":"67cd047b9c14f35d0d0ae407","Items":[{"_id":"67cd047b9c14f35d0d0ae407","_tpl":"5909d5ef86f77467974efbd8","upd":{"StackObjectsCount":1}}]}},{"probability":0.34,"template":{"Id":"container_Factory_Rework_DesignStuff_00132","IsContainer":true,"useGravity":false,"randomRotation":false,"Position":{"x":0,"y":0,"z":0},"Rotation":{"x":0,"y":0,"z":0},"IsGroupPosition":false,"GroupPositions":[],"IsAlwaysSpawn":false,"Root":"67cd047b9c14f35d0d0ae41d","Items":[{"_id":"67cd047b9c14f35d0d0ae41d","_tpl":"578f87ad245977356274f2cc","upd":{"StackObjectsCount":1}}]}},{"probability":0.22,"template":{"Id":"container_Factory_Rework_DesignStuff_00051","IsContainer":true,"useGravity":false,"randomRotation":false,"Position":{"x":0,"y":0,"z":0},"Rotation":{"x":0,"y":0,"z":0},"IsGroupPosition":false,"GroupPositions":[],"IsAlwaysSpawn":false,"Root":"67cd047b9c14f35d0d0ae441","Items":[{"_id":"67cd047b9c14f35d0d0ae441","_tpl":"578f87ad245977356274f2cc","upd":{"StackObjectsCount":1}}]}},{"probability":0.28,"template":{"Id":"Lootable_00003","IsContainer":true,"useGravity":false,"randomRotation":false,"Position":{"x":0,"y":0,"z":0},"Rotation":{"x":0,"y":0,"z":0},"IsGroupPosition":false,"GroupPositions":[],"IsAlwaysSpawn":false,"Root":"67cd047b9c14f35d0d0ae49a","Items":[{"_id":"67cd047b9c14f35d0d0ae49a","_tpl":"578f87ad245977356274f2cc","upd":{"StackObjectsCount":1}}]}},{"probability":0.33,"template":{"Id":"container_Factory_Rework_DesignStuff_00139","IsContainer":true,"useGravity":false,"randomRotation":false,"Position":{"x":0,"y":0,"z":0},"Rotation":{"x":0,"y":0,"z":0},"IsGroupPosition":false,"GroupPositions":[],"IsAlwaysSpawn":false,"Root":"67cd047b9c14f35d0d0ae4ac","Items":[{"_id":"67cd047b9c14f35d0d0ae4ac","_tpl":"578f87ad245977356274f2cc","upd":{"StackObjectsCount":1}}]}},{"probability":0.4,"template":{"Id":"container_Factory_Rework_DesignStuff_00010","IsContainer":true,"useGravity":false,"randomRotation":false,"Position":{"x":0,"y":0,"z":0},"Rotation":{"x":0,"y":0,"z":0},"IsGroupPosition":false,"GroupPositions":[],"IsAlwaysSpawn":true,"Root":"67cd047b9c14f35d0d0ae4c2","Items":[{"_id":"67cd047b9c14f35d0d0ae4c2","_tpl":"5909d76c86f77471e53d2adf","upd":{"StackObjectsCount":1}}]}},{"probability":0.53,"template":{"Id":"container_Factory_Rework_DesignStuff_00042","IsContainer":true,"useGravity":false,"randomRotation":false,"Position":{"x":0,"y":0,"z":0},"Rotation":{"x":0,"y":0,"z":0},"IsGroupPosition":false,"GroupPositions":[],"IsAlwaysSpawn":false,"Root":"67cd047b9c14f35d0d0ae4ce","Items":[{"_id":"67cd047b9c14f35d0d0ae4ce","_tpl":"578f87ad245977356274f2cc","upd":{"StackObjectsCount":1}}]}},{"probability":0.46,"template":{"Id":"container_Factory_Rework_DesignStuff_00001","IsContainer":true,"useGravity":false,"randomRotation":false,"Position":{"x":0,"y":0,"z":0},"Rotation":{"x":0,"y":0,"z":0},"IsGroupPosition":false,"GroupPositions":[],"IsAlwaysSpawn":false,"Root":"67cd047b9c14f35d0d0ae4d4","Items":[{"_id":"67cd047b9c14f35d0d0ae4d4","_tpl":"5909d5ef86f77467974efbd8","upd":{"StackObjectsCount":1}}]}},{"probability":0.43,"template":{"Id":"container_Factory_Rework_DesignStuff_00073","IsContainer":true,"useGravity":false,"randomRotation":false,"Position":{"x":0,"y":0,"z":0},"Rotation":{"x":0,"y":0,"z":0},"IsGroupPosition":false,"GroupPositions":[],"IsAlwaysSpawn":false,"Root":"67cd047b9c14f35d0d0ae536","Items":[{"_id":"67cd047b9c14f35d0d0ae536","_tpl":"578f87a3245977356274f2cb","upd":{"StackObjectsCount":1}}]}},{"probability":0.32,"template":{"Id":"container_Factory_Rework_DesignStuff_00078","IsContainer":true,"useGravity":false,"randomRotation":false,"Position":{"x":0,"y":0,"z":0},"Rotation":{"x":0,"y":0,"z":0},"IsGroupPosition":false,"GroupPositions":[],"IsAlwaysSpawn":false,"Root":"67cd047b9c14f35d0d0ae55c","Items":[{"_id":"67cd047b9c14f35d0d0ae55c","_tpl":"578f87ad245977356274f2cc","upd":{"StackObjectsCount":1}}]}},{"probability":0.34,"template":{"Id":"container_Factory_Rework_DesignStuff_00092","IsContainer":true,"useGravity":false,"randomRotation":false,"Position":{"x":0,"y":0,"z":0},"Rotation":{"x":0,"y":0,"z":0},"IsGroupPosition":false,"GroupPositions":[],"IsAlwaysSpawn":false,"Root":"67cd047b9c14f35d0d0ae56d","Items":[{"_id":"67cd047b9c14f35d0d0ae56d","_tpl":"5909d50c86f774659e6aaebe","upd":{"StackObjectsCount":1}}]}},{"probability":0.4,"template":{"Id":"container_Factory_Rework_DesignStuff_00070","IsContainer":true,"useGravity":false,"randomRotation":false,"Position":{"x":0,"y":0,"z":0},"Rotation":{"x":0,"y":0,"z":0},"IsGroupPosition":false,"GroupPositions":[],"IsAlwaysSpawn":false,"Root":"67cd047b9c14f35d0d0ae585","Items":[{"_id":"67cd047b9c14f35d0d0ae585","_tpl":"578f87ad245977356274f2cc","upd":{"StackObjectsCount":1}}]}},{"probability":0.24,"template":{"Id":"container_Factory_Rework_DesignStuff_00046","IsContainer":true,"useGravity":false,"randomRotation":false,"Position":{"x":0,"y":0,"z":0},"Rotation":{"x":0,"y":0,"z":0},"IsGroupPosition":false,"GroupPositions":[],"IsAlwaysSpawn":false,"Root":"67cd047b9c14f35d0d0ae58f","Items":[{"_id":"67cd047b9c14f35d0d0ae58f","_tpl":"578f87ad245977356274f2cc","upd":{"StackObjectsCount":1}}]}},{"probability":0.31,"template":{"Id":"container_Factory_Rework_DesignStuff_00082","IsContainer":true,"useGravity":false,"randomRotation":false,"Position":{"x":0,"y":0,"z":0},"Rotation":{"x":0,"y":0,"z":0},"IsGroupPosition":false,"GroupPositions":[],"IsAlwaysSpawn":false,"Root":"67ccffca8048981f5f0d7da9","Items":[{"_id":"67ccffca8048981f5f0d7da9","_tpl":"578f87ad245977356274f2cc","upd":{"StackObjectsCount":1}}]}},{"probability":0.34,"template":{"Id":"container_Factory_Rework_DesignStuff_00115","IsContainer":true,"useGravity":false,"randomRotation":false,"Position":{"x":0,"y":0,"z":0},"Rotation":{"x":0,"y":0,"z":0},"IsGroupPosition":false,"GroupPositions":[],"IsAlwaysSpawn":false,"Root":"67ccffca8048981f5f0d7ddd","Items":[{"_id":"67ccffca8048981f5f0d7ddd","_tpl":"5909d50c86f774659e6aaebe","upd":{"StackObjectsCount":1}}]}},{"probability":0.39,"template":{"Id":"container_Factory_Rework_DesignStuff_00114","IsContainer":true,"useGravity":false,"randomRotation":false,"Position":{"x":0,"y":0,"z":0},"Rotation":{"x":0,"y":0,"z":0},"IsGroupPosition":false,"GroupPositions":[],"IsAlwaysSpawn":false,"Root":"67ccffca8048981f5f0d7e01","Items":[{"_id":"67ccffca8048981f5f0d7e01","_tpl":"5909d24f86f77466f56e6855","upd":{"StackObjectsCount":1}}]}},{"probability":0.29,"template":{"Id":"container_Factory_Rework_DesignStuff_00084","IsContainer":true,"useGravity":false,"randomRotation":false,"Position":{"x":0,"y":0,"z":0},"Rotation":{"x":0,"y":0,"z":0},"IsGroupPosition":false,"GroupPositions":[],"IsAlwaysSpawn":false,"Root":"67ccffca8048981f5f0d7e55","Items":[{"_id":"67ccffca8048981f5f0d7e55","_tpl":"5909d36d86f774660f0bb900","upd":{"StackObjectsCount":1}}]}},{"probability":0.36,"template":{"Id":"container_Factory_Rework_DesignStuff_00146","IsContainer":true,"useGravity":false,"randomRotation":false,"Position":{"x":0,"y":0,"z":0},"Rotation":{"x":0,"y":0,"z":0},"IsGroupPosition":false,"GroupPositions":[],"IsAlwaysSpawn":false,"Root":"67ccffca8048981f5f0d7e8f","Items":[{"_id":"67ccffca8048981f5f0d7e8f","_tpl":"578f87ad245977356274f2cc","upd":{"StackObjectsCount":1}}]}},{"probability":0.35,"template":{"Id":"container_Factory_Rework_DesignStuff_00134","IsContainer":true,"useGravity":false,"randomRotation":false,"Position":{"x":0,"y":0,"z":0},"Rotation":{"x":0,"y":0,"z":0},"IsGroupPosition":false,"GroupPositions":[],"IsAlwaysSpawn":false,"Root":"67ccffca8048981f5f0d7f09","Items":[{"_id":"67ccffca8048981f5f0d7f09","_tpl":"5909d50c86f774659e6aaebe","upd":{"StackObjectsCount":1}}]}},{"probability":0.37,"template":{"Id":"container_Factory_Rework_DesignStuff_00141","IsContainer":true,"useGravity":false,"randomRotation":false,"Position":{"x":0,"y":0,"z":0},"Rotation":{"x":0,"y":0,"z":0},"IsGroupPosition":false,"GroupPositions":[],"IsAlwaysSpawn":false,"Root":"67ccffca8048981f5f0d7f61","Items":[{"_id":"67ccffca8048981f5f0d7f61","_tpl":"578f87ad245977356274f2cc","upd":{"StackObjectsCount":1}}]}},{"probability":0.4,"template":{"Id":"container_Factory_Rework_DesignStuff_00002","IsContainer":true,"useGravity":false,"randomRotation":false,"Position":{"x":0,"y":0,"z":0},"Rotation":{"x":0,"y":0,"z":0},"IsGroupPosition":false,"GroupPositions":[],"IsAlwaysSpawn":false,"Root":"67ccffca8048981f5f0d7fa1","Items":[{"_id":"67ccffca8048981f5f0d7fa1","_tpl":"5909d5ef86f77467974efbd8","upd":{"StackObjectsCount":1}}]}},{"probability":0.47,"template":{"Id":"container_Factory_Rework_DesignStuff_00108","IsContainer":true,"useGravity":false,"randomRotation":false,"Position":{"x":0,"y":0,"z":0},"Rotation":{"x":0,"y":0,"z":0},"IsGroupPosition":false,"GroupPositions":[],"IsAlwaysSpawn":false,"Root":"67ccffca8048981f5f0d8037","Items":[{"_id":"67ccffca8048981f5f0d8037","_tpl":"578f87a3245977356274f2cb","upd":{"StackObjectsCount":1}}]}},{"probability":0.43,"template":{"Id":"container_Factory_Rework_DesignStuff_00098","IsContainer":true,"useGravity":false,"randomRotation":false,"Position":{"x":0,"y":0,"z":0},"Rotation":{"x":0,"y":0,"z":0},"IsGroupPosition":false,"GroupPositions":[],"IsAlwaysSpawn":false,"Root":"67ccf66cd99a02bef4090b65","Items":[{"_id":"67ccf66cd99a02bef4090b65","_tpl":"578f87a3245977356274f2cb","upd":{"StackObjectsCount":1}}]}},{"probability":0.31,"template":{"Id":"container_Factory_Rework_DesignStuff_00093","IsContainer":true,"useGravity":false,"randomRotation":false,"Position":{"x":0,"y":0,"z":0},"Rotation":{"x":0,"y":0,"z":0},"IsGroupPosition":false,"GroupPositions":[],"IsAlwaysSpawn":false,"Root":"67ccf66cd99a02bef4090ba5","Items":[{"_id":"67ccf66cd99a02bef4090ba5","_tpl":"5909d36d86f774660f0bb900","upd":{"StackObjectsCount":1}}]}},{"probability":0.4,"template":{"Id":"container_Factory_Rework_DesignStuff_00000","IsContainer":true,"useGravity":false,"randomRotation":false,"Position":{"x":0,"y":0,"z":0},"Rotation":{"x":0,"y":0,"z":0},"IsGroupPosition":false,"GroupPositions":[],"IsAlwaysSpawn":false,"Root":"67ccf66cd99a02bef4090bad","Items":[{"_id":"67ccf66cd99a02bef4090bad","_tpl":"5909d5ef86f77467974efbd8","upd":{"StackObjectsCount":1}}]}},{"probability":0.4,"template":{"Id":"container_Factory_Rework_DesignStuff_00011","IsContainer":true,"useGravity":false,"randomRotation":false,"Position":{"x":0,"y":0,"z":0},"Rotation":{"x":0,"y":0,"z":0},"IsGroupPosition":false,"GroupPositions":[],"IsAlwaysSpawn":false,"Root":"67ccf66cd99a02bef4090bc3","Items":[{"_id":"67ccf66cd99a02bef4090bc3","_tpl":"578f87ad245977356274f2cc","upd":{"StackObjectsCount":1}}]}},{"probability":0.3,"template":{"Id":"container_Factory_Rework_DesignStuff_00140","IsContainer":true,"useGravity":false,"randomRotation":false,"Position":{"x":0,"y":0,"z":0},"Rotation":{"x":0,"y":0,"z":0},"IsGroupPosition":false,"GroupPositions":[],"IsAlwaysSpawn":false,"Root":"67ccf66cd99a02bef4090c50","Items":[{"_id":"67ccf66cd99a02bef4090c50","_tpl":"578f87ad245977356274f2cc","upd":{"StackObjectsCount":1}}]}},{"probability":0.35,"template":{"Id":"container_Factory_Rework_DesignStuff_00079","IsContainer":true,"useGravity":false,"randomRotation":false,"Position":{"x":0,"y":0,"z":0},"Rotation":{"x":0,"y":0,"z":0},"IsGroupPosition":false,"GroupPositions":[],"IsAlwaysSpawn":false,"Root":"67ccf66cd99a02bef4090c90","Items":[{"_id":"67ccf66cd99a02bef4090c90","_tpl":"578f87ad245977356274f2cc","upd":{"StackObjectsCount":1}}]}},{"probability":0.43,"template":{"Id":"container_Factory_Rework_DesignStuff_00040","IsContainer":true,"useGravity":false,"randomRotation":false,"Position":{"x":0,"y":0,"z":0},"Rotation":{"x":0,"y":0,"z":0},"IsGroupPosition":false,"GroupPositions":[],"IsAlwaysSpawn":false,"Root":"67ccf66cd99a02bef4090cae","Items":[{"_id":"67ccf66cd99a02bef4090cae","_tpl":"578f87a3245977356274f2cb","upd":{"StackObjectsCount":1}}]}},{"probability":0.27,"template":{"Id":"container_Factory_Rework_DesignStuff_00097","IsContainer":true,"useGravity":false,"randomRotation":false,"Position":{"x":0,"y":0,"z":0},"Rotation":{"x":0,"y":0,"z":0},"IsGroupPosition":false,"GroupPositions":[],"IsAlwaysSpawn":false,"Root":"67ccf66cd99a02bef4090d5f","Items":[{"_id":"67ccf66cd99a02bef4090d5f","_tpl":"5909d50c86f774659e6aaebe","upd":{"StackObjectsCount":1}}]}},{"probability":0.24,"template":{"Id":"container_Factory_Rework_DesignStuff_00054","IsContainer":true,"useGravity":false,"randomRotation":false,"Position":{"x":0,"y":0,"z":0},"Rotation":{"x":0,"y":0,"z":0},"IsGroupPosition":false,"GroupPositions":[],"IsAlwaysSpawn":false,"Root":"67ccf66cd99a02bef4090d65","Items":[{"_id":"67ccf66cd99a02bef4090d65","_tpl":"578f87ad245977356274f2cc","upd":{"StackObjectsCount":1}}]}},{"probability":0.25,"template":{"Id":"container_Factory_Rework_DesignStuff_00025","IsContainer":true,"useGravity":false,"randomRotation":false,"Position":{"x":0,"y":0,"z":0},"Rotation":{"x":0,"y":0,"z":0},"IsGroupPosition":false,"GroupPositions":[],"IsAlwaysSpawn":false,"Root":"67ccf66cd99a02bef4090df9","Items":[{"_id":"67ccf66cd99a02bef4090df9","_tpl":"578f87ad245977356274f2cc","upd":{"StackObjectsCount":1}}]}},{"probability":0.32,"template":{"Id":"container_Factory_Rework_DesignStuff_00020","IsContainer":true,"useGravity":false,"randomRotation":false,"Position":{"x":0,"y":0,"z":0},"Rotation":{"x":0,"y":0,"z":0},"IsGroupPosition":false,"GroupPositions":[],"IsAlwaysSpawn":false,"Root":"67cce3aaa3948f16980a4209","Items":[{"_id":"67cce3aaa3948f16980a4209","_tpl":"5909d50c86f774659e6aaebe","upd":{"StackObjectsCount":1}}]}},{"probability":0.32,"template":{"Id":"container_Factory_Rework_DesignStuff_00048","IsContainer":true,"useGravity":false,"randomRotation":false,"Position":{"x":0,"y":0,"z":0},"Rotation":{"x":0,"y":0,"z":0},"IsGroupPosition":false,"GroupPositions":[],"IsAlwaysSpawn":false,"Root":"67cce3aaa3948f16980a42b5","Items":[{"_id":"67cce3aaa3948f16980a42b5","_tpl":"578f87ad245977356274f2cc","upd":{"StackObjectsCount":1}}]}},{"probability":0.35,"template":{"Id":"container_Factory_Rework_DesignStuff_00144","IsContainer":true,"useGravity":false,"randomRotation":false,"Position":{"x":0,"y":0,"z":0},"Rotation":{"x":0,"y":0,"z":0},"IsGroupPosition":false,"GroupPositions":[],"IsAlwaysSpawn":false,"Root":"67cce3aaa3948f16980a42c7","Items":[{"_id":"67cce3aaa3948f16980a42c7","_tpl":"578f87ad245977356274f2cc","upd":{"StackObjectsCount":1}}]}},{"probability":0.39,"template":{"Id":"container_Factory_Rework_DesignStuff_00007","IsContainer":true,"useGravity":false,"randomRotation":false,"Position":{"x":0,"y":0,"z":0},"Rotation":{"x":0,"y":0,"z":0},"IsGroupPosition":false,"GroupPositions":[],"IsAlwaysSpawn":false,"Root":"67cce152992dc09844044db4","Items":[{"_id":"67cce152992dc09844044db4","_tpl":"5909d5ef86f77467974efbd8","upd":{"StackObjectsCount":1}}]}},{"probability":0.42,"template":{"Id":"container_Factory_Rework_DesignStuff_00091","IsContainer":true,"useGravity":false,"randomRotation":false,"Position":{"x":0,"y":0,"z":0},"Rotation":{"x":0,"y":0,"z":0},"IsGroupPosition":false,"GroupPositions":[],"IsAlwaysSpawn":false,"Root":"67cce152992dc09844044f12","Items":[{"_id":"67cce152992dc09844044f12","_tpl":"578f87a3245977356274f2cb","upd":{"StackObjectsCount":1}}]}},{"probability":0.27,"template":{"Id":"container_Factory_Rework_DesignStuff_00067","IsContainer":true,"useGravity":false,"randomRotation":false,"Position":{"x":0,"y":0,"z":0},"Rotation":{"x":0,"y":0,"z":0},"IsGroupPosition":false,"GroupPositions":[],"IsAlwaysSpawn":false,"Root":"67cce152992dc09844044ff3","Items":[{"_id":"67cce152992dc09844044ff3","_tpl":"578f87ad245977356274f2cc","upd":{"StackObjectsCount":1}}]}},{"probability":0.31,"template":{"Id":"container_Factory_Rework_DesignStuff_00083","IsContainer":true,"useGravity":false,"randomRotation":false,"Position":{"x":0,"y":0,"z":0},"Rotation":{"x":0,"y":0,"z":0},"IsGroupPosition":false,"GroupPositions":[],"IsAlwaysSpawn":false,"Root":"67ccef6213708389bd123303","Items":[{"_id":"67ccef6213708389bd123303","_tpl":"5909d36d86f774660f0bb900","upd":{"StackObjectsCount":1}}]}},{"probability":0.36,"template":{"Id":"container_Factory_Rework_DesignStuff_00101","IsContainer":true,"useGravity":false,"randomRotation":false,"Position":{"x":0,"y":0,"z":0},"Rotation":{"x":0,"y":0,"z":0},"IsGroupPosition":false,"GroupPositions":[],"IsAlwaysSpawn":false,"Root":"67ccf4152a1eb83bac0fe1d5","Items":[{"_id":"67ccf4152a1eb83bac0fe1d5","_tpl":"5909d24f86f77466f56e6855","upd":{"StackObjectsCount":1}}]}},{"probability":0.33,"template":{"Id":"container_Factory_Rework_DesignStuff_00087","IsContainer":true,"useGravity":false,"randomRotation":false,"Position":{"x":0,"y":0,"z":0},"Rotation":{"x":0,"y":0,"z":0},"IsGroupPosition":false,"GroupPositions":[],"IsAlwaysSpawn":false,"Root":"67ccf4152a1eb83bac0fe1dd","Items":[{"_id":"67ccf4152a1eb83bac0fe1dd","_tpl":"5909d50c86f774659e6aaebe","upd":{"StackObjectsCount":1}}]}},{"probability":0.2,"template":{"Id":"container_Factory_Rework_DesignStuff_00063","IsContainer":true,"useGravity":false,"randomRotation":false,"Position":{"x":0,"y":0,"z":0},"Rotation":{"x":0,"y":0,"z":0},"IsGroupPosition":false,"GroupPositions":[],"IsAlwaysSpawn":false,"Root":"67ccf4152a1eb83bac0fe1f5","Items":[{"_id":"67ccf4152a1eb83bac0fe1f5","_tpl":"578f87ad245977356274f2cc","upd":{"StackObjectsCount":1}}]}},{"probability":0.38,"template":{"Id":"container_Factory_Rework_DesignStuff_00138","IsContainer":true,"useGravity":false,"randomRotation":false,"Position":{"x":0,"y":0,"z":0},"Rotation":{"x":0,"y":0,"z":0},"IsGroupPosition":false,"GroupPositions":[],"IsAlwaysSpawn":false,"Root":"67ccf4152a1eb83bac0fe248","Items":[{"_id":"67ccf4152a1eb83bac0fe248","_tpl":"578f87ad245977356274f2cc","upd":{"StackObjectsCount":1}}]}},{"probability":0.3,"template":{"Id":"container_Factory_Rework_DesignStuff_00072","IsContainer":true,"useGravity":false,"randomRotation":false,"Position":{"x":0,"y":0,"z":0},"Rotation":{"x":0,"y":0,"z":0},"IsGroupPosition":false,"GroupPositions":[],"IsAlwaysSpawn":false,"Root":"67ccf4152a1eb83bac0fe272","Items":[{"_id":"67ccf4152a1eb83bac0fe272","_tpl":"5909d36d86f774660f0bb900","upd":{"StackObjectsCount":1}}]}},{"probability":0.24,"template":{"Id":"container_Factory_Rework_DesignStuff_00050","IsContainer":true,"useGravity":false,"randomRotation":false,"Position":{"x":0,"y":0,"z":0},"Rotation":{"x":0,"y":0,"z":0},"IsGroupPosition":false,"GroupPositions":[],"IsAlwaysSpawn":false,"Root":"67ccf4152a1eb83bac0fe33e","Items":[{"_id":"67ccf4152a1eb83bac0fe33e","_tpl":"578f87ad245977356274f2cc","upd":{"StackObjectsCount":1}}]}},{"probability":0.38,"template":{"Id":"container_Factory_Rework_DesignStuff_00096","IsContainer":true,"useGravity":false,"randomRotation":false,"Position":{"x":0,"y":0,"z":0},"Rotation":{"x":0,"y":0,"z":0},"IsGroupPosition":false,"GroupPositions":[],"IsAlwaysSpawn":false,"Root":"67ccf4152a1eb83bac0fe372","Items":[{"_id":"67ccf4152a1eb83bac0fe372","_tpl":"578f87ad245977356274f2cc","upd":{"StackObjectsCount":1}}]}},{"probability":0.22,"template":{"Id":"container_Factory_Rework_DesignStuff_00015","IsContainer":true,"useGravity":false,"randomRotation":false,"Position":{"x":0,"y":0,"z":0},"Rotation":{"x":0,"y":0,"z":0},"IsGroupPosition":false,"GroupPositions":[],"IsAlwaysSpawn":false,"Root":"67ccf8c46ebbd75cb9116b9d","Items":[{"_id":"67ccf8c46ebbd75cb9116b9d","_tpl":"578f87ad245977356274f2cc","upd":{"StackObjectsCount":1}}]}},{"probability":0.23,"template":{"Id":"container_Factory_Rework_DesignStuff_00047","IsContainer":true,"useGravity":false,"randomRotation":false,"Position":{"x":0,"y":0,"z":0},"Rotation":{"x":0,"y":0,"z":0},"IsGroupPosition":false,"GroupPositions":[],"IsAlwaysSpawn":false,"Root":"67ccf8c46ebbd75cb9116c00","Items":[{"_id":"67ccf8c46ebbd75cb9116c00","_tpl":"578f87ad245977356274f2cc","upd":{"StackObjectsCount":1}}]}},{"probability":0.21,"template":{"Id":"container_Factory_Rework_DesignStuff_00064","IsContainer":true,"useGravity":false,"randomRotation":false,"Position":{"x":0,"y":0,"z":0},"Rotation":{"x":0,"y":0,"z":0},"IsGroupPosition":false,"GroupPositions":[],"IsAlwaysSpawn":false,"Root":"67ccf8c46ebbd75cb9116c75","Items":[{"_id":"67ccf8c46ebbd75cb9116c75","_tpl":"578f87ad245977356274f2cc","upd":{"StackObjectsCount":1}}]}},{"probability":0.29,"template":{"Id":"container_Factory_Rework_DesignStuff_00142","IsContainer":true,"useGravity":false,"randomRotation":false,"Position":{"x":0,"y":0,"z":0},"Rotation":{"x":0,"y":0,"z":0},"IsGroupPosition":false,"GroupPositions":[],"IsAlwaysSpawn":false,"Root":"67cced0b56e36803970b50f3","Items":[{"_id":"67cced0b56e36803970b50f3","_tpl":"578f87ad245977356274f2cc","upd":{"StackObjectsCount":1}}]}},{"probability":0.33,"template":{"Id":"container_Factory_Rework_DesignStuff_00107","IsContainer":true,"useGravity":false,"randomRotation":false,"Position":{"x":0,"y":0,"z":0},"Rotation":{"x":0,"y":0,"z":0},"IsGroupPosition":false,"GroupPositions":[],"IsAlwaysSpawn":false,"Root":"67cced0b56e36803970b52d9","Items":[{"_id":"67cced0b56e36803970b52d9","_tpl":"578f87ad245977356274f2cc","upd":{"StackObjectsCount":1}}]}},{"probability":0.22,"template":{"Id":"container_Factory_Rework_DesignStuff_00052","IsContainer":true,"useGravity":false,"randomRotation":false,"Position":{"x":0,"y":0,"z":0},"Rotation":{"x":0,"y":0,"z":0},"IsGroupPosition":false,"GroupPositions":[],"IsAlwaysSpawn":false,"Root":"67ccce9421e6e1bf9c138770","Items":[{"_id":"67ccce9421e6e1bf9c138770","_tpl":"578f87ad245977356274f2cc","upd":{"StackObjectsCount":1}}]}},{"probability":0.29,"template":{"Id":"container_Factory_Rework_DesignStuff_00026","IsContainer":true,"useGravity":false,"randomRotation":false,"Position":{"x":0,"y":0,"z":0},"Rotation":{"x":0,"y":0,"z":0},"IsGroupPosition":false,"GroupPositions":[],"IsAlwaysSpawn":false,"Root":"67ccd342522901c7da131435","Items":[{"_id":"67ccd342522901c7da131435","_tpl":"578f87ad245977356274f2cc","upd":{"StackObjectsCount":1}}]}},{"probability":0.3,"template":{"Id":"container_Factory_Rework_DesignStuff_00059","IsContainer":true,"useGravity":false,"randomRotation":false,"Position":{"x":0,"y":0,"z":0},"Rotation":{"x":0,"y":0,"z":0},"IsGroupPosition":false,"GroupPositions":[],"IsAlwaysSpawn":false,"Root":"67ccd342522901c7da131594","Items":[{"_id":"67ccd342522901c7da131594","_tpl":"578f87ad245977356274f2cc","upd":{"StackObjectsCount":1}}]}}],"staticForced":[]}