{"Caliber1143x23ACP":[{"tpl":"5efb0cabfb3e451d70735af5","relativeProbability":3},{"tpl":"5e81f423763d9f754677bf2e","relativeProbability":7},{"tpl":"5efb0fc6aeb21837e749c801","relativeProbability":2}],"Caliber127x33":[{"tpl":"66a0d1c87d0d369e270bb9de","relativeProbability":1},{"tpl":"668fe62ac62660a5d8071446","relativeProbability":13},{"tpl":"66a0d1e0ed648d72fe064d06","relativeProbability":2}],"Caliber127x55":[{"tpl":"5cadf6ddae9215051e1c23b2","relativeProbability":3},{"tpl":"5cadf6eeae921500134b2799","relativeProbability":1},{"tpl":"5cadf6e5ae921500113bb973","relativeProbability":2}],"Caliber12g":[{"tpl":"560d5e524bdc2d25448b4571","relativeProbability":13},{"tpl":"58820d1224597753c90aeb13","relativeProbability":2},{"tpl":"5d6e68e6a4b9361c140bcfe0","relativeProbability":2},{"tpl":"5d6e68c4a4b9361b93413f79","relativeProbability":1},{"tpl":"5d6e6869a4b9361c140bcfde","relativeProbability":1},{"tpl":"5d6e68b3a4b9361bca7e50b5","relativeProbability":2},{"tpl":"5d6e68dea4b9361bcc29e659","relativeProbability":1},{"tpl":"5d6e689ca4b9361bc8618956","relativeProbability":1},{"tpl":"5d6e68a8a4b9360b6c0d54e2","relativeProbability":1}],"Caliber20g":[{"tpl":"5a38ebd9c4a282000d722a5b","relativeProbability":7},{"tpl":"5d6e69c7a4b9360b6c0d54e4","relativeProbability":1},{"tpl":"5d6e69b9a4b9361bc8618958","relativeProbability":1}],"Caliber20x1mm":[{"tpl":"6601546f86889319850bd566","relativeProbability":1}],"Caliber23x75":[{"tpl":"5e85aa1a988a8701445df1f5","relativeProbability":2},{"tpl":"5f647f31b6238e5dd066e196","relativeProbability":4},{"tpl":"5e85a9a6eacf8c039e4e2ac1","relativeProbability":2}],"Caliber26x75":[{"tpl":"62389aaba63f32501b1b444f","relativeProbability":3},{"tpl":"62389be94d5d474bf712e709","relativeProbability":1}],"Caliber366TKM":[{"tpl":"59e655cb86f77411dc52a77b","relativeProbability":1},{"tpl":"59e6542b86f77411dc52a77a","relativeProbability":1},{"tpl":"59e6658b86f77411d949b250","relativeProbability":1}],"Caliber40mmRU":[{"tpl":"5656eb674bdc2d35148b457c","relativeProbability":23}],"Caliber40x46":[{"tpl":"5ede474b0c226a66f5402622","relativeProbability":2},{"tpl":"5ede47405b097655935d7d16","relativeProbability":4},{"tpl":"5ede4739e0350d05467f73e8","relativeProbability":5},{"tpl":"5ede475339ee016e8c534742","relativeProbability":2},{"tpl":"5f0c892565703e5c461894e9","relativeProbability":8},{"tpl":"5ede475b549eed7c6d5c18fb","relativeProbability":7}],"Caliber46x30":[{"tpl":"5ba26835d4351e0035628ff5","relativeProbability":3},{"tpl":"64b6979341772715af0f9c39","relativeProbability":7},{"tpl":"5ba2678ad4351e44f824b344","relativeProbability":4}],"Caliber545x39":[{"tpl":"56dff3afd2720bba668b4567","relativeProbability":40},{"tpl":"56dff026d2720bb8668b4567","relativeProbability":8},{"tpl":"56dff4ecd2720b5f5a8b4568","relativeProbability":21},{"tpl":"56dff061d2720bb5668b4567","relativeProbability":11},{"tpl":"56dff2ced2720bb4668b4567","relativeProbability":27},{"tpl":"56dff4a2d2720bbd668b456a","relativeProbability":21},{"tpl":"56dff338d2720bbd668b4569","relativeProbability":29},{"tpl":"56dff0bed2720bb0668b4567","relativeProbability":5},{"tpl":"56dfef82d2720bbd668b4567","relativeProbability":3},{"tpl":"61962b617c6c7b169525f168","relativeProbability":1},{"tpl":"5c0d5e4486f77478390952fe","relativeProbability":3},{"tpl":"56dff216d2720bbd668b4568","relativeProbability":1}],"Caliber556x45NATO":[{"tpl":"59e6920f86f77411d82aa167","relativeProbability":14},{"tpl":"59e690b686f7746c9f75e848","relativeProbability":1},{"tpl":"5c0d5ae286f7741e46554302","relativeProbability":3},{"tpl":"60194943740c5d77f6705eea","relativeProbability":1},{"tpl":"54527ac44bdc2d36668b4567","relativeProbability":1},{"tpl":"54527a984bdc2d4e668b4567","relativeProbability":1}],"Caliber57x28":[{"tpl":"5cc80f67e4a949035e43bbba","relativeProbability":6},{"tpl":"5cc80f53e4a949000e1ea4f8","relativeProbability":2},{"tpl":"5cc80f8fe4a949033b0224a2","relativeProbability":5},{"tpl":"5cc80f79e4a949033c7343b2","relativeProbability":2},{"tpl":"5cc80f38e4a949001152b560","relativeProbability":1}],"Caliber762x25TT":[{"tpl":"5735ff5c245977640e39ba7e","relativeProbability":10},{"tpl":"5736026a245977644601dc61","relativeProbability":9},{"tpl":"573601b42459776410737435","relativeProbability":1}],"Caliber762x35":[{"tpl":"5fbe3ffdf8b6a877a729ea82","relativeProbability":1}],"Caliber762x39":[{"tpl":"59e4cf5286f7741778269d8a","relativeProbability":5},{"tpl":"64b7af5a8532cf95ee0a0dbd","relativeProbability":14},{"tpl":"5656d7c34bdc2d9d198b4587","relativeProbability":32},{"tpl":"64b7af734b75259c590fa895","relativeProbability":4},{"tpl":"59e4d3d286f774176a36250a","relativeProbability":2},{"tpl":"59e0d99486f7744a32234762","relativeProbability":3},{"tpl":"64b7af434b75259c590fa893","relativeProbability":1}],"Caliber762x51":[{"tpl":"5e023e53d4353e3302577c4c","relativeProbability":3},{"tpl":"5a608bf24f39f98ffc77720e","relativeProbability":2},{"tpl":"58dd3ad986f77403051cba8f","relativeProbability":2}],"Caliber762x54R":[{"tpl":"64b8f7968532cf95ee0a0dbf","relativeProbability":2},{"tpl":"5e023cf8186a883be655e54f","relativeProbability":2},{"tpl":"5887431f2459777e1612938f","relativeProbability":6},{"tpl":"59e77a2386f7742ee578960a","relativeProbability":4},{"tpl":"64b8f7b5389d7ffd620ccba2","relativeProbability":2},{"tpl":"5e023d34e8a400319a28ed44","relativeProbability":2},{"tpl":"64b8f7c241772715af0f9c3d","relativeProbability":1}],"Caliber86x70":[{"tpl":"5fc275cf85fd526b824a571a","relativeProbability":1}],"Caliber9x18PM":[{"tpl":"57372140245977611f70ee91","relativeProbability":11},{"tpl":"5737201124597760fc4431f1","relativeProbability":3},{"tpl":"573719df2459775a626ccbc2","relativeProbability":11},{"tpl":"57371e4124597760ff7b25f1","relativeProbability":4},{"tpl":"57371b192459775a9f58a5e0","relativeProbability":2},{"tpl":"5737207f24597760ff7b25f2","relativeProbability":9},{"tpl":"573719762459775a626ccbc1","relativeProbability":25},{"tpl":"57371f2b24597761224311f1","relativeProbability":3},{"tpl":"5737218f245977612125ba51","relativeProbability":15},{"tpl":"573718ba2459775a75491131","relativeProbability":8},{"tpl":"57371f8d24597761006c6a81","relativeProbability":2},{"tpl":"57371aab2459775a77142f22","relativeProbability":4},{"tpl":"57371eb62459776125652ac1","relativeProbability":4}],"Caliber9x19PARA":[{"tpl":"64b7bbb74b75259c590fa897","relativeProbability":14},{"tpl":"56d59d3ad2720bdb418b4577","relativeProbability":28},{"tpl":"5c925fa22e221601da359b7b","relativeProbability":2},{"tpl":"5c0d56a986f774449d5de529","relativeProbability":4},{"tpl":"5efb0da7a29a85116f6ea05f","relativeProbability":1},{"tpl":"58864a4f2459770fcc257101","relativeProbability":2}],"Caliber9x21":[{"tpl":"5a269f97c4a282000b151807","relativeProbability":5},{"tpl":"5a26abfac4a28232980eabff","relativeProbability":3},{"tpl":"5a26ac0ec4a28200741e1e18","relativeProbability":3},{"tpl":"5a26ac06c4a282000c5a90a8","relativeProbability":7},{"tpl":"6576f93989f0062e741ba952","relativeProbability":2},{"tpl":"6576f4708ca9c4381d16cd9d","relativeProbability":1}],"Caliber9x33R":[{"tpl":"62330b3ed4dc74626d570b95","relativeProbability":4},{"tpl":"62330bfadc5883093563729b","relativeProbability":2}],"Caliber9x39":[{"tpl":"5c0d688c86f77413ae3407b2","relativeProbability":4},{"tpl":"57a0dfb82459774d3078b56c","relativeProbability":3},{"tpl":"5c0d668f86f7747ccb7f13b2","relativeProbability":9},{"tpl":"6576f96220d53a5b8f3e395e","relativeProbability":3},{"tpl":"61962d879bb3d20b0946d385","relativeProbability":2},{"tpl":"57a0e5022459774d1673f889","relativeProbability":3}]}