{"staticWeapons":[],"staticContainers":[{"probability":0.45,"template":{"Id":"container_Factory_Rework_DesignStuff_00055","IsContainer":true,"useGravity":false,"randomRotation":false,"Position":{"x":0,"y":0,"z":0},"Rotation":{"x":0,"y":0,"z":0},"IsGroupPosition":false,"GroupPositions":[],"IsAlwaysSpawn":false,"Root":"6773218caa7884774f0fb521","Items":[{"_id":"6773218caa7884774f0fb521","_tpl":"578f87ad245977356274f2cc","upd":{"StackObjectsCount":1}}]}},{"probability":0.38,"template":{"Id":"container_Factory_Rework_DesignStuff_00135","IsContainer":true,"useGravity":false,"randomRotation":false,"Position":{"x":0,"y":0,"z":0},"Rotation":{"x":0,"y":0,"z":0},"IsGroupPosition":false,"GroupPositions":[],"IsAlwaysSpawn":true,"Root":"6773218caa7884774f0fb52b","Items":[{"_id":"6773218caa7884774f0fb52b","_tpl":"5909d76c86f77471e53d2adf","upd":{"StackObjectsCount":1}}]}},{"probability":1,"template":{"Id":"container_Factory_Rework_DesignStuff_00131","IsContainer":true,"useGravity":false,"randomRotation":false,"Position":{"x":0,"y":0,"z":0},"Rotation":{"x":0,"y":0,"z":0},"IsGroupPosition":false,"GroupPositions":[],"IsAlwaysSpawn":false,"Root":"6773218caa7884774f0fb543","Items":[{"_id":"6773218caa7884774f0fb543","_tpl":"6582e6d7b14c3f72eb071420","upd":{"StackObjectsCount":1}}]}},{"probability":0.83,"template":{"Id":"container_Factory_Rework_DesignStuff_00148","IsContainer":true,"useGravity":false,"randomRotation":false,"Position":{"x":0,"y":0,"z":0},"Rotation":{"x":0,"y":0,"z":0},"IsGroupPosition":false,"GroupPositions":[],"IsAlwaysSpawn":true,"Root":"6773218caa7884774f0fb54f","Items":[{"_id":"6773218caa7884774f0fb54f","_tpl":"66acff0a1d8e1083b303f5af","upd":{"StackObjectsCount":1}}]}},{"probability":0.31,"template":{"Id":"container_Factory_Rework_DesignStuff_00105","IsContainer":true,"useGravity":false,"randomRotation":false,"Position":{"x":0,"y":0,"z":0},"Rotation":{"x":0,"y":0,"z":0},"IsGroupPosition":false,"GroupPositions":[],"IsAlwaysSpawn":false,"Root":"6773218caa7884774f0fb55b","Items":[{"_id":"6773218caa7884774f0fb55b","_tpl":"5909d50c86f774659e6aaebe","upd":{"StackObjectsCount":1}}]}},{"probability":0.41,"template":{"Id":"container_Factory_Rework_DesignStuff_00060","IsContainer":true,"useGravity":false,"randomRotation":false,"Position":{"x":0,"y":0,"z":0},"Rotation":{"x":0,"y":0,"z":0},"IsGroupPosition":false,"GroupPositions":[],"IsAlwaysSpawn":false,"Root":"6773218caa7884774f0fb565","Items":[{"_id":"6773218caa7884774f0fb565","_tpl":"578f87ad245977356274f2cc","upd":{"StackObjectsCount":1}}]}},{"probability":0.45,"template":{"Id":"container_Factory_Rework_DesignStuff_00111","IsContainer":true,"useGravity":false,"randomRotation":false,"Position":{"x":0,"y":0,"z":0},"Rotation":{"x":0,"y":0,"z":0},"IsGroupPosition":false,"GroupPositions":[],"IsAlwaysSpawn":false,"Root":"6773218caa7884774f0fb569","Items":[{"_id":"6773218caa7884774f0fb569","_tpl":"578f87a3245977356274f2cb","upd":{"StackObjectsCount":1}}]}},{"probability":1,"template":{"Id":"container_City_SW_02_LexOs_blockpost_00024","IsContainer":true,"useGravity":false,"randomRotation":false,"Position":{"x":0,"y":0,"z":0},"Rotation":{"x":0,"y":0,"z":0},"IsGroupPosition":false,"GroupPositions":[],"IsAlwaysSpawn":false,"Root":"6773218caa7884774f0fb56f","Items":[{"_id":"6773218caa7884774f0fb56f","_tpl":"578f8778245977358849a9b5","upd":{"StackObjectsCount":1}}]}},{"probability":0.45,"template":{"Id":"container_Factory_Rework_DesignStuff_00094","IsContainer":true,"useGravity":false,"randomRotation":false,"Position":{"x":0,"y":0,"z":0},"Rotation":{"x":0,"y":0,"z":0},"IsGroupPosition":false,"GroupPositions":[],"IsAlwaysSpawn":false,"Root":"6773218caa7884774f0fb573","Items":[{"_id":"6773218caa7884774f0fb573","_tpl":"578f87a3245977356274f2cb","upd":{"StackObjectsCount":1}}]}},{"probability":0.41,"template":{"Id":"container_Factory_Rework_DesignStuff_00114","IsContainer":true,"useGravity":false,"randomRotation":false,"Position":{"x":0,"y":0,"z":0},"Rotation":{"x":0,"y":0,"z":0},"IsGroupPosition":false,"GroupPositions":[],"IsAlwaysSpawn":false,"Root":"6773218caa7884774f0fb57b","Items":[{"_id":"6773218caa7884774f0fb57b","_tpl":"5909d24f86f77466f56e6855","upd":{"StackObjectsCount":1}}]}},{"probability":1,"template":{"Id":"container_Factory_Rework_DesignStuff_00120","IsContainer":true,"useGravity":false,"randomRotation":false,"Position":{"x":0,"y":0,"z":0},"Rotation":{"x":0,"y":0,"z":0},"IsGroupPosition":false,"GroupPositions":[],"IsAlwaysSpawn":false,"Root":"6773218caa7884774f0fb58b","Items":[{"_id":"6773218caa7884774f0fb58b","_tpl":"5909e4b686f7747f5b744fa4","upd":{"StackObjectsCount":1}}]}},{"probability":1,"template":{"Id":"container_Factory_Rework_DesignStuff_00031","IsContainer":true,"useGravity":false,"randomRotation":false,"Position":{"x":0,"y":0,"z":0},"Rotation":{"x":0,"y":0,"z":0},"IsGroupPosition":false,"GroupPositions":[],"IsAlwaysSpawn":false,"Root":"6773218caa7884774f0fb591","Items":[{"_id":"6773218caa7884774f0fb591","_tpl":"578f8778245977358849a9b5","upd":{"StackObjectsCount":1}}]}},{"probability":1,"template":{"Id":"container_Factory_Rework_DesignStuff_00006","IsContainer":true,"useGravity":false,"randomRotation":false,"Position":{"x":0,"y":0,"z":0},"Rotation":{"x":0,"y":0,"z":0},"IsGroupPosition":false,"GroupPositions":[],"IsAlwaysSpawn":false,"Root":"6773218caa7884774f0fb595","Items":[{"_id":"6773218caa7884774f0fb595","_tpl":"578f8778245977358849a9b5","upd":{"StackObjectsCount":1}}]}},{"probability":1,"template":{"Id":"container_Factory_Rework_DesignStuff_00039","IsContainer":true,"useGravity":false,"randomRotation":false,"Position":{"x":0,"y":0,"z":0},"Rotation":{"x":0,"y":0,"z":0},"IsGroupPosition":false,"GroupPositions":[],"IsAlwaysSpawn":true,"Root":"6773218caa7884774f0fb599","Items":[{"_id":"6773218caa7884774f0fb599","_tpl":"5d6fd45b86f774317075ed43","upd":{"StackObjectsCount":1}}]}},{"probability":0.38,"template":{"Id":"container_Factory_Rework_DesignStuff_00098","IsContainer":true,"useGravity":false,"randomRotation":false,"Position":{"x":0,"y":0,"z":0},"Rotation":{"x":0,"y":0,"z":0},"IsGroupPosition":false,"GroupPositions":[],"IsAlwaysSpawn":false,"Root":"6773218caa7884774f0fb59f","Items":[{"_id":"6773218caa7884774f0fb59f","_tpl":"578f87a3245977356274f2cb","upd":{"StackObjectsCount":1}}]}},{"probability":1,"template":{"Id":"Lootable_00000","IsContainer":true,"useGravity":false,"randomRotation":false,"Position":{"x":0,"y":0,"z":0},"Rotation":{"x":0,"y":0,"z":0},"IsGroupPosition":false,"GroupPositions":[],"IsAlwaysSpawn":false,"Root":"6773218caa7884774f0fb5a5","Items":[{"_id":"6773218caa7884774f0fb5a5","_tpl":"578f8778245977358849a9b5","upd":{"StackObjectsCount":1}}]}},{"probability":0.59,"template":{"Id":"container_Factory_Rework_DesignStuff_00137","IsContainer":true,"useGravity":false,"randomRotation":false,"Position":{"x":0,"y":0,"z":0},"Rotation":{"x":0,"y":0,"z":0},"IsGroupPosition":false,"GroupPositions":[],"IsAlwaysSpawn":true,"Root":"6773218caa7884774f0fb5a9","Items":[{"_id":"6773218caa7884774f0fb5a9","_tpl":"66acff0a1d8e1083b303f5af","upd":{"StackObjectsCount":1}}]}},{"probability":0.38,"template":{"Id":"container_Factory_Rework_DesignStuff_00138","IsContainer":true,"useGravity":false,"randomRotation":false,"Position":{"x":0,"y":0,"z":0},"Rotation":{"x":0,"y":0,"z":0},"IsGroupPosition":false,"GroupPositions":[],"IsAlwaysSpawn":false,"Root":"6773218caa7884774f0fb5b9","Items":[{"_id":"6773218caa7884774f0fb5b9","_tpl":"578f87ad245977356274f2cc","upd":{"StackObjectsCount":1}}]}},{"probability":0.28,"template":{"Id":"container_Factory_Rework_DesignStuff_00112","IsContainer":true,"useGravity":false,"randomRotation":false,"Position":{"x":0,"y":0,"z":0},"Rotation":{"x":0,"y":0,"z":0},"IsGroupPosition":false,"GroupPositions":[],"IsAlwaysSpawn":true,"Root":"6773218caa7884774f0fb5bf","Items":[{"_id":"6773218caa7884774f0fb5bf","_tpl":"5909d76c86f77471e53d2adf","upd":{"StackObjectsCount":1}}]}},{"probability":0.41,"template":{"Id":"container_Test_for_export_00000","IsContainer":true,"useGravity":false,"randomRotation":false,"Position":{"x":0,"y":0,"z":0},"Rotation":{"x":0,"y":0,"z":0},"IsGroupPosition":false,"GroupPositions":[],"IsAlwaysSpawn":false,"Root":"6773218caa7884774f0fb5c7","Items":[{"_id":"6773218caa7884774f0fb5c7","_tpl":"578f87a3245977356274f2cb","upd":{"StackObjectsCount":1}}]}},{"probability":1,"template":{"Id":"container_Factory_Rework_Background_00003","IsContainer":true,"useGravity":false,"randomRotation":false,"Position":{"x":0,"y":0,"z":0},"Rotation":{"x":0,"y":0,"z":0},"IsGroupPosition":false,"GroupPositions":[],"IsAlwaysSpawn":false,"Root":"6773218caa7884774f0fb5cd","Items":[{"_id":"6773218caa7884774f0fb5cd","_tpl":"578f87ad245977356274f2cc","upd":{"StackObjectsCount":1}}]}},{"probability":1,"template":{"Id":"container_Factory_Rework_DesignStuff_00130","IsContainer":true,"useGravity":false,"randomRotation":false,"Position":{"x":0,"y":0,"z":0},"Rotation":{"x":0,"y":0,"z":0},"IsGroupPosition":false,"GroupPositions":[],"IsAlwaysSpawn":false,"Root":"6773218caa7884774f0fb5d5","Items":[{"_id":"6773218caa7884774f0fb5d5","_tpl":"578f8778245977358849a9b5","upd":{"StackObjectsCount":1}}]}},{"probability":0.14,"template":{"Id":"container_Factory_Rework_DesignStuff_00051","IsContainer":true,"useGravity":false,"randomRotation":false,"Position":{"x":0,"y":0,"z":0},"Rotation":{"x":0,"y":0,"z":0},"IsGroupPosition":false,"GroupPositions":[],"IsAlwaysSpawn":false,"Root":"6773218caa7884774f0fb5d9","Items":[{"_id":"6773218caa7884774f0fb5d9","_tpl":"578f87ad245977356274f2cc","upd":{"StackObjectsCount":1}}]}},{"probability":0.34,"template":{"Id":"container_Factory_Rework_DesignStuff_00104","IsContainer":true,"useGravity":false,"randomRotation":false,"Position":{"x":0,"y":0,"z":0},"Rotation":{"x":0,"y":0,"z":0},"IsGroupPosition":false,"GroupPositions":[],"IsAlwaysSpawn":false,"Root":"6773218caa7884774f0fb5dd","Items":[{"_id":"6773218caa7884774f0fb5dd","_tpl":"5909d50c86f774659e6aaebe","upd":{"StackObjectsCount":1}}]}},{"probability":1,"template":{"Id":"Lootable_00002","IsContainer":true,"useGravity":false,"randomRotation":false,"Position":{"x":0,"y":0,"z":0},"Rotation":{"x":0,"y":0,"z":0},"IsGroupPosition":false,"GroupPositions":[],"IsAlwaysSpawn":false,"Root":"6773218caa7884774f0fb5e3","Items":[{"_id":"6773218caa7884774f0fb5e3","_tpl":"578f8778245977358849a9b5","upd":{"StackObjectsCount":1}}]}},{"probability":1,"template":{"Id":"container_Factory_Rework_DesignStuff_00037","IsContainer":true,"useGravity":false,"randomRotation":false,"Position":{"x":0,"y":0,"z":0},"Rotation":{"x":0,"y":0,"z":0},"IsGroupPosition":false,"GroupPositions":[],"IsAlwaysSpawn":true,"Root":"6773218caa7884774f0fb5e7","Items":[{"_id":"6773218caa7884774f0fb5e7","_tpl":"5909e4b686f7747f5b744fa4","upd":{"StackObjectsCount":1}}]}},{"probability":0.31,"template":{"Id":"container_Factory_Rework_DesignStuff_00089","IsContainer":true,"useGravity":false,"randomRotation":false,"Position":{"x":0,"y":0,"z":0},"Rotation":{"x":0,"y":0,"z":0},"IsGroupPosition":false,"GroupPositions":[],"IsAlwaysSpawn":false,"Root":"6773218caa7884774f0fb5f9","Items":[{"_id":"6773218caa7884774f0fb5f9","_tpl":"578f87a3245977356274f2cb","upd":{"StackObjectsCount":1}}]}},{"probability":0.21,"template":{"Id":"container_Factory_Rework_DesignStuff_00123","IsContainer":true,"useGravity":false,"randomRotation":false,"Position":{"x":0,"y":0,"z":0},"Rotation":{"x":0,"y":0,"z":0},"IsGroupPosition":false,"GroupPositions":[],"IsAlwaysSpawn":false,"Root":"6773218caa7884774f0fb5ff","Items":[{"_id":"6773218caa7884774f0fb5ff","_tpl":"578f87ad245977356274f2cc","upd":{"StackObjectsCount":1}}]}},{"probability":0.38,"template":{"Id":"container_Factory_Rework_DesignStuff_00115","IsContainer":true,"useGravity":false,"randomRotation":false,"Position":{"x":0,"y":0,"z":0},"Rotation":{"x":0,"y":0,"z":0},"IsGroupPosition":false,"GroupPositions":[],"IsAlwaysSpawn":false,"Root":"6773218caa7884774f0fb611","Items":[{"_id":"6773218caa7884774f0fb611","_tpl":"5909d50c86f774659e6aaebe","upd":{"StackObjectsCount":1}}]}},{"probability":1,"template":{"Id":"container_Factory_Rework_DesignStuff_00036","IsContainer":true,"useGravity":false,"randomRotation":false,"Position":{"x":0,"y":0,"z":0},"Rotation":{"x":0,"y":0,"z":0},"IsGroupPosition":false,"GroupPositions":[],"IsAlwaysSpawn":false,"Root":"6773218caa7884774f0fb619","Items":[{"_id":"6773218caa7884774f0fb619","_tpl":"578f8778245977358849a9b5","upd":{"StackObjectsCount":1}}]}},{"probability":0.21,"template":{"Id":"container_Factory_Rework_DesignStuff_00024","IsContainer":true,"useGravity":false,"randomRotation":false,"Position":{"x":0,"y":0,"z":0},"Rotation":{"x":0,"y":0,"z":0},"IsGroupPosition":false,"GroupPositions":[],"IsAlwaysSpawn":false,"Root":"6773218caa7884774f0fb61d","Items":[{"_id":"6773218caa7884774f0fb61d","_tpl":"578f87ad245977356274f2cc","upd":{"StackObjectsCount":1}}]}},{"probability":1,"template":{"Id":"Lootable_00009","IsContainer":true,"useGravity":false,"randomRotation":false,"Position":{"x":0,"y":0,"z":0},"Rotation":{"x":0,"y":0,"z":0},"IsGroupPosition":false,"GroupPositions":[],"IsAlwaysSpawn":false,"Root":"6773218caa7884774f0fb629","Items":[{"_id":"6773218caa7884774f0fb629","_tpl":"578f8778245977358849a9b5","upd":{"StackObjectsCount":1}}]}},{"probability":1,"template":{"Id":"container_ProfileEditor_00002","IsContainer":true,"useGravity":false,"randomRotation":false,"Position":{"x":0,"y":0,"z":0},"Rotation":{"x":0,"y":0,"z":0},"IsGroupPosition":false,"GroupPositions":[],"IsAlwaysSpawn":false,"Root":"6773218caa7884774f0fb62d","Items":[{"_id":"6773218caa7884774f0fb62d","_tpl":"6582e6d7b14c3f72eb071420","upd":{"StackObjectsCount":1}}]}},{"probability":0.38,"template":{"Id":"container_Factory_Rework_DesignStuff_00079","IsContainer":true,"useGravity":false,"randomRotation":false,"Position":{"x":0,"y":0,"z":0},"Rotation":{"x":0,"y":0,"z":0},"IsGroupPosition":false,"GroupPositions":[],"IsAlwaysSpawn":false,"Root":"6773218caa7884774f0fb637","Items":[{"_id":"6773218caa7884774f0fb637","_tpl":"578f87ad245977356274f2cc","upd":{"StackObjectsCount":1}}]}},{"probability":0.59,"template":{"Id":"container_Factory_Rework_DesignStuff_00056","IsContainer":true,"useGravity":false,"randomRotation":false,"Position":{"x":0,"y":0,"z":0},"Rotation":{"x":0,"y":0,"z":0},"IsGroupPosition":false,"GroupPositions":[],"IsAlwaysSpawn":false,"Root":"6773218caa7884774f0fb63f","Items":[{"_id":"6773218caa7884774f0fb63f","_tpl":"578f87ad245977356274f2cc","upd":{"StackObjectsCount":1}}]}},{"probability":1,"template":{"Id":"container_Factory_Rework_DesignStuff_00127","IsContainer":true,"useGravity":false,"randomRotation":false,"Position":{"x":0,"y":0,"z":0},"Rotation":{"x":0,"y":0,"z":0},"IsGroupPosition":false,"GroupPositions":[],"IsAlwaysSpawn":false,"Root":"6773218caa7884774f0fb645","Items":[{"_id":"6773218caa7884774f0fb645","_tpl":"5909d50c86f774659e6aaebe","upd":{"StackObjectsCount":1}}]}},{"probability":0.34,"template":{"Id":"container_Factory_Rework_DesignStuff_00003","IsContainer":true,"useGravity":false,"randomRotation":false,"Position":{"x":0,"y":0,"z":0},"Rotation":{"x":0,"y":0,"z":0},"IsGroupPosition":false,"GroupPositions":[],"IsAlwaysSpawn":false,"Root":"6773218caa7884774f0fb659","Items":[{"_id":"6773218caa7884774f0fb659","_tpl":"5909d5ef86f77467974efbd8","upd":{"StackObjectsCount":1}}]}},{"probability":1,"template":{"Id":"container_Factory_Rework_DesignStuff_00147","IsContainer":true,"useGravity":false,"randomRotation":false,"Position":{"x":0,"y":0,"z":0},"Rotation":{"x":0,"y":0,"z":0},"IsGroupPosition":false,"GroupPositions":[],"IsAlwaysSpawn":false,"Root":"6773218caa7884774f0fb65d","Items":[{"_id":"6773218caa7884774f0fb65d","_tpl":"5909d50c86f774659e6aaebe","upd":{"StackObjectsCount":1}}]}},{"probability":1,"template":{"Id":"container_Factory_Eugene_Temp_00003","IsContainer":true,"useGravity":false,"randomRotation":false,"Position":{"x":0,"y":0,"z":0},"Rotation":{"x":0,"y":0,"z":0},"IsGroupPosition":false,"GroupPositions":[],"IsAlwaysSpawn":true,"Root":"6773218caa7884774f0fb663","Items":[{"_id":"6773218caa7884774f0fb663","_tpl":"578f8782245977354405a1e3","upd":{"StackObjectsCount":1}}]}},{"probability":1,"template":{"Id":"container_Factory_Rework_DesignStuff_00119","IsContainer":true,"useGravity":false,"randomRotation":false,"Position":{"x":0,"y":0,"z":0},"Rotation":{"x":0,"y":0,"z":0},"IsGroupPosition":false,"GroupPositions":[],"IsAlwaysSpawn":false,"Root":"6773218caa7884774f0fb667","Items":[{"_id":"6773218caa7884774f0fb667","_tpl":"5909e4b686f7747f5b744fa4","upd":{"StackObjectsCount":1}}]}},{"probability":0.24,"template":{"Id":"container_Factory_Rework_DesignStuff_00082","IsContainer":true,"useGravity":false,"randomRotation":false,"Position":{"x":0,"y":0,"z":0},"Rotation":{"x":0,"y":0,"z":0},"IsGroupPosition":false,"GroupPositions":[],"IsAlwaysSpawn":false,"Root":"6773218caa7884774f0fb672","Items":[{"_id":"6773218caa7884774f0fb672","_tpl":"578f87ad245977356274f2cc","upd":{"StackObjectsCount":1}}]}},{"probability":0.21,"template":{"Id":"container_Factory_Rework_DesignStuff_00092","IsContainer":true,"useGravity":false,"randomRotation":false,"Position":{"x":0,"y":0,"z":0},"Rotation":{"x":0,"y":0,"z":0},"IsGroupPosition":false,"GroupPositions":[],"IsAlwaysSpawn":false,"Root":"6773218caa7884774f0fb680","Items":[{"_id":"6773218caa7884774f0fb680","_tpl":"5909d50c86f774659e6aaebe","upd":{"StackObjectsCount":1}}]}},{"probability":1,"template":{"Id":"Lootable_00004","IsContainer":true,"useGravity":false,"randomRotation":false,"Position":{"x":0,"y":0,"z":0},"Rotation":{"x":0,"y":0,"z":0},"IsGroupPosition":false,"GroupPositions":[],"IsAlwaysSpawn":true,"Root":"6773218caa7884774f0fb688","Items":[{"_id":"6773218caa7884774f0fb688","_tpl":"578f8782245977354405a1e3","upd":{"StackObjectsCount":1}}]}},{"probability":1,"template":{"Id":"00012","IsContainer":true,"useGravity":false,"randomRotation":false,"Position":{"x":0,"y":0,"z":0},"Rotation":{"x":0,"y":0,"z":0},"IsGroupPosition":false,"GroupPositions":[],"IsAlwaysSpawn":true,"Root":"6773218caa7884774f0fb68e","Items":[{"_id":"6773218caa7884774f0fb68e","_tpl":"5d6fd45b86f774317075ed43","upd":{"StackObjectsCount":1}}]}},{"probability":1,"template":{"Id":"container_Factory_Rework_DesignStuff_00032","IsContainer":true,"useGravity":false,"randomRotation":false,"Position":{"x":0,"y":0,"z":0},"Rotation":{"x":0,"y":0,"z":0},"IsGroupPosition":false,"GroupPositions":[],"IsAlwaysSpawn":false,"Root":"6773218caa7884774f0fb69a","Items":[{"_id":"6773218caa7884774f0fb69a","_tpl":"578f8778245977358849a9b5","upd":{"StackObjectsCount":1}}]}},{"probability":1,"template":{"Id":"container_Factory_Rework_DesignStuff_00030","IsContainer":true,"useGravity":false,"randomRotation":false,"Position":{"x":0,"y":0,"z":0},"Rotation":{"x":0,"y":0,"z":0},"IsGroupPosition":false,"GroupPositions":[],"IsAlwaysSpawn":true,"Root":"6773218caa7884774f0fb69e","Items":[{"_id":"6773218caa7884774f0fb69e","_tpl":"578f87b7245977356274f2cd","upd":{"StackObjectsCount":1}}]}},{"probability":1,"template":{"Id":"container_Factory_Rework_DesignStuff_00029","IsContainer":true,"useGravity":false,"randomRotation":false,"Position":{"x":0,"y":0,"z":0},"Rotation":{"x":0,"y":0,"z":0},"IsGroupPosition":false,"GroupPositions":[],"IsAlwaysSpawn":true,"Root":"6773218caa7884774f0fb6a2","Items":[{"_id":"6773218caa7884774f0fb6a2","_tpl":"578f87b7245977356274f2cd","upd":{"StackObjectsCount":1}}]}},{"probability":1,"template":{"Id":"container_Factory_Rework_DesignStuff_00028","IsContainer":true,"useGravity":false,"randomRotation":false,"Position":{"x":0,"y":0,"z":0},"Rotation":{"x":0,"y":0,"z":0},"IsGroupPosition":false,"GroupPositions":[],"IsAlwaysSpawn":true,"Root":"6773218caa7884774f0fb6a6","Items":[{"_id":"6773218caa7884774f0fb6a6","_tpl":"578f87b7245977356274f2cd","upd":{"StackObjectsCount":1}}]}},{"probability":1,"template":{"Id":"container_Factory_Rework_DesignStuff_00027","IsContainer":true,"useGravity":false,"randomRotation":false,"Position":{"x":0,"y":0,"z":0},"Rotation":{"x":0,"y":0,"z":0},"IsGroupPosition":false,"GroupPositions":[],"IsAlwaysSpawn":true,"Root":"6773218caa7884774f0fb6aa","Items":[{"_id":"6773218caa7884774f0fb6aa","_tpl":"578f87b7245977356274f2cd","upd":{"StackObjectsCount":1}}]}},{"probability":0.28,"template":{"Id":"container_Factory_Rework_DesignStuff_00078","IsContainer":true,"useGravity":false,"randomRotation":false,"Position":{"x":0,"y":0,"z":0},"Rotation":{"x":0,"y":0,"z":0},"IsGroupPosition":false,"GroupPositions":[],"IsAlwaysSpawn":false,"Root":"6773218caa7884774f0fb6be","Items":[{"_id":"6773218caa7884774f0fb6be","_tpl":"578f87ad245977356274f2cc","upd":{"StackObjectsCount":1}}]}},{"probability":1,"template":{"Id":"container_Factory_Rework_DesignStuff_00038","IsContainer":true,"useGravity":false,"randomRotation":false,"Position":{"x":0,"y":0,"z":0},"Rotation":{"x":0,"y":0,"z":0},"IsGroupPosition":false,"GroupPositions":[],"IsAlwaysSpawn":false,"Root":"6773218caa7884774f0fb6c4","Items":[{"_id":"6773218caa7884774f0fb6c4","_tpl":"578f8778245977358849a9b5","upd":{"StackObjectsCount":1}}]}},{"probability":1,"template":{"Id":"container_Factory_Rework_DesignStuff_00004","IsContainer":true,"useGravity":false,"randomRotation":false,"Position":{"x":0,"y":0,"z":0},"Rotation":{"x":0,"y":0,"z":0},"IsGroupPosition":false,"GroupPositions":[],"IsAlwaysSpawn":false,"Root":"6773218caa7884774f0fb6cc","Items":[{"_id":"6773218caa7884774f0fb6cc","_tpl":"6582e6d7b14c3f72eb071420","upd":{"StackObjectsCount":1}}]}},{"probability":0.48,"template":{"Id":"container_Factory_Rework_DesignStuff_00074","IsContainer":true,"useGravity":false,"randomRotation":false,"Position":{"x":0,"y":0,"z":0},"Rotation":{"x":0,"y":0,"z":0},"IsGroupPosition":false,"GroupPositions":[],"IsAlwaysSpawn":false,"Root":"6773218caa7884774f0fb6d9","Items":[{"_id":"6773218caa7884774f0fb6d9","_tpl":"5909d5ef86f77467974efbd8","upd":{"StackObjectsCount":1}}]}},{"probability":0.34,"template":{"Id":"container_Factory_Rework_DesignStuff_00020","IsContainer":true,"useGravity":false,"randomRotation":false,"Position":{"x":0,"y":0,"z":0},"Rotation":{"x":0,"y":0,"z":0},"IsGroupPosition":false,"GroupPositions":[],"IsAlwaysSpawn":false,"Root":"6773218caa7884774f0fb6f3","Items":[{"_id":"6773218caa7884774f0fb6f3","_tpl":"5909d50c86f774659e6aaebe","upd":{"StackObjectsCount":1}}]}},{"probability":1,"template":{"Id":"container_Factory_Rework_DesignStuff_00129","IsContainer":true,"useGravity":false,"randomRotation":false,"Position":{"x":0,"y":0,"z":0},"Rotation":{"x":0,"y":0,"z":0},"IsGroupPosition":false,"GroupPositions":[],"IsAlwaysSpawn":false,"Root":"6773218caa7884774f0fb6f7","Items":[{"_id":"6773218caa7884774f0fb6f7","_tpl":"578f87a3245977356274f2cb","upd":{"StackObjectsCount":1}}]}},{"probability":1,"template":{"Id":"Lootable_00005","IsContainer":true,"useGravity":false,"randomRotation":false,"Position":{"x":0,"y":0,"z":0},"Rotation":{"x":0,"y":0,"z":0},"IsGroupPosition":false,"GroupPositions":[],"IsAlwaysSpawn":true,"Root":"6773218caa7884774f0fb6fd","Items":[{"_id":"6773218caa7884774f0fb6fd","_tpl":"578f87b7245977356274f2cd","upd":{"StackObjectsCount":1}}]}},{"probability":1,"template":{"Id":"Lootable_00006","IsContainer":true,"useGravity":false,"randomRotation":false,"Position":{"x":0,"y":0,"z":0},"Rotation":{"x":0,"y":0,"z":0},"IsGroupPosition":false,"GroupPositions":[],"IsAlwaysSpawn":true,"Root":"6773218caa7884774f0fb701","Items":[{"_id":"6773218caa7884774f0fb701","_tpl":"578f87b7245977356274f2cd","upd":{"StackObjectsCount":1}}]}},{"probability":1,"template":{"Id":"Lootable_00007","IsContainer":true,"useGravity":false,"randomRotation":false,"Position":{"x":0,"y":0,"z":0},"Rotation":{"x":0,"y":0,"z":0},"IsGroupPosition":false,"GroupPositions":[],"IsAlwaysSpawn":true,"Root":"6773218caa7884774f0fb705","Items":[{"_id":"6773218caa7884774f0fb705","_tpl":"578f87b7245977356274f2cd","upd":{"StackObjectsCount":1}}]}},{"probability":1,"template":{"Id":"Lootable_00008","IsContainer":true,"useGravity":false,"randomRotation":false,"Position":{"x":0,"y":0,"z":0},"Rotation":{"x":0,"y":0,"z":0},"IsGroupPosition":false,"GroupPositions":[],"IsAlwaysSpawn":true,"Root":"6773218caa7884774f0fb709","Items":[{"_id":"6773218caa7884774f0fb709","_tpl":"578f87b7245977356274f2cd","upd":{"StackObjectsCount":1}}]}},{"probability":1,"template":{"Id":"container_Factory_Rework_DesignStuff_00033","IsContainer":true,"useGravity":false,"randomRotation":false,"Position":{"x":0,"y":0,"z":0},"Rotation":{"x":0,"y":0,"z":0},"IsGroupPosition":false,"GroupPositions":[],"IsAlwaysSpawn":false,"Root":"6773218caa7884774f0fb71f","Items":[{"_id":"6773218caa7884774f0fb71f","_tpl":"578f8778245977358849a9b5","upd":{"StackObjectsCount":1}}]}},{"probability":1,"template":{"Id":"container_Factory_Rework_DesignStuff_00034","IsContainer":true,"useGravity":false,"randomRotation":false,"Position":{"x":0,"y":0,"z":0},"Rotation":{"x":0,"y":0,"z":0},"IsGroupPosition":false,"GroupPositions":[],"IsAlwaysSpawn":false,"Root":"6773218caa7884774f0fb723","Items":[{"_id":"6773218caa7884774f0fb723","_tpl":"578f8778245977358849a9b5","upd":{"StackObjectsCount":1}}]}},{"probability":1,"template":{"Id":"container_Factory_Rework_DesignStuff_00128","IsContainer":true,"useGravity":false,"randomRotation":false,"Position":{"x":0,"y":0,"z":0},"Rotation":{"x":0,"y":0,"z":0},"IsGroupPosition":false,"GroupPositions":[],"IsAlwaysSpawn":false,"Root":"6773218caa7884774f0fb731","Items":[{"_id":"6773218caa7884774f0fb731","_tpl":"5909d50c86f774659e6aaebe","upd":{"StackObjectsCount":1}}]}},{"probability":1,"template":{"Id":"container_Factory_Eugene_Temp_00002","IsContainer":true,"useGravity":false,"randomRotation":false,"Position":{"x":0,"y":0,"z":0},"Rotation":{"x":0,"y":0,"z":0},"IsGroupPosition":false,"GroupPositions":[],"IsAlwaysSpawn":false,"Root":"6773218caa7884774f0fb737","Items":[{"_id":"6773218caa7884774f0fb737","_tpl":"578f8778245977358849a9b5","upd":{"StackObjectsCount":1}}]}},{"probability":1,"template":{"Id":"container_Factory_Rework_DesignStuff_00122","IsContainer":true,"useGravity":false,"randomRotation":false,"Position":{"x":0,"y":0,"z":0},"Rotation":{"x":0,"y":0,"z":0},"IsGroupPosition":false,"GroupPositions":[],"IsAlwaysSpawn":false,"Root":"6773218caa7884774f0fb73b","Items":[{"_id":"6773218caa7884774f0fb73b","_tpl":"5909e4b686f7747f5b744fa4","upd":{"StackObjectsCount":1}}]}},{"probability":1,"template":{"Id":"container_Factory_Rework_Background_00001","IsContainer":true,"useGravity":false,"randomRotation":false,"Position":{"x":0,"y":0,"z":0},"Rotation":{"x":0,"y":0,"z":0},"IsGroupPosition":false,"GroupPositions":[],"IsAlwaysSpawn":false,"Root":"6773218caa7884774f0fb741","Items":[{"_id":"6773218caa7884774f0fb741","_tpl":"578f87ad245977356274f2cc","upd":{"StackObjectsCount":1}}]}},{"probability":0.55,"template":{"Id":"container_Factory_Rework_DesignStuff_00136","IsContainer":true,"useGravity":false,"randomRotation":false,"Position":{"x":0,"y":0,"z":0},"Rotation":{"x":0,"y":0,"z":0},"IsGroupPosition":false,"GroupPositions":[],"IsAlwaysSpawn":false,"Root":"6773218caa7884774f0fb74b","Items":[{"_id":"6773218caa7884774f0fb74b","_tpl":"5909d5ef86f77467974efbd8","upd":{"StackObjectsCount":1}}]}},{"probability":0.41,"template":{"Id":"container_Factory_Rework_DesignStuff_00096","IsContainer":true,"useGravity":false,"randomRotation":false,"Position":{"x":0,"y":0,"z":0},"Rotation":{"x":0,"y":0,"z":0},"IsGroupPosition":false,"GroupPositions":[],"IsAlwaysSpawn":false,"Root":"6773218caa7884774f0fb74f","Items":[{"_id":"6773218caa7884774f0fb74f","_tpl":"578f87ad245977356274f2cc","upd":{"StackObjectsCount":1}}]}},{"probability":0.41,"template":{"Id":"container_Factory_Rework_DesignStuff_00076","IsContainer":true,"useGravity":false,"randomRotation":false,"Position":{"x":0,"y":0,"z":0},"Rotation":{"x":0,"y":0,"z":0},"IsGroupPosition":false,"GroupPositions":[],"IsAlwaysSpawn":false,"Root":"6773218caa7884774f0fb757","Items":[{"_id":"6773218caa7884774f0fb757","_tpl":"5909d50c86f774659e6aaebe","upd":{"StackObjectsCount":1}}]}},{"probability":1,"template":{"Id":"container_Factory_Rework_Background_00000","IsContainer":true,"useGravity":false,"randomRotation":false,"Position":{"x":0,"y":0,"z":0},"Rotation":{"x":0,"y":0,"z":0},"IsGroupPosition":false,"GroupPositions":[],"IsAlwaysSpawn":false,"Root":"6773218caa7884774f0fb765","Items":[{"_id":"6773218caa7884774f0fb765","_tpl":"578f87ad245977356274f2cc","upd":{"StackObjectsCount":1}}]}},{"probability":0.55,"template":{"Id":"container_Factory_Rework_DesignStuff_00095","IsContainer":true,"useGravity":false,"randomRotation":false,"Position":{"x":0,"y":0,"z":0},"Rotation":{"x":0,"y":0,"z":0},"IsGroupPosition":false,"GroupPositions":[],"IsAlwaysSpawn":false,"Root":"6773218caa7884774f0fb775","Items":[{"_id":"6773218caa7884774f0fb775","_tpl":"578f87a3245977356274f2cb","upd":{"StackObjectsCount":1}}]}},{"probability":1,"template":{"Id":"container_Factory_Rework_DesignStuff_00035","IsContainer":true,"useGravity":false,"randomRotation":false,"Position":{"x":0,"y":0,"z":0},"Rotation":{"x":0,"y":0,"z":0},"IsGroupPosition":false,"GroupPositions":[],"IsAlwaysSpawn":false,"Root":"6773218caa7884774f0fb77b","Items":[{"_id":"6773218caa7884774f0fb77b","_tpl":"578f8778245977358849a9b5","upd":{"StackObjectsCount":1}}]}},{"probability":0.45,"template":{"Id":"container_Factory_Rework_DesignStuff_00043","IsContainer":true,"useGravity":false,"randomRotation":false,"Position":{"x":0,"y":0,"z":0},"Rotation":{"x":0,"y":0,"z":0},"IsGroupPosition":false,"GroupPositions":[],"IsAlwaysSpawn":false,"Root":"6773218caa7884774f0fb77f","Items":[{"_id":"6773218caa7884774f0fb77f","_tpl":"578f87ad245977356274f2cc","upd":{"StackObjectsCount":1}}]}},{"probability":1,"template":{"Id":"container_Factory_Rework_DesignStuff_00126","IsContainer":true,"useGravity":false,"randomRotation":false,"Position":{"x":0,"y":0,"z":0},"Rotation":{"x":0,"y":0,"z":0},"IsGroupPosition":false,"GroupPositions":[],"IsAlwaysSpawn":false,"Root":"6773218caa7884774f0fb789","Items":[{"_id":"6773218caa7884774f0fb789","_tpl":"5909d50c86f774659e6aaebe","upd":{"StackObjectsCount":1}}]}},{"probability":1,"template":{"Id":"container_Factory_Rework_DesignStuff_00106","IsContainer":true,"useGravity":false,"randomRotation":false,"Position":{"x":0,"y":0,"z":0},"Rotation":{"x":0,"y":0,"z":0},"IsGroupPosition":false,"GroupPositions":[],"IsAlwaysSpawn":false,"Root":"6773218caa7884774f0fb791","Items":[{"_id":"6773218caa7884774f0fb791","_tpl":"578f8778245977358849a9b5","upd":{"StackObjectsCount":1}}]}},{"probability":0.52,"template":{"Id":"container_Factory_Rework_DesignStuff_00007","IsContainer":true,"useGravity":false,"randomRotation":false,"Position":{"x":0,"y":0,"z":0},"Rotation":{"x":0,"y":0,"z":0},"IsGroupPosition":false,"GroupPositions":[],"IsAlwaysSpawn":false,"Root":"6773218caa7884774f0fb795","Items":[{"_id":"6773218caa7884774f0fb795","_tpl":"5909d5ef86f77467974efbd8","upd":{"StackObjectsCount":1}}]}},{"probability":0.38,"template":{"Id":"container_Factory_Rework_DesignStuff_00116","IsContainer":true,"useGravity":false,"randomRotation":false,"Position":{"x":0,"y":0,"z":0},"Rotation":{"x":0,"y":0,"z":0},"IsGroupPosition":false,"GroupPositions":[],"IsAlwaysSpawn":false,"Root":"6773218caa7884774f0fb7ad","Items":[{"_id":"6773218caa7884774f0fb7ad","_tpl":"578f87ad245977356274f2cc","upd":{"StackObjectsCount":1}}]}},{"probability":0.24,"template":{"Id":"container_Factory_Rework_DesignStuff_00143","IsContainer":true,"useGravity":false,"randomRotation":false,"Position":{"x":0,"y":0,"z":0},"Rotation":{"x":0,"y":0,"z":0},"IsGroupPosition":false,"GroupPositions":[],"IsAlwaysSpawn":false,"Root":"6773218caa7884774f0fb7b1","Items":[{"_id":"6773218caa7884774f0fb7b1","_tpl":"578f87ad245977356274f2cc","upd":{"StackObjectsCount":1}}]}},{"probability":1,"template":{"Id":"container_Factory_Rework_DesignStuff_00124","IsContainer":true,"useGravity":false,"randomRotation":false,"Position":{"x":0,"y":0,"z":0},"Rotation":{"x":0,"y":0,"z":0},"IsGroupPosition":false,"GroupPositions":[],"IsAlwaysSpawn":false,"Root":"6773218caa7884774f0fb7c0","Items":[{"_id":"6773218caa7884774f0fb7c0","_tpl":"578f8778245977358849a9b5","upd":{"StackObjectsCount":1}}]}},{"probability":0.24,"template":{"Id":"container_Factory_Rework_DesignStuff_00145","IsContainer":true,"useGravity":false,"randomRotation":false,"Position":{"x":0,"y":0,"z":0},"Rotation":{"x":0,"y":0,"z":0},"IsGroupPosition":false,"GroupPositions":[],"IsAlwaysSpawn":false,"Root":"6773218caa7884774f0fb7cc","Items":[{"_id":"6773218caa7884774f0fb7cc","_tpl":"578f87ad245977356274f2cc","upd":{"StackObjectsCount":1}}]}},{"probability":1,"template":{"Id":"container_Factory_Rework_DesignStuff_00125","IsContainer":true,"useGravity":false,"randomRotation":false,"Position":{"x":0,"y":0,"z":0},"Rotation":{"x":0,"y":0,"z":0},"IsGroupPosition":false,"GroupPositions":[],"IsAlwaysSpawn":false,"Root":"6773218caa7884774f0fb7d0","Items":[{"_id":"6773218caa7884774f0fb7d0","_tpl":"578f8778245977358849a9b5","upd":{"StackObjectsCount":1}}]}},{"probability":0.48,"template":{"Id":"container_Factory_Rework_DesignStuff_00088","IsContainer":true,"useGravity":false,"randomRotation":false,"Position":{"x":0,"y":0,"z":0},"Rotation":{"x":0,"y":0,"z":0},"IsGroupPosition":false,"GroupPositions":[],"IsAlwaysSpawn":false,"Root":"6773218caa7884774f0fb7d4","Items":[{"_id":"6773218caa7884774f0fb7d4","_tpl":"578f87a3245977356274f2cb","upd":{"StackObjectsCount":1}}]}},{"probability":0.34,"template":{"Id":"container_Factory_Rework_DesignStuff_00053","IsContainer":true,"useGravity":false,"randomRotation":false,"Position":{"x":0,"y":0,"z":0},"Rotation":{"x":0,"y":0,"z":0},"IsGroupPosition":false,"GroupPositions":[],"IsAlwaysSpawn":false,"Root":"6773218caa7884774f0fb7e4","Items":[{"_id":"6773218caa7884774f0fb7e4","_tpl":"578f87ad245977356274f2cc","upd":{"StackObjectsCount":1}}]}},{"probability":0.45,"template":{"Id":"container_Factory_Rework_DesignStuff_00070","IsContainer":true,"useGravity":false,"randomRotation":false,"Position":{"x":0,"y":0,"z":0},"Rotation":{"x":0,"y":0,"z":0},"IsGroupPosition":false,"GroupPositions":[],"IsAlwaysSpawn":false,"Root":"67731f350d25d08c7e060b63","Items":[{"_id":"67731f350d25d08c7e060b63","_tpl":"578f87ad245977356274f2cc","upd":{"StackObjectsCount":1}}]}},{"probability":0.17,"template":{"Id":"container_Factory_Rework_DesignStuff_00066","IsContainer":true,"useGravity":false,"randomRotation":false,"Position":{"x":0,"y":0,"z":0},"Rotation":{"x":0,"y":0,"z":0},"IsGroupPosition":false,"GroupPositions":[],"IsAlwaysSpawn":false,"Root":"67731f350d25d08c7e060b70","Items":[{"_id":"67731f350d25d08c7e060b70","_tpl":"578f87ad245977356274f2cc","upd":{"StackObjectsCount":1}}]}},{"probability":0.48,"template":{"Id":"container_Factory_Rework_DesignStuff_00139","IsContainer":true,"useGravity":false,"randomRotation":false,"Position":{"x":0,"y":0,"z":0},"Rotation":{"x":0,"y":0,"z":0},"IsGroupPosition":false,"GroupPositions":[],"IsAlwaysSpawn":false,"Root":"67731f350d25d08c7e060b92","Items":[{"_id":"67731f350d25d08c7e060b92","_tpl":"578f87ad245977356274f2cc","upd":{"StackObjectsCount":1}}]}},{"probability":0.24,"template":{"Id":"container_Factory_Rework_DesignStuff_00040","IsContainer":true,"useGravity":false,"randomRotation":false,"Position":{"x":0,"y":0,"z":0},"Rotation":{"x":0,"y":0,"z":0},"IsGroupPosition":false,"GroupPositions":[],"IsAlwaysSpawn":false,"Root":"67731f350d25d08c7e060ba4","Items":[{"_id":"67731f350d25d08c7e060ba4","_tpl":"578f87a3245977356274f2cb","upd":{"StackObjectsCount":1}}]}},{"probability":0.17,"template":{"Id":"container_Factory_Rework_DesignStuff_00016","IsContainer":true,"useGravity":false,"randomRotation":false,"Position":{"x":0,"y":0,"z":0},"Rotation":{"x":0,"y":0,"z":0},"IsGroupPosition":false,"GroupPositions":[],"IsAlwaysSpawn":false,"Root":"67731f350d25d08c7e060bc0","Items":[{"_id":"67731f350d25d08c7e060bc0","_tpl":"578f87ad245977356274f2cc","upd":{"StackObjectsCount":1}}]}},{"probability":0.31,"template":{"Id":"container_Factory_Rework_DesignStuff_00073","IsContainer":true,"useGravity":false,"randomRotation":false,"Position":{"x":0,"y":0,"z":0},"Rotation":{"x":0,"y":0,"z":0},"IsGroupPosition":false,"GroupPositions":[],"IsAlwaysSpawn":false,"Root":"67731f350d25d08c7e060bd0","Items":[{"_id":"67731f350d25d08c7e060bd0","_tpl":"578f87a3245977356274f2cb","upd":{"StackObjectsCount":1}}]}},{"probability":0.21,"template":{"Id":"container_Factory_Rework_DesignStuff_00054","IsContainer":true,"useGravity":false,"randomRotation":false,"Position":{"x":0,"y":0,"z":0},"Rotation":{"x":0,"y":0,"z":0},"IsGroupPosition":false,"GroupPositions":[],"IsAlwaysSpawn":false,"Root":"67731f350d25d08c7e060be7","Items":[{"_id":"67731f350d25d08c7e060be7","_tpl":"578f87ad245977356274f2cc","upd":{"StackObjectsCount":1}}]}},{"probability":0.41,"template":{"Id":"container_Factory_Rework_DesignStuff_00001","IsContainer":true,"useGravity":false,"randomRotation":false,"Position":{"x":0,"y":0,"z":0},"Rotation":{"x":0,"y":0,"z":0},"IsGroupPosition":false,"GroupPositions":[],"IsAlwaysSpawn":false,"Root":"67731f350d25d08c7e060bed","Items":[{"_id":"67731f350d25d08c7e060bed","_tpl":"5909d5ef86f77467974efbd8","upd":{"StackObjectsCount":1}}]}},{"probability":0.38,"template":{"Id":"container_Factory_Rework_DesignStuff_00133","IsContainer":true,"useGravity":false,"randomRotation":false,"Position":{"x":0,"y":0,"z":0},"Rotation":{"x":0,"y":0,"z":0},"IsGroupPosition":false,"GroupPositions":[],"IsAlwaysSpawn":false,"Root":"67731f350d25d08c7e060bf9","Items":[{"_id":"67731f350d25d08c7e060bf9","_tpl":"5909d36d86f774660f0bb900","upd":{"StackObjectsCount":1}}]}},{"probability":0.24,"template":{"Id":"container_Factory_Rework_DesignStuff_00061","IsContainer":true,"useGravity":false,"randomRotation":false,"Position":{"x":0,"y":0,"z":0},"Rotation":{"x":0,"y":0,"z":0},"IsGroupPosition":false,"GroupPositions":[],"IsAlwaysSpawn":false,"Root":"67731f350d25d08c7e060c1b","Items":[{"_id":"67731f350d25d08c7e060c1b","_tpl":"578f87ad245977356274f2cc","upd":{"StackObjectsCount":1}}]}},{"probability":0.28,"template":{"Id":"container_Factory_Rework_DesignStuff_00086","IsContainer":true,"useGravity":false,"randomRotation":false,"Position":{"x":0,"y":0,"z":0},"Rotation":{"x":0,"y":0,"z":0},"IsGroupPosition":false,"GroupPositions":[],"IsAlwaysSpawn":false,"Root":"67731f350d25d08c7e060c35","Items":[{"_id":"67731f350d25d08c7e060c35","_tpl":"5909d50c86f774659e6aaebe","upd":{"StackObjectsCount":1}}]}},{"probability":0.17,"template":{"Id":"container_Factory_Rework_DesignStuff_00097","IsContainer":true,"useGravity":false,"randomRotation":false,"Position":{"x":0,"y":0,"z":0},"Rotation":{"x":0,"y":0,"z":0},"IsGroupPosition":false,"GroupPositions":[],"IsAlwaysSpawn":false,"Root":"67731f350d25d08c7e060c65","Items":[{"_id":"67731f350d25d08c7e060c65","_tpl":"5909d50c86f774659e6aaebe","upd":{"StackObjectsCount":1}}]}},{"probability":0.48,"template":{"Id":"container_Factory_Rework_DesignStuff_00008","IsContainer":true,"useGravity":false,"randomRotation":false,"Position":{"x":0,"y":0,"z":0},"Rotation":{"x":0,"y":0,"z":0},"IsGroupPosition":false,"GroupPositions":[],"IsAlwaysSpawn":false,"Root":"67731f350d25d08c7e060c73","Items":[{"_id":"67731f350d25d08c7e060c73","_tpl":"5909d5ef86f77467974efbd8","upd":{"StackObjectsCount":1}}]}},{"probability":0.34,"template":{"Id":"container_Factory_Rework_DesignStuff_00000","IsContainer":true,"useGravity":false,"randomRotation":false,"Position":{"x":0,"y":0,"z":0},"Rotation":{"x":0,"y":0,"z":0},"IsGroupPosition":false,"GroupPositions":[],"IsAlwaysSpawn":false,"Root":"67731f350d25d08c7e060c97","Items":[{"_id":"67731f350d25d08c7e060c97","_tpl":"5909d5ef86f77467974efbd8","upd":{"StackObjectsCount":1}}]}},{"probability":0.21,"template":{"Id":"container_Factory_Rework_DesignStuff_00018","IsContainer":true,"useGravity":false,"randomRotation":false,"Position":{"x":0,"y":0,"z":0},"Rotation":{"x":0,"y":0,"z":0},"IsGroupPosition":false,"GroupPositions":[],"IsAlwaysSpawn":false,"Root":"67731f350d25d08c7e060ca1","Items":[{"_id":"67731f350d25d08c7e060ca1","_tpl":"5909d50c86f774659e6aaebe","upd":{"StackObjectsCount":1}}]}},{"probability":0.34,"template":{"Id":"container_Factory_Rework_DesignStuff_00142","IsContainer":true,"useGravity":false,"randomRotation":false,"Position":{"x":0,"y":0,"z":0},"Rotation":{"x":0,"y":0,"z":0},"IsGroupPosition":false,"GroupPositions":[],"IsAlwaysSpawn":false,"Root":"67731f360d25d08c7e060cdb","Items":[{"_id":"67731f360d25d08c7e060cdb","_tpl":"578f87ad245977356274f2cc","upd":{"StackObjectsCount":1}}]}},{"probability":0.45,"template":{"Id":"container_Factory_Rework_DesignStuff_00099","IsContainer":true,"useGravity":false,"randomRotation":false,"Position":{"x":0,"y":0,"z":0},"Rotation":{"x":0,"y":0,"z":0},"IsGroupPosition":false,"GroupPositions":[],"IsAlwaysSpawn":false,"Root":"67731f360d25d08c7e060cfd","Items":[{"_id":"67731f360d25d08c7e060cfd","_tpl":"5909d24f86f77466f56e6855","upd":{"StackObjectsCount":1}}]}},{"probability":0.34,"template":{"Id":"container_Factory_Rework_DesignStuff_00017","IsContainer":true,"useGravity":false,"randomRotation":false,"Position":{"x":0,"y":0,"z":0},"Rotation":{"x":0,"y":0,"z":0},"IsGroupPosition":false,"GroupPositions":[],"IsAlwaysSpawn":false,"Root":"67731f360d25d08c7e060d05","Items":[{"_id":"67731f360d25d08c7e060d05","_tpl":"5909d36d86f774660f0bb900","upd":{"StackObjectsCount":1}}]}},{"probability":0.48,"template":{"Id":"container_Factory_Rework_DesignStuff_00132","IsContainer":true,"useGravity":false,"randomRotation":false,"Position":{"x":0,"y":0,"z":0},"Rotation":{"x":0,"y":0,"z":0},"IsGroupPosition":false,"GroupPositions":[],"IsAlwaysSpawn":false,"Root":"67731f360d25d08c7e060d65","Items":[{"_id":"67731f360d25d08c7e060d65","_tpl":"578f87ad245977356274f2cc","upd":{"StackObjectsCount":1}}]}},{"probability":0.21,"template":{"Id":"container_Factory_Rework_DesignStuff_00047","IsContainer":true,"useGravity":false,"randomRotation":false,"Position":{"x":0,"y":0,"z":0},"Rotation":{"x":0,"y":0,"z":0},"IsGroupPosition":false,"GroupPositions":[],"IsAlwaysSpawn":false,"Root":"67731f360d25d08c7e060d7d","Items":[{"_id":"67731f360d25d08c7e060d7d","_tpl":"578f87ad245977356274f2cc","upd":{"StackObjectsCount":1}}]}},{"probability":0.41,"template":{"Id":"container_Factory_Rework_DesignStuff_00121","IsContainer":true,"useGravity":false,"randomRotation":false,"Position":{"x":0,"y":0,"z":0},"Rotation":{"x":0,"y":0,"z":0},"IsGroupPosition":false,"GroupPositions":[],"IsAlwaysSpawn":false,"Root":"67731f360d25d08c7e060dad","Items":[{"_id":"67731f360d25d08c7e060dad","_tpl":"578f87ad245977356274f2cc","upd":{"StackObjectsCount":1}}]}},{"probability":0.59,"template":{"Id":"container_Factory_Rework_DesignStuff_00042","IsContainer":true,"useGravity":false,"randomRotation":false,"Position":{"x":0,"y":0,"z":0},"Rotation":{"x":0,"y":0,"z":0},"IsGroupPosition":false,"GroupPositions":[],"IsAlwaysSpawn":false,"Root":"67731f360d25d08c7e060dd0","Items":[{"_id":"67731f360d25d08c7e060dd0","_tpl":"578f87ad245977356274f2cc","upd":{"StackObjectsCount":1}}]}},{"probability":0.34,"template":{"Id":"container_Factory_Rework_DesignStuff_00023","IsContainer":true,"useGravity":false,"randomRotation":false,"Position":{"x":0,"y":0,"z":0},"Rotation":{"x":0,"y":0,"z":0},"IsGroupPosition":false,"GroupPositions":[],"IsAlwaysSpawn":false,"Root":"67731f360d25d08c7e060dfc","Items":[{"_id":"67731f360d25d08c7e060dfc","_tpl":"5909d24f86f77466f56e6855","upd":{"StackObjectsCount":1}}]}},{"probability":0.28,"template":{"Id":"container_Factory_Rework_DesignStuff_00045","IsContainer":true,"useGravity":false,"randomRotation":false,"Position":{"x":0,"y":0,"z":0},"Rotation":{"x":0,"y":0,"z":0},"IsGroupPosition":false,"GroupPositions":[],"IsAlwaysSpawn":false,"Root":"6773137c53e5e853080ca8bf","Items":[{"_id":"6773137c53e5e853080ca8bf","_tpl":"578f87ad245977356274f2cc","upd":{"StackObjectsCount":1}}]}},{"probability":0.48,"template":{"Id":"container_Factory_Rework_DesignStuff_00044","IsContainer":true,"useGravity":false,"randomRotation":false,"Position":{"x":0,"y":0,"z":0},"Rotation":{"x":0,"y":0,"z":0},"IsGroupPosition":false,"GroupPositions":[],"IsAlwaysSpawn":false,"Root":"6773137c53e5e853080ca905","Items":[{"_id":"6773137c53e5e853080ca905","_tpl":"578f87ad245977356274f2cc","upd":{"StackObjectsCount":1}}]}},{"probability":0.28,"template":{"Id":"container_Factory_Rework_DesignStuff_00025","IsContainer":true,"useGravity":false,"randomRotation":false,"Position":{"x":0,"y":0,"z":0},"Rotation":{"x":0,"y":0,"z":0},"IsGroupPosition":false,"GroupPositions":[],"IsAlwaysSpawn":false,"Root":"6773137c53e5e853080ca90b","Items":[{"_id":"6773137c53e5e853080ca90b","_tpl":"578f87ad245977356274f2cc","upd":{"StackObjectsCount":1}}]}},{"probability":0.31,"template":{"Id":"container_Factory_Rework_DesignStuff_00048","IsContainer":true,"useGravity":false,"randomRotation":false,"Position":{"x":0,"y":0,"z":0},"Rotation":{"x":0,"y":0,"z":0},"IsGroupPosition":false,"GroupPositions":[],"IsAlwaysSpawn":false,"Root":"6773137c53e5e853080ca91b","Items":[{"_id":"6773137c53e5e853080ca91b","_tpl":"578f87ad245977356274f2cc","upd":{"StackObjectsCount":1}}]}},{"probability":0.28,"template":{"Id":"container_Factory_Rework_DesignStuff_00093","IsContainer":true,"useGravity":false,"randomRotation":false,"Position":{"x":0,"y":0,"z":0},"Rotation":{"x":0,"y":0,"z":0},"IsGroupPosition":false,"GroupPositions":[],"IsAlwaysSpawn":false,"Root":"6773137c53e5e853080ca925","Items":[{"_id":"6773137c53e5e853080ca925","_tpl":"5909d36d86f774660f0bb900","upd":{"StackObjectsCount":1}}]}},{"probability":0.34,"template":{"Id":"container_Factory_Rework_DesignStuff_00072","IsContainer":true,"useGravity":false,"randomRotation":false,"Position":{"x":0,"y":0,"z":0},"Rotation":{"x":0,"y":0,"z":0},"IsGroupPosition":false,"GroupPositions":[],"IsAlwaysSpawn":false,"Root":"6773137c53e5e853080ca9a7","Items":[{"_id":"6773137c53e5e853080ca9a7","_tpl":"5909d36d86f774660f0bb900","upd":{"StackObjectsCount":1}}]}},{"probability":0.41,"template":{"Id":"container_Factory_Rework_DesignStuff_00091","IsContainer":true,"useGravity":false,"randomRotation":false,"Position":{"x":0,"y":0,"z":0},"Rotation":{"x":0,"y":0,"z":0},"IsGroupPosition":false,"GroupPositions":[],"IsAlwaysSpawn":false,"Root":"6773137c53e5e853080ca9bf","Items":[{"_id":"6773137c53e5e853080ca9bf","_tpl":"578f87a3245977356274f2cb","upd":{"StackObjectsCount":1}}]}},{"probability":0.48,"template":{"Id":"container_Factory_Rework_DesignStuff_00077","IsContainer":true,"useGravity":false,"randomRotation":false,"Position":{"x":0,"y":0,"z":0},"Rotation":{"x":0,"y":0,"z":0},"IsGroupPosition":false,"GroupPositions":[],"IsAlwaysSpawn":false,"Root":"6773137c53e5e853080ca9d5","Items":[{"_id":"6773137c53e5e853080ca9d5","_tpl":"5909d50c86f774659e6aaebe","upd":{"StackObjectsCount":1}}]}},{"probability":0.31,"template":{"Id":"container_Factory_Rework_DesignStuff_00100","IsContainer":true,"useGravity":false,"randomRotation":false,"Position":{"x":0,"y":0,"z":0},"Rotation":{"x":0,"y":0,"z":0},"IsGroupPosition":false,"GroupPositions":[],"IsAlwaysSpawn":false,"Root":"6773137c53e5e853080caa2b","Items":[{"_id":"6773137c53e5e853080caa2b","_tpl":"5909d24f86f77466f56e6855","upd":{"StackObjectsCount":1}}]}},{"probability":0.28,"template":{"Id":"container_Factory_Rework_DesignStuff_00107","IsContainer":true,"useGravity":false,"randomRotation":false,"Position":{"x":0,"y":0,"z":0},"Rotation":{"x":0,"y":0,"z":0},"IsGroupPosition":false,"GroupPositions":[],"IsAlwaysSpawn":false,"Root":"6773137c53e5e853080caaca","Items":[{"_id":"6773137c53e5e853080caaca","_tpl":"578f87ad245977356274f2cc","upd":{"StackObjectsCount":1}}]}},{"probability":0.14,"template":{"Id":"container_Factory_Rework_DesignStuff_00046","IsContainer":true,"useGravity":false,"randomRotation":false,"Position":{"x":0,"y":0,"z":0},"Rotation":{"x":0,"y":0,"z":0},"IsGroupPosition":false,"GroupPositions":[],"IsAlwaysSpawn":false,"Root":"6773137c53e5e853080caad0","Items":[{"_id":"6773137c53e5e853080caad0","_tpl":"578f87ad245977356274f2cc","upd":{"StackObjectsCount":1}}]}},{"probability":0.28,"template":{"Id":"Lootable_00003","IsContainer":true,"useGravity":false,"randomRotation":false,"Position":{"x":0,"y":0,"z":0},"Rotation":{"x":0,"y":0,"z":0},"IsGroupPosition":false,"GroupPositions":[],"IsAlwaysSpawn":false,"Root":"6773137c53e5e853080caadc","Items":[{"_id":"6773137c53e5e853080caadc","_tpl":"578f87ad245977356274f2cc","upd":{"StackObjectsCount":1}}]}},{"probability":0.17,"template":{"Id":"container_Factory_Rework_DesignStuff_00064","IsContainer":true,"useGravity":false,"randomRotation":false,"Position":{"x":0,"y":0,"z":0},"Rotation":{"x":0,"y":0,"z":0},"IsGroupPosition":false,"GroupPositions":[],"IsAlwaysSpawn":false,"Root":"6773137c53e5e853080cab30","Items":[{"_id":"6773137c53e5e853080cab30","_tpl":"578f87ad245977356274f2cc","upd":{"StackObjectsCount":1}}]}},{"probability":0.24,"template":{"Id":"container_Factory_Rework_DesignStuff_00067","IsContainer":true,"useGravity":false,"randomRotation":false,"Position":{"x":0,"y":0,"z":0},"Rotation":{"x":0,"y":0,"z":0},"IsGroupPosition":false,"GroupPositions":[],"IsAlwaysSpawn":false,"Root":"67730a1ebc6c81e1fd10c32d","Items":[{"_id":"67730a1ebc6c81e1fd10c32d","_tpl":"578f87ad245977356274f2cc","upd":{"StackObjectsCount":1}}]}},{"probability":0.28,"template":{"Id":"container_Factory_Rework_DesignStuff_00012","IsContainer":true,"useGravity":false,"randomRotation":false,"Position":{"x":0,"y":0,"z":0},"Rotation":{"x":0,"y":0,"z":0},"IsGroupPosition":false,"GroupPositions":[],"IsAlwaysSpawn":false,"Root":"67730a1ebc6c81e1fd10c335","Items":[{"_id":"67730a1ebc6c81e1fd10c335","_tpl":"578f87ad245977356274f2cc","upd":{"StackObjectsCount":1}}]}},{"probability":0.45,"template":{"Id":"container_Factory_Rework_DesignStuff_00101","IsContainer":true,"useGravity":false,"randomRotation":false,"Position":{"x":0,"y":0,"z":0},"Rotation":{"x":0,"y":0,"z":0},"IsGroupPosition":false,"GroupPositions":[],"IsAlwaysSpawn":false,"Root":"67730a1ebc6c81e1fd10c394","Items":[{"_id":"67730a1ebc6c81e1fd10c394","_tpl":"5909d24f86f77466f56e6855","upd":{"StackObjectsCount":1}}]}},{"probability":0.28,"template":{"Id":"container_Factory_Rework_DesignStuff_00062","IsContainer":true,"useGravity":false,"randomRotation":false,"Position":{"x":0,"y":0,"z":0},"Rotation":{"x":0,"y":0,"z":0},"IsGroupPosition":false,"GroupPositions":[],"IsAlwaysSpawn":false,"Root":"67730a1ebc6c81e1fd10c47f","Items":[{"_id":"67730a1ebc6c81e1fd10c47f","_tpl":"578f87ad245977356274f2cc","upd":{"StackObjectsCount":1}}]}},{"probability":0.38,"template":{"Id":"container_Factory_Rework_DesignStuff_00087","IsContainer":true,"useGravity":false,"randomRotation":false,"Position":{"x":0,"y":0,"z":0},"Rotation":{"x":0,"y":0,"z":0},"IsGroupPosition":false,"GroupPositions":[],"IsAlwaysSpawn":false,"Root":"67730a1ebc6c81e1fd10c48f","Items":[{"_id":"67730a1ebc6c81e1fd10c48f","_tpl":"5909d50c86f774659e6aaebe","upd":{"StackObjectsCount":1}}]}},{"probability":0.31,"template":{"Id":"container_Factory_Rework_DesignStuff_00071","IsContainer":true,"useGravity":false,"randomRotation":false,"Position":{"x":0,"y":0,"z":0},"Rotation":{"x":0,"y":0,"z":0},"IsGroupPosition":false,"GroupPositions":[],"IsAlwaysSpawn":false,"Root":"67730a1ebc6c81e1fd10c4a7","Items":[{"_id":"67730a1ebc6c81e1fd10c4a7","_tpl":"578f87ad245977356274f2cc","upd":{"StackObjectsCount":1}}]}},{"probability":0.38,"template":{"Id":"container_Factory_Rework_DesignStuff_00140","IsContainer":true,"useGravity":false,"randomRotation":false,"Position":{"x":0,"y":0,"z":0},"Rotation":{"x":0,"y":0,"z":0},"IsGroupPosition":false,"GroupPositions":[],"IsAlwaysSpawn":false,"Root":"67730a1ebc6c81e1fd10c4bb","Items":[{"_id":"67730a1ebc6c81e1fd10c4bb","_tpl":"578f87ad245977356274f2cc","upd":{"StackObjectsCount":1}}]}},{"probability":0.38,"template":{"Id":"container_Factory_Rework_DesignStuff_00059","IsContainer":true,"useGravity":false,"randomRotation":false,"Position":{"x":0,"y":0,"z":0},"Rotation":{"x":0,"y":0,"z":0},"IsGroupPosition":false,"GroupPositions":[],"IsAlwaysSpawn":false,"Root":"67730a1ebc6c81e1fd10c4c7","Items":[{"_id":"67730a1ebc6c81e1fd10c4c7","_tpl":"578f87ad245977356274f2cc","upd":{"StackObjectsCount":1}}]}},{"probability":0.28,"template":{"Id":"container_Factory_Rework_DesignStuff_00144","IsContainer":true,"useGravity":false,"randomRotation":false,"Position":{"x":0,"y":0,"z":0},"Rotation":{"x":0,"y":0,"z":0},"IsGroupPosition":false,"GroupPositions":[],"IsAlwaysSpawn":false,"Root":"67730a1ebc6c81e1fd10c4e3","Items":[{"_id":"67730a1ebc6c81e1fd10c4e3","_tpl":"578f87ad245977356274f2cc","upd":{"StackObjectsCount":1}}]}},{"probability":0.24,"template":{"Id":"container_Factory_Rework_DesignStuff_00075","IsContainer":true,"useGravity":false,"randomRotation":false,"Position":{"x":0,"y":0,"z":0},"Rotation":{"x":0,"y":0,"z":0},"IsGroupPosition":false,"GroupPositions":[],"IsAlwaysSpawn":false,"Root":"67730a1ebc6c81e1fd10c4ed","Items":[{"_id":"67730a1ebc6c81e1fd10c4ed","_tpl":"5909d50c86f774659e6aaebe","upd":{"StackObjectsCount":1}}]}},{"probability":0.21,"template":{"Id":"container_Factory_Rework_DesignStuff_00041","IsContainer":true,"useGravity":false,"randomRotation":false,"Position":{"x":0,"y":0,"z":0},"Rotation":{"x":0,"y":0,"z":0},"IsGroupPosition":false,"GroupPositions":[],"IsAlwaysSpawn":false,"Root":"67730a1ebc6c81e1fd10c50b","Items":[{"_id":"67730a1ebc6c81e1fd10c50b","_tpl":"5909d36d86f774660f0bb900","upd":{"StackObjectsCount":1}}]}},{"probability":0.31,"template":{"Id":"container_Factory_Rework_DesignStuff_00009","IsContainer":true,"useGravity":false,"randomRotation":false,"Position":{"x":0,"y":0,"z":0},"Rotation":{"x":0,"y":0,"z":0},"IsGroupPosition":false,"GroupPositions":[],"IsAlwaysSpawn":false,"Root":"67730a1ebc6c81e1fd10c548","Items":[{"_id":"67730a1ebc6c81e1fd10c548","_tpl":"5909d36d86f774660f0bb900","upd":{"StackObjectsCount":1}}]}},{"probability":0.41,"template":{"Id":"container_Factory_Rework_DesignStuff_00022","IsContainer":true,"useGravity":false,"randomRotation":false,"Position":{"x":0,"y":0,"z":0},"Rotation":{"x":0,"y":0,"z":0},"IsGroupPosition":false,"GroupPositions":[],"IsAlwaysSpawn":false,"Root":"67730a1ebc6c81e1fd10c572","Items":[{"_id":"67730a1ebc6c81e1fd10c572","_tpl":"5909d24f86f77466f56e6855","upd":{"StackObjectsCount":1}}]}},{"probability":0.31,"template":{"Id":"container_Factory_Rework_DesignStuff_00069","IsContainer":true,"useGravity":false,"randomRotation":false,"Position":{"x":0,"y":0,"z":0},"Rotation":{"x":0,"y":0,"z":0},"IsGroupPosition":false,"GroupPositions":[],"IsAlwaysSpawn":false,"Root":"67730a1ebc6c81e1fd10c5cc","Items":[{"_id":"67730a1ebc6c81e1fd10c5cc","_tpl":"5909d50c86f774659e6aaebe","upd":{"StackObjectsCount":1}}]}},{"probability":0.21,"template":{"Id":"container_Factory_Rework_DesignStuff_00057","IsContainer":true,"useGravity":false,"randomRotation":false,"Position":{"x":0,"y":0,"z":0},"Rotation":{"x":0,"y":0,"z":0},"IsGroupPosition":false,"GroupPositions":[],"IsAlwaysSpawn":false,"Root":"67732f9de17e4e650111b8c5","Items":[{"_id":"67732f9de17e4e650111b8c5","_tpl":"5909d36d86f774660f0bb900","upd":{"StackObjectsCount":1}}]}},{"probability":0.48,"template":{"Id":"container_Factory_Rework_DesignStuff_00102","IsContainer":true,"useGravity":false,"randomRotation":false,"Position":{"x":0,"y":0,"z":0},"Rotation":{"x":0,"y":0,"z":0},"IsGroupPosition":false,"GroupPositions":[],"IsAlwaysSpawn":false,"Root":"67732f9de17e4e650111b916","Items":[{"_id":"67732f9de17e4e650111b916","_tpl":"578f87a3245977356274f2cb","upd":{"StackObjectsCount":1}}]}},{"probability":0.38,"template":{"Id":"container_Factory_Rework_DesignStuff_00011","IsContainer":true,"useGravity":false,"randomRotation":false,"Position":{"x":0,"y":0,"z":0},"Rotation":{"x":0,"y":0,"z":0},"IsGroupPosition":false,"GroupPositions":[],"IsAlwaysSpawn":false,"Root":"67732f9de17e4e650111b964","Items":[{"_id":"67732f9de17e4e650111b964","_tpl":"578f87ad245977356274f2cc","upd":{"StackObjectsCount":1}}]}},{"probability":0.14,"template":{"Id":"container_Factory_Rework_DesignStuff_00113","IsContainer":true,"useGravity":false,"randomRotation":false,"Position":{"x":0,"y":0,"z":0},"Rotation":{"x":0,"y":0,"z":0},"IsGroupPosition":false,"GroupPositions":[],"IsAlwaysSpawn":false,"Root":"67732f9de17e4e650111ba44","Items":[{"_id":"67732f9de17e4e650111ba44","_tpl":"5909d50c86f774659e6aaebe","upd":{"StackObjectsCount":1}}]}},{"probability":0.24,"template":{"Id":"container_Factory_Rework_DesignStuff_00015","IsContainer":true,"useGravity":false,"randomRotation":false,"Position":{"x":0,"y":0,"z":0},"Rotation":{"x":0,"y":0,"z":0},"IsGroupPosition":false,"GroupPositions":[],"IsAlwaysSpawn":false,"Root":"677336a6df6fae12600a4e72","Items":[{"_id":"677336a6df6fae12600a4e72","_tpl":"578f87ad245977356274f2cc","upd":{"StackObjectsCount":1}}]}},{"probability":0.31,"template":{"Id":"container_Factory_Rework_DesignStuff_00146","IsContainer":true,"useGravity":false,"randomRotation":false,"Position":{"x":0,"y":0,"z":0},"Rotation":{"x":0,"y":0,"z":0},"IsGroupPosition":false,"GroupPositions":[],"IsAlwaysSpawn":false,"Root":"677336a6df6fae12600a4ebd","Items":[{"_id":"677336a6df6fae12600a4ebd","_tpl":"578f87ad245977356274f2cc","upd":{"StackObjectsCount":1}}]}},{"probability":0.24,"template":{"Id":"container_Factory_Rework_DesignStuff_00108","IsContainer":true,"useGravity":false,"randomRotation":false,"Position":{"x":0,"y":0,"z":0},"Rotation":{"x":0,"y":0,"z":0},"IsGroupPosition":false,"GroupPositions":[],"IsAlwaysSpawn":false,"Root":"677336a6df6fae12600a4f3f","Items":[{"_id":"677336a6df6fae12600a4f3f","_tpl":"578f87a3245977356274f2cb","upd":{"StackObjectsCount":1}}]}},{"probability":0.38,"template":{"Id":"container_Factory_Rework_DesignStuff_00002","IsContainer":true,"useGravity":false,"randomRotation":false,"Position":{"x":0,"y":0,"z":0},"Rotation":{"x":0,"y":0,"z":0},"IsGroupPosition":false,"GroupPositions":[],"IsAlwaysSpawn":false,"Root":"677336a6df6fae12600a5007","Items":[{"_id":"677336a6df6fae12600a5007","_tpl":"5909d5ef86f77467974efbd8","upd":{"StackObjectsCount":1}}]}},{"probability":0.28,"template":{"Id":"container_Factory_Rework_DesignStuff_00141","IsContainer":true,"useGravity":false,"randomRotation":false,"Position":{"x":0,"y":0,"z":0},"Rotation":{"x":0,"y":0,"z":0},"IsGroupPosition":false,"GroupPositions":[],"IsAlwaysSpawn":false,"Root":"677336a6df6fae12600a5025","Items":[{"_id":"677336a6df6fae12600a5025","_tpl":"578f87ad245977356274f2cc","upd":{"StackObjectsCount":1}}]}},{"probability":0.24,"template":{"Id":"container_Factory_Rework_DesignStuff_00117","IsContainer":true,"useGravity":false,"randomRotation":false,"Position":{"x":0,"y":0,"z":0},"Rotation":{"x":0,"y":0,"z":0},"IsGroupPosition":false,"GroupPositions":[],"IsAlwaysSpawn":false,"Root":"677336a6df6fae12600a5056","Items":[{"_id":"677336a6df6fae12600a5056","_tpl":"578f87ad245977356274f2cc","upd":{"StackObjectsCount":1}}]}},{"probability":0.31,"template":{"Id":"container_Factory_Rework_DesignStuff_00010","IsContainer":true,"useGravity":false,"randomRotation":false,"Position":{"x":0,"y":0,"z":0},"Rotation":{"x":0,"y":0,"z":0},"IsGroupPosition":false,"GroupPositions":[],"IsAlwaysSpawn":true,"Root":"677336a6df6fae12600a5070","Items":[{"_id":"677336a6df6fae12600a5070","_tpl":"5909d76c86f77471e53d2adf","upd":{"StackObjectsCount":1}}]}},{"probability":0.31,"template":{"Id":"container_Factory_Rework_DesignStuff_00109","IsContainer":true,"useGravity":false,"randomRotation":false,"Position":{"x":0,"y":0,"z":0},"Rotation":{"x":0,"y":0,"z":0},"IsGroupPosition":false,"GroupPositions":[],"IsAlwaysSpawn":true,"Root":"677336a7df6fae12600a50f4","Items":[{"_id":"677336a7df6fae12600a50f4","_tpl":"5909d76c86f77471e53d2adf","upd":{"StackObjectsCount":1}}]}},{"probability":0.21,"template":{"Id":"container_Factory_Rework_DesignStuff_00083","IsContainer":true,"useGravity":false,"randomRotation":false,"Position":{"x":0,"y":0,"z":0},"Rotation":{"x":0,"y":0,"z":0},"IsGroupPosition":false,"GroupPositions":[],"IsAlwaysSpawn":false,"Root":"677336a7df6fae12600a5128","Items":[{"_id":"677336a7df6fae12600a5128","_tpl":"5909d36d86f774660f0bb900","upd":{"StackObjectsCount":1}}]}},{"probability":0.28,"template":{"Id":"container_Factory_Rework_DesignStuff_00019","IsContainer":true,"useGravity":false,"randomRotation":false,"Position":{"x":0,"y":0,"z":0},"Rotation":{"x":0,"y":0,"z":0},"IsGroupPosition":false,"GroupPositions":[],"IsAlwaysSpawn":false,"Root":"6773344dbce06007c80d4680","Items":[{"_id":"6773344dbce06007c80d4680","_tpl":"5909d50c86f774659e6aaebe","upd":{"StackObjectsCount":1}}]}},{"probability":0.28,"template":{"Id":"container_Factory_Rework_DesignStuff_00005","IsContainer":true,"useGravity":false,"randomRotation":false,"Position":{"x":0,"y":0,"z":0},"Rotation":{"x":0,"y":0,"z":0},"IsGroupPosition":false,"GroupPositions":[],"IsAlwaysSpawn":false,"Root":"6773344dbce06007c80d4698","Items":[{"_id":"6773344dbce06007c80d4698","_tpl":"5909d5ef86f77467974efbd8","upd":{"StackObjectsCount":1}}]}},{"probability":0.38,"template":{"Id":"container_Factory_Rework_DesignStuff_00080","IsContainer":true,"useGravity":false,"randomRotation":false,"Position":{"x":0,"y":0,"z":0},"Rotation":{"x":0,"y":0,"z":0},"IsGroupPosition":false,"GroupPositions":[],"IsAlwaysSpawn":false,"Root":"6773344dbce06007c80d46ed","Items":[{"_id":"6773344dbce06007c80d46ed","_tpl":"578f87ad245977356274f2cc","upd":{"StackObjectsCount":1}}]}},{"probability":0.21,"template":{"Id":"container_Factory_Rework_DesignStuff_00026","IsContainer":true,"useGravity":false,"randomRotation":false,"Position":{"x":0,"y":0,"z":0},"Rotation":{"x":0,"y":0,"z":0},"IsGroupPosition":false,"GroupPositions":[],"IsAlwaysSpawn":false,"Root":"6773344dbce06007c80d472b","Items":[{"_id":"6773344dbce06007c80d472b","_tpl":"578f87ad245977356274f2cc","upd":{"StackObjectsCount":1}}]}},{"probability":0.24,"template":{"Id":"container_Factory_Rework_DesignStuff_00084","IsContainer":true,"useGravity":false,"randomRotation":false,"Position":{"x":0,"y":0,"z":0},"Rotation":{"x":0,"y":0,"z":0},"IsGroupPosition":false,"GroupPositions":[],"IsAlwaysSpawn":false,"Root":"6773344dbce06007c80d47ba","Items":[{"_id":"6773344dbce06007c80d47ba","_tpl":"5909d36d86f774660f0bb900","upd":{"StackObjectsCount":1}}]}},{"probability":0.21,"template":{"Id":"container_Factory_Rework_DesignStuff_00110","IsContainer":true,"useGravity":false,"randomRotation":false,"Position":{"x":0,"y":0,"z":0},"Rotation":{"x":0,"y":0,"z":0},"IsGroupPosition":false,"GroupPositions":[],"IsAlwaysSpawn":false,"Root":"6773344dbce06007c80d4824","Items":[{"_id":"6773344dbce06007c80d4824","_tpl":"5909d50c86f774659e6aaebe","upd":{"StackObjectsCount":1}}]}},{"probability":0.31,"template":{"Id":"container_Factory_Rework_DesignStuff_00103","IsContainer":true,"useGravity":false,"randomRotation":false,"Position":{"x":0,"y":0,"z":0},"Rotation":{"x":0,"y":0,"z":0},"IsGroupPosition":false,"GroupPositions":[],"IsAlwaysSpawn":false,"Root":"6773344dbce06007c80d4854","Items":[{"_id":"6773344dbce06007c80d4854","_tpl":"578f87ad245977356274f2cc","upd":{"StackObjectsCount":1}}]}},{"probability":0.38,"template":{"Id":"container_Factory_Rework_DesignStuff_00081","IsContainer":true,"useGravity":false,"randomRotation":false,"Position":{"x":0,"y":0,"z":0},"Rotation":{"x":0,"y":0,"z":0},"IsGroupPosition":false,"GroupPositions":[],"IsAlwaysSpawn":false,"Root":"677323e60bf83e55090f8cf5","Items":[{"_id":"677323e60bf83e55090f8cf5","_tpl":"578f87ad245977356274f2cc","upd":{"StackObjectsCount":1}}]}},{"probability":0.28,"template":{"Id":"container_Factory_Rework_DesignStuff_00085","IsContainer":true,"useGravity":false,"randomRotation":false,"Position":{"x":0,"y":0,"z":0},"Rotation":{"x":0,"y":0,"z":0},"IsGroupPosition":false,"GroupPositions":[],"IsAlwaysSpawn":false,"Root":"677323e60bf83e55090f8d25","Items":[{"_id":"677323e60bf83e55090f8d25","_tpl":"5909d36d86f774660f0bb900","upd":{"StackObjectsCount":1}}]}},{"probability":0.24,"template":{"Id":"container_Factory_Rework_DesignStuff_00134","IsContainer":true,"useGravity":false,"randomRotation":false,"Position":{"x":0,"y":0,"z":0},"Rotation":{"x":0,"y":0,"z":0},"IsGroupPosition":false,"GroupPositions":[],"IsAlwaysSpawn":false,"Root":"677323e60bf83e55090f8e50","Items":[{"_id":"677323e60bf83e55090f8e50","_tpl":"5909d50c86f774659e6aaebe","upd":{"StackObjectsCount":1}}]}},{"probability":0.24,"template":{"Id":"container_Factory_Rework_DesignStuff_00014","IsContainer":true,"useGravity":false,"randomRotation":false,"Position":{"x":0,"y":0,"z":0},"Rotation":{"x":0,"y":0,"z":0},"IsGroupPosition":false,"GroupPositions":[],"IsAlwaysSpawn":false,"Root":"677323e60bf83e55090f8e78","Items":[{"_id":"677323e60bf83e55090f8e78","_tpl":"578f87ad245977356274f2cc","upd":{"StackObjectsCount":1}}]}},{"probability":0.24,"template":{"Id":"container_Factory_Rework_DesignStuff_00063","IsContainer":true,"useGravity":false,"randomRotation":false,"Position":{"x":0,"y":0,"z":0},"Rotation":{"x":0,"y":0,"z":0},"IsGroupPosition":false,"GroupPositions":[],"IsAlwaysSpawn":false,"Root":"677323e60bf83e55090f8ea4","Items":[{"_id":"677323e60bf83e55090f8ea4","_tpl":"578f87ad245977356274f2cc","upd":{"StackObjectsCount":1}}]}},{"probability":0.24,"template":{"Id":"container_Factory_Rework_DesignStuff_00118","IsContainer":true,"useGravity":false,"randomRotation":false,"Position":{"x":0,"y":0,"z":0},"Rotation":{"x":0,"y":0,"z":0},"IsGroupPosition":false,"GroupPositions":[],"IsAlwaysSpawn":false,"Root":"67732d447141db107a0f89a2","Items":[{"_id":"67732d447141db107a0f89a2","_tpl":"578f87ad245977356274f2cc","upd":{"StackObjectsCount":1}}]}},{"probability":0.34,"template":{"Id":"container_Factory_Rework_DesignStuff_00090","IsContainer":true,"useGravity":false,"randomRotation":false,"Position":{"x":0,"y":0,"z":0},"Rotation":{"x":0,"y":0,"z":0},"IsGroupPosition":false,"GroupPositions":[],"IsAlwaysSpawn":false,"Root":"67732d447141db107a0f8a51","Items":[{"_id":"67732d447141db107a0f8a51","_tpl":"5909d50c86f774659e6aaebe","upd":{"StackObjectsCount":1}}]}},{"probability":0.21,"template":{"Id":"container_Factory_Rework_DesignStuff_00052","IsContainer":true,"useGravity":false,"randomRotation":false,"Position":{"x":0,"y":0,"z":0},"Rotation":{"x":0,"y":0,"z":0},"IsGroupPosition":false,"GroupPositions":[],"IsAlwaysSpawn":false,"Root":"677315d4f3ab1c4fd90d3f2c","Items":[{"_id":"677315d4f3ab1c4fd90d3f2c","_tpl":"578f87ad245977356274f2cc","upd":{"StackObjectsCount":1}}]}},{"probability":0.28,"template":{"Id":"container_Factory_Rework_DesignStuff_00021","IsContainer":true,"useGravity":false,"randomRotation":false,"Position":{"x":0,"y":0,"z":0},"Rotation":{"x":0,"y":0,"z":0},"IsGroupPosition":false,"GroupPositions":[],"IsAlwaysSpawn":false,"Root":"67731a8405b1b853d210fd10","Items":[{"_id":"67731a8405b1b853d210fd10","_tpl":"5909d24f86f77466f56e6855","upd":{"StackObjectsCount":1}}]}},{"probability":0.21,"template":{"Id":"container_Factory_Rework_DesignStuff_00068","IsContainer":true,"useGravity":false,"randomRotation":false,"Position":{"x":0,"y":0,"z":0},"Rotation":{"x":0,"y":0,"z":0},"IsGroupPosition":false,"GroupPositions":[],"IsAlwaysSpawn":false,"Root":"67731a8505b1b853d210ff34","Items":[{"_id":"67731a8505b1b853d210ff34","_tpl":"578f87ad245977356274f2cc","upd":{"StackObjectsCount":1}}]}},{"probability":0.31,"template":{"Id":"container_Factory_Rework_DesignStuff_00013","IsContainer":true,"useGravity":false,"randomRotation":false,"Position":{"x":0,"y":0,"z":0},"Rotation":{"x":0,"y":0,"z":0},"IsGroupPosition":false,"GroupPositions":[],"IsAlwaysSpawn":false,"Root":"6773182e9c9a950a4c060308","Items":[{"_id":"6773182e9c9a950a4c060308","_tpl":"578f87ad245977356274f2cc","upd":{"StackObjectsCount":1}}]}},{"probability":0.21,"template":{"Id":"container_Factory_Rework_DesignStuff_00050","IsContainer":true,"useGravity":false,"randomRotation":false,"Position":{"x":0,"y":0,"z":0},"Rotation":{"x":0,"y":0,"z":0},"IsGroupPosition":false,"GroupPositions":[],"IsAlwaysSpawn":false,"Root":"67730a1ebc6c81e1fd10c3c0","Items":[{"_id":"67730a1ebc6c81e1fd10c3c0","_tpl":"578f87ad245977356274f2cc","upd":{"StackObjectsCount":1}}]}},{"probability":0.14,"template":{"Id":"container_Factory_Rework_DesignStuff_00058","IsContainer":true,"useGravity":false,"randomRotation":false,"Position":{"x":0,"y":0,"z":0},"Rotation":{"x":0,"y":0,"z":0},"IsGroupPosition":false,"GroupPositions":[],"IsAlwaysSpawn":false,"Root":"67730ecc4e5e35d3710673ab","Items":[{"_id":"67730ecc4e5e35d3710673ab","_tpl":"578f87ad245977356274f2cc","upd":{"StackObjectsCount":1}}]}},{"probability":0.1,"template":{"Id":"container_Factory_Rework_DesignStuff_00065","IsContainer":true,"useGravity":false,"randomRotation":false,"Position":{"x":0,"y":0,"z":0},"Rotation":{"x":0,"y":0,"z":0},"IsGroupPosition":false,"GroupPositions":[],"IsAlwaysSpawn":false,"Root":"6772e49c7400f555c5112f9d","Items":[{"_id":"6772e49c7400f555c5112f9d","_tpl":"578f87ad245977356274f2cc","upd":{"StackObjectsCount":1}}]}}],"staticForced":[]}