{"Caliber1143x23ACP":[{"tpl":"5efb0cabfb3e451d70735af5","relativeProbability":376},{"tpl":"5e81f423763d9f754677bf2e","relativeProbability":833},{"tpl":"5ea2a8e200685063ec28c05a","relativeProbability":80},{"tpl":"5efb0d4f4bc50b58e81710f3","relativeProbability":79},{"tpl":"5efb0fc6aeb21837e749c801","relativeProbability":62}],"Caliber127x33":[{"tpl":"668fe62ac62660a5d8071446","relativeProbability":2185},{"tpl":"66a0d1e0ed648d72fe064d06","relativeProbability":138},{"tpl":"66a0d1c87d0d369e270bb9de","relativeProbability":126},{"tpl":"66a0d1f88486c69fce00fdf6","relativeProbability":124}],"Caliber127x55":[{"tpl":"5cadf6e5ae921500113bb973","relativeProbability":723},{"tpl":"5cadf6eeae921500134b2799","relativeProbability":422},{"tpl":"5cadf6ddae9215051e1c23b2","relativeProbability":611}],"Caliber12g":[{"tpl":"560d5e524bdc2d25448b4571","relativeProbability":2148},{"tpl":"58820d1224597753c90aeb13","relativeProbability":135},{"tpl":"5d6e68c4a4b9361b93413f79","relativeProbability":182},{"tpl":"64b8ee384b75259c590fa89b","relativeProbability":156},{"tpl":"5d6e68dea4b9361bcc29e659","relativeProbability":86},{"tpl":"5d6e689ca4b9361bc8618956","relativeProbability":82},{"tpl":"5c0d591486f7744c505b416f","relativeProbability":102},{"tpl":"5d6e68a8a4b9360b6c0d54e2","relativeProbability":147},{"tpl":"5d6e6869a4b9361c140bcfde","relativeProbability":105},{"tpl":"5d6e6806a4b936088465b17e","relativeProbability":156},{"tpl":"5d6e68e6a4b9361c140bcfe0","relativeProbability":50},{"tpl":"5d6e68d1a4b93622fe60e845","relativeProbability":44},{"tpl":"5d6e68b3a4b9361bca7e50b5","relativeProbability":91},{"tpl":"5d6e6911a4b9361bd5780d52","relativeProbability":81},{"tpl":"5d6e6891a4b9361bd473feea","relativeProbability":82}],"Caliber20g":[{"tpl":"5a38ebd9c4a282000d722a5b","relativeProbability":1090},{"tpl":"5d6e695fa4b936359b35d852","relativeProbability":155},{"tpl":"5d6e69b9a4b9361bc8618958","relativeProbability":162},{"tpl":"5d6e6a05a4b93618084f58d0","relativeProbability":140},{"tpl":"5d6e69c7a4b9360b6c0d54e4","relativeProbability":133},{"tpl":"5d6e6a53a4b9361bd473feec","relativeProbability":130},{"tpl":"5d6e6a5fa4b93614ec501745","relativeProbability":81},{"tpl":"5d6e6a42a4b9364f07165f52","relativeProbability":125}],"Caliber20x1mm":[{"tpl":"6601546f86889319850bd566","relativeProbability":359}],"Caliber23x75":[{"tpl":"5e85a9a6eacf8c039e4e2ac1","relativeProbability":432},{"tpl":"5f647f31b6238e5dd066e196","relativeProbability":450},{"tpl":"5e85a9f4add9fe03027d9bf1","relativeProbability":123},{"tpl":"5e85aa1a988a8701445df1f5","relativeProbability":268}],"Caliber26x75":[{"tpl":"62389bc9423ed1685422dc57","relativeProbability":146},{"tpl":"62389aaba63f32501b1b444f","relativeProbability":733},{"tpl":"62389ba9a63f32501b1b4451","relativeProbability":139},{"tpl":"62389be94d5d474bf712e709","relativeProbability":135},{"tpl":"635267f063651329f75a4ee8","relativeProbability":17}],"Caliber366TKM":[{"tpl":"59e655cb86f77411dc52a77b","relativeProbability":835},{"tpl":"59e6542b86f77411dc52a77a","relativeProbability":502},{"tpl":"59e6658b86f77411d949b250","relativeProbability":95},{"tpl":"5f0596629e22f464da6bbdd9","relativeProbability":98}],"Caliber40mmRU":[{"tpl":"5656eb674bdc2d35148b457c","relativeProbability":4187}],"Caliber40x46":[{"tpl":"5f0c892565703e5c461894e9","relativeProbability":1726},{"tpl":"5ede4739e0350d05467f73e8","relativeProbability":1675},{"tpl":"5ede475b549eed7c6d5c18fb","relativeProbability":1683},{"tpl":"5ede474b0c226a66f5402622","relativeProbability":354},{"tpl":"5ede47405b097655935d7d16","relativeProbability":152},{"tpl":"5ede475339ee016e8c534742","relativeProbability":159}],"Caliber46x30":[{"tpl":"5ba26835d4351e0035628ff5","relativeProbability":534},{"tpl":"5ba2678ad4351e44f824b344","relativeProbability":858},{"tpl":"64b6979341772715af0f9c39","relativeProbability":1658},{"tpl":"5ba26812d4351e003201fef1","relativeProbability":224},{"tpl":"5ba26844d4351e00334c9475","relativeProbability":29}],"Caliber545x39":[{"tpl":"56dff061d2720bb5668b4567","relativeProbability":1583},{"tpl":"5c0d5e4486f77478390952fe","relativeProbability":380},{"tpl":"56dff4a2d2720bbd668b456a","relativeProbability":3419},{"tpl":"56dff2ced2720bb4668b4567","relativeProbability":3960},{"tpl":"56dff3afd2720bba668b4567","relativeProbability":8006},{"tpl":"56dff338d2720bbd668b4569","relativeProbability":4847},{"tpl":"56dff4ecd2720b5f5a8b4568","relativeProbability":3410},{"tpl":"56dfef82d2720bbd668b4567","relativeProbability":1396},{"tpl":"56dff421d2720b5f5a8b4567","relativeProbability":309},{"tpl":"56dff0bed2720bb0668b4567","relativeProbability":870},{"tpl":"56dff026d2720bb8668b4567","relativeProbability":1500},{"tpl":"61962b617c6c7b169525f168","relativeProbability":425},{"tpl":"56dff216d2720bbd668b4568","relativeProbability":288}],"Caliber556x45NATO":[{"tpl":"59e6920f86f77411d82aa167","relativeProbability":2071},{"tpl":"59e6918f86f7746c9f75e849","relativeProbability":195},{"tpl":"54527ac44bdc2d36668b4567","relativeProbability":202},{"tpl":"59e6906286f7746c9f75e847","relativeProbability":245},{"tpl":"59e6927d86f77411da468256","relativeProbability":294},{"tpl":"54527a984bdc2d4e668b4567","relativeProbability":284},{"tpl":"59e68f6f86f7746c9f75e846","relativeProbability":257},{"tpl":"60194943740c5d77f6705eea","relativeProbability":88},{"tpl":"601949593ae8f707c4608daa","relativeProbability":65},{"tpl":"5c0d5ae286f7741e46554302","relativeProbability":75},{"tpl":"59e690b686f7746c9f75e848","relativeProbability":76}],"Caliber57x28":[{"tpl":"5cc80f8fe4a949033b0224a2","relativeProbability":1284},{"tpl":"5cc86832d7f00c000d3a6e6c","relativeProbability":111},{"tpl":"5cc80f67e4a949035e43bbba","relativeProbability":432},{"tpl":"5cc80f38e4a949001152b560","relativeProbability":243},{"tpl":"5cc86840d7f00c002412c56c","relativeProbability":108},{"tpl":"5cc80f79e4a949033c7343b2","relativeProbability":253},{"tpl":"5cc80f53e4a949000e1ea4f8","relativeProbability":154}],"Caliber762x25TT":[{"tpl":"5736026a245977644601dc61","relativeProbability":1594},{"tpl":"5735ff5c245977640e39ba7e","relativeProbability":756},{"tpl":"573601b42459776410737435","relativeProbability":252}],"Caliber762x35":[{"tpl":"64b8725c4b75259c590fa899","relativeProbability":123},{"tpl":"5fd20ff893a8961fc660a954","relativeProbability":108},{"tpl":"5fbe3ffdf8b6a877a729ea82","relativeProbability":171},{"tpl":"6196364158ef8c428c287d9f","relativeProbability":64},{"tpl":"619636be6db0f2477964e710","relativeProbability":52},{"tpl":"6196365d58ef8c428c287da1","relativeProbability":82}],"Caliber762x39":[{"tpl":"5656d7c34bdc2d9d198b4587","relativeProbability":6008},{"tpl":"59e4cf5286f7741778269d8a","relativeProbability":964},{"tpl":"59e0d99486f7744a32234762","relativeProbability":1014},{"tpl":"64b7af5a8532cf95ee0a0dbd","relativeProbability":1772},{"tpl":"64b7af434b75259c590fa893","relativeProbability":292},{"tpl":"64b7af734b75259c590fa895","relativeProbability":292},{"tpl":"59e4d24686f7741776641ac7","relativeProbability":142},{"tpl":"601aa3d2b2bcb34913271e6d","relativeProbability":55},{"tpl":"59e4d3d286f774176a36250a","relativeProbability":224}],"Caliber762x51":[{"tpl":"58dd3ad986f77403051cba8f","relativeProbability":383},{"tpl":"5e023e53d4353e3302577c4c","relativeProbability":982},{"tpl":"5e023e6e34d52a55c3304f71","relativeProbability":108},{"tpl":"5a608bf24f39f98ffc77720e","relativeProbability":167},{"tpl":"5e023e88277cce2b522ff2b1","relativeProbability":97},{"tpl":"5efb0c1bd79ff02a1f5e68d9","relativeProbability":38},{"tpl":"5a6086ea4f39f99cd479502f","relativeProbability":65}],"Caliber762x54R":[{"tpl":"5887431f2459777e1612938f","relativeProbability":1264},{"tpl":"59e77a2386f7742ee578960a","relativeProbability":471},{"tpl":"5e023cf8186a883be655e54f","relativeProbability":396},{"tpl":"64b8f7c241772715af0f9c3d","relativeProbability":224},{"tpl":"64b8f7968532cf95ee0a0dbf","relativeProbability":229},{"tpl":"5e023d48186a883be655e551","relativeProbability":135},{"tpl":"560d61e84bdc2da74d8b4571","relativeProbability":244},{"tpl":"5e023d34e8a400319a28ed44","relativeProbability":292},{"tpl":"64b8f7b5389d7ffd620ccba2","relativeProbability":164}],"Caliber86x70":[{"tpl":"5fc382c1016cce60e8341b20","relativeProbability":63},{"tpl":"5fc382a9d724d907e2077dab","relativeProbability":27},{"tpl":"5fc275cf85fd526b824a571a","relativeProbability":52},{"tpl":"5fc382b6d6fa9c00c571bbc3","relativeProbability":18}],"Caliber9x18PM":[{"tpl":"573719762459775a626ccbc1","relativeProbability":6424},{"tpl":"573720e02459776143012541","relativeProbability":549},{"tpl":"5737207f24597760ff7b25f2","relativeProbability":1246},{"tpl":"57371e4124597760ff7b25f1","relativeProbability":1375},{"tpl":"5737218f245977612125ba51","relativeProbability":2534},{"tpl":"57371f8d24597761006c6a81","relativeProbability":561},{"tpl":"573719df2459775a626ccbc2","relativeProbability":1911},{"tpl":"573718ba2459775a75491131","relativeProbability":1791},{"tpl":"57372140245977611f70ee91","relativeProbability":2563},{"tpl":"57371f2b24597761224311f1","relativeProbability":570},{"tpl":"57371b192459775a9f58a5e0","relativeProbability":1135},{"tpl":"5737201124597760fc4431f1","relativeProbability":554},{"tpl":"57371eb62459776125652ac1","relativeProbability":575},{"tpl":"57371aab2459775a77142f22","relativeProbability":1046}],"Caliber9x19PARA":[{"tpl":"64b7bbb74b75259c590fa897","relativeProbability":2360},{"tpl":"56d59d3ad2720bdb418b4577","relativeProbability":6172},{"tpl":"5efb0da7a29a85116f6ea05f","relativeProbability":403},{"tpl":"5c925fa22e221601da359b7b","relativeProbability":364},{"tpl":"58864a4f2459770fcc257101","relativeProbability":709},{"tpl":"5efb0e16aeb21837e749c7ff","relativeProbability":77},{"tpl":"5c3df7d588a4501f290594e5","relativeProbability":205},{"tpl":"5c0d56a986f774449d5de529","relativeProbability":621},{"tpl":"5a3c16fe86f77452b62de32a","relativeProbability":200}],"Caliber9x21":[{"tpl":"6576f93989f0062e741ba952","relativeProbability":474},{"tpl":"5a26abfac4a28232980eabff","relativeProbability":1547},{"tpl":"5a26ac0ec4a28200741e1e18","relativeProbability":1388},{"tpl":"5a26ac06c4a282000c5a90a8","relativeProbability":949},{"tpl":"5a269f97c4a282000b151807","relativeProbability":678},{"tpl":"6576f4708ca9c4381d16cd9d","relativeProbability":105}],"Caliber9x33R":[{"tpl":"62330b3ed4dc74626d570b95","relativeProbability":1080},{"tpl":"62330bfadc5883093563729b","relativeProbability":77},{"tpl":"62330c18744e5e31df12f516","relativeProbability":67},{"tpl":"62330c40bdd19b369e1e53d1","relativeProbability":105}],"Caliber9x39":[{"tpl":"5c0d668f86f7747ccb7f13b2","relativeProbability":1581},{"tpl":"57a0e5022459774d1673f889","relativeProbability":1009},{"tpl":"57a0dfb82459774d3078b56c","relativeProbability":745},{"tpl":"61962d879bb3d20b0946d385","relativeProbability":567},{"tpl":"5c0d688c86f77413ae3407b2","relativeProbability":1229},{"tpl":"6576f96220d53a5b8f3e395e","relativeProbability":190}]}