{
  "items": [
    {
      "_id": "676d24ce798491c5260f5d02",
      "_tpl": "544fb45d4bdc2dee738b4568",
      "parentId": "hideout",
      "slotId": "hideout",
      "upd": {
        "UnlimitedCount": true,
        "StackObjectsCount": 9999999,
        "BuyRestrictionMax": 5,
        "BuyRestrictionCurrent": 0
      }
    },
    {
      "_id": "676d24ce798491c5260f5d05",
      "_tpl": "590c5d4b86f774784e1b9c45",
      "parentId": "hideout",
      "slotId": "hideout",
      "upd": {
        "UnlimitedCount": true,
        "StackObjectsCount": 9999999,
        "BuyRestrictionMax": 2,
        "BuyRestrictionCurrent": 0
      }
    },
    {
      "_id": "676d24ce798491c5260f5d08",
      "_tpl": "544fb3364bdc2d34748b456a",
      "parentId": "hideout",
      "slotId": "hideout",
      "upd": {
        "UnlimitedCount": true,
        "StackObjectsCount": 9999999,
        "BuyRestrictionMax": 20,
        "BuyRestrictionCurrent": 0
      }
    },
    {
      "_id": "676d24ce798491c5260f5d0b",
      "_tpl": "544fb25a4bdc2dfb738b4567",
      "parentId": "hideout",
      "slotId": "hideout",
      "upd": {
        "UnlimitedCount": true,
        "StackObjectsCount": 9999999,
        "BuyRestrictionMax": 20,
        "BuyRestrictionCurrent": 0
      }
    },
    {
      "_id": "676d24ce798491c5260f5d0e",
      "_tpl": "590c678286f77426c9660122",
      "parentId": "hideout",
      "slotId": "hideout",
      "upd": {
        "UnlimitedCount": true,
        "StackObjectsCount": 9999999,
        "BuyRestrictionMax": 3,
        "BuyRestrictionCurrent": 0
      }
    },
    {
      "_id": "676d24ce798491c5260f5d11",
      "_tpl": "5751a25924597722c463c472",
      "parentId": "hideout",
      "slotId": "hideout",
      "upd": {
        "UnlimitedCount": true,
        "StackObjectsCount": 9999999,
        "BuyRestrictionMax": 20,
        "BuyRestrictionCurrent": 0
      }
    },
    {
      "_id": "676d24ce798491c5260f5d14",
      "_tpl": "5755356824597772cb798962",
      "parentId": "hideout",
      "slotId": "hideout",
      "upd": {
        "UnlimitedCount": true,
        "StackObjectsCount": 9999999,
        "BuyRestrictionMax": 20,
        "BuyRestrictionCurrent": 0
      }
    },
    {
      "_id": "676d24ce798491c5260f5d17",
      "_tpl": "5673de654bdc2d180f8b456d",
      "parentId": "hideout",
      "slotId": "hideout",
      "upd": {
        "UnlimitedCount": true,
        "StackObjectsCount": 9999999,
        "BuyRestrictionMax": 5,
        "BuyRestrictionCurrent": 0
      }
    },
    {
      "_id": "676d24ce798491c5260f5d1a",
      "_tpl": "574eb85c245977648157eec3",
      "parentId": "hideout",
      "slotId": "hideout",
      "upd": {
        "UnlimitedCount": true,
        "StackObjectsCount": 9999999,
        "BuyRestrictionMax": 1,
        "BuyRestrictionCurrent": 0
      }
    },
    {
      "_id": "676d24ce798491c5260f5d1d",
      "_tpl": "5448fee04bdc2dbc018b4567",
      "parentId": "hideout",
      "slotId": "hideout",
      "upd": {
        "UnlimitedCount": true,
        "StackObjectsCount": 9999999,
        "BuyRestrictionMax": 5,
        "BuyRestrictionCurrent": 0
      }
    },
    {
      "_id": "676d24ce798491c5260f5d20",
      "_tpl": "544fb37f4bdc2dee738b4567",
      "parentId": "hideout",
      "slotId": "hideout",
      "upd": {
        "UnlimitedCount": true,
        "StackObjectsCount": 9999999,
        "BuyRestrictionMax": 10,
        "BuyRestrictionCurrent": 0
      }
    },
    {
      "_id": "676d24ce798491c5260f5d23",
      "_tpl": "5751487e245977207e26a315",
      "parentId": "hideout",
      "slotId": "hideout",
      "upd": {
        "UnlimitedCount": true,
        "StackObjectsCount": 9999999,
        "BuyRestrictionMax": 4,
        "BuyRestrictionCurrent": 0
      }
    },
    {
      "_id": "676d24ce798491c5260f5d26",
      "_tpl": "59fb016586f7746d0d4b423a",
      "parentId": "hideout",
      "slotId": "hideout",
      "upd": {
        "UnlimitedCount": true,
        "StackObjectsCount": 9999999,
        "BuyRestrictionMax": 1,
        "BuyRestrictionCurrent": 0
      }
    },
    {
      "_id": "676d24ce798491c5260f5d29",
      "_tpl": "59fb042886f7746c5005a7b2",
      "parentId": "hideout",
      "slotId": "hideout",
      "upd": {
        "UnlimitedCount": true,
        "StackObjectsCount": 9999999,
        "BuyRestrictionMax": 1,
        "BuyRestrictionCurrent": 0
      }
    },
    {
      "_id": "676d24ce798491c5260f5d2c",
      "_tpl": "544fb3f34bdc2d03748b456a",
      "parentId": "hideout",
      "slotId": "hideout",
      "upd": {
        "UnlimitedCount": true,
        "StackObjectsCount": 9999999,
        "BuyRestrictionMax": 4,
        "BuyRestrictionCurrent": 0
      }
    },
    {
      "_id": "676d24ce798491c5260f5d2f",
      "_tpl": "590c695186f7741e566b64a2",
      "parentId": "hideout",
      "slotId": "hideout",
      "upd": {
        "UnlimitedCount": true,
        "StackObjectsCount": 9999999,
        "BuyRestrictionMax": 2,
        "BuyRestrictionCurrent": 0
      }
    },
    {
      "_id": "676d24ce798491c5260f5d32",
      "_tpl": "590c678286f77426c9660122",
      "parentId": "hideout",
      "slotId": "hideout",
      "upd": {
        "UnlimitedCount": true,
        "StackObjectsCount": 9999999,
        "BuyRestrictionMax": 5,
        "BuyRestrictionCurrent": 0
      }
    },
    {
      "_id": "676d24ce798491c5260f5d35",
      "_tpl": "590c661e86f7741e566b646a",
      "parentId": "hideout",
      "slotId": "hideout",
      "upd": {
        "UnlimitedCount": true,
        "StackObjectsCount": 9999999,
        "BuyRestrictionMax": 10,
        "BuyRestrictionCurrent": 0
      }
    },
    {
      "_id": "676d24ce798491c5260f5d38",
      "_tpl": "590c657e86f77412b013051d",
      "parentId": "hideout",
      "slotId": "hideout",
      "upd": {
        "UnlimitedCount": true,
        "StackObjectsCount": 9999999,
        "BuyRestrictionMax": 3,
        "BuyRestrictionCurrent": 0
      }
    },
    {
      "_id": "676d24ce798491c5260f5d3b",
      "_tpl": "590c60fc86f77412b13fddcf",
      "parentId": "hideout",
      "slotId": "hideout",
      "upd": {
        "UnlimitedCount": true,
        "StackObjectsCount": 9999999,
        "BuyRestrictionMax": 1,
        "BuyRestrictionCurrent": 0
      }
    },
    {
      "_id": "676d24cf798491c5260f5d3e",
      "_tpl": "5aafbcd986f7745e590fff23",
      "parentId": "hideout",
      "slotId": "hideout",
      "upd": {
        "UnlimitedCount": true,
        "StackObjectsCount": 9999999,
        "BuyRestrictionMax": 1,
        "BuyRestrictionCurrent": 0
      }
    },
    {
      "_id": "676d24cf798491c5260f5d41",
      "_tpl": "590c657e86f77412b013051d",
      "parentId": "hideout",
      "slotId": "hideout",
      "upd": {
        "UnlimitedCount": true,
        "StackObjectsCount": 9999999,
        "BuyRestrictionMax": 2,
        "BuyRestrictionCurrent": 0
      }
    },
    {
      "_id": "676d24cf798491c5260f5d44",
      "_tpl": "5b7c710788a4506dec015957",
      "parentId": "hideout",
      "slotId": "hideout",
      "upd": {
        "UnlimitedCount": true,
        "StackObjectsCount": 9999999,
        "BuyRestrictionMax": 1,
        "BuyRestrictionCurrent": 0
      }
    },
    {
      "_id": "676d24cf798491c5260f5d47",
      "_tpl": "5a80a29286f7742b25692012",
      "parentId": "hideout",
      "slotId": "hideout",
      "upd": {
        "UnlimitedCount": true,
        "StackObjectsCount": 9999999,
        "BuyRestrictionMax": 1,
        "BuyRestrictionCurrent": 0
      }
    },
    {
      "_id": "676d24cf798491c5260f5d4a",
      "_tpl": "567143bf4bdc2d1a0f8b4567",
      "parentId": "hideout",
      "slotId": "hideout",
      "upd": {
        "UnlimitedCount": true,
        "StackObjectsCount": 9999999,
        "BuyRestrictionMax": 1,
        "BuyRestrictionCurrent": 0
      }
    },
    {
      "_id": "676d24cf798491c5260f5d4d",
      "_tpl": "59fafd4b86f7745ca07e1232",
      "parentId": "hideout",
      "slotId": "hideout",
      "upd": {
        "UnlimitedCount": true,
        "StackObjectsCount": 9999999,
        "BuyRestrictionMax": 1,
        "BuyRestrictionCurrent": 0
      }
    },
    {
      "_id": "676d24cf798491c5260f5d50",
      "_tpl": "5c093e3486f77430cb02e593",
      "parentId": "hideout",
      "slotId": "hideout",
      "upd": {
        "UnlimitedCount": true,
        "StackObjectsCount": 9999999,
        "BuyRestrictionMax": 1,
        "BuyRestrictionCurrent": 0
      }
    },
    {
      "_id": "676d24cf798491c5260f5d53",
      "_tpl": "59fb042886f7746c5005a7b2",
      "parentId": "hideout",
      "slotId": "hideout",
      "upd": {
        "UnlimitedCount": true,
        "StackObjectsCount": 9999999,
        "BuyRestrictionMax": 1,
        "BuyRestrictionCurrent": 0
      }
    },
    {
      "_id": "676d24cf798491c5260f5d56",
      "_tpl": "5ad5d7d286f77450166e0a89",
      "parentId": "hideout",
      "slotId": "hideout",
      "upd": {
        "UnlimitedCount": true,
        "StackObjectsCount": 9999999,
        "BuyRestrictionMax": 1,
        "BuyRestrictionCurrent": 0
      }
    },
    {
      "_id": "676d24cf798491c5260f5d59",
      "_tpl": "5780d0532459777a5108b9a2",
      "parentId": "hideout",
      "slotId": "hideout",
      "upd": {
        "UnlimitedCount": true,
        "StackObjectsCount": 9999999,
        "BuyRestrictionMax": 1,
        "BuyRestrictionCurrent": 0
      }
    },
    {
      "_id": "676d24cf798491c5260f5d5c",
      "_tpl": "5c10c8fd86f7743d7d706df3",
      "parentId": "hideout",
      "slotId": "hideout",
      "upd": {
        "UnlimitedCount": true,
        "StackObjectsCount": 9999999,
        "BuyRestrictionMax": 3,
        "BuyRestrictionCurrent": 0
      }
    },
    {
      "_id": "676d24cf798491c5260f5d5f",
      "_tpl": "544fb37f4bdc2dee738b4567",
      "parentId": "hideout",
      "slotId": "hideout",
      "upd": {
        "UnlimitedCount": true,
        "StackObjectsCount": 9999999,
        "BuyRestrictionMax": 10,
        "BuyRestrictionCurrent": 0
      }
    },
    {
      "_id": "676d24cf798491c5260f5d62",
      "_tpl": "5a8036fb86f77407252ddc02",
      "parentId": "hideout",
      "slotId": "hideout",
      "upd": {
        "UnlimitedCount": true,
        "StackObjectsCount": 9999999,
        "BuyRestrictionMax": 1,
        "BuyRestrictionCurrent": 0
      }
    },
    {
      "_id": "676d24cf798491c5260f5d65",
      "_tpl": "590c661e86f7741e566b646a",
      "parentId": "hideout",
      "slotId": "hideout",
      "upd": {
        "UnlimitedCount": true,
        "StackObjectsCount": 9999999,
        "BuyRestrictionMax": 5,
        "BuyRestrictionCurrent": 0
      }
    },
    {
      "_id": "676d24cf798491c5260f5d68",
      "_tpl": "5c0a840b86f7742ffa4f2482",
      "parentId": "hideout",
      "slotId": "hideout",
      "upd": {
        "UnlimitedCount": true,
        "StackObjectsCount": 9999999,
        "BuyRestrictionMax": 1,
        "BuyRestrictionCurrent": 0
      }
    },
    {
      "_id": "676d24cf798491c5260f5d6b",
      "_tpl": "5aafbcd986f7745e590fff23",
      "parentId": "hideout",
      "slotId": "hideout",
      "upd": {
        "UnlimitedCount": true,
        "StackObjectsCount": 9999999,
        "BuyRestrictionMax": 1,
        "BuyRestrictionCurrent": 0
      }
    },
    {
      "_id": "676d24cf798491c5260f5d6e",
      "_tpl": "5b7c710788a4506dec015957",
      "parentId": "hideout",
      "slotId": "hideout",
      "upd": {
        "UnlimitedCount": true,
        "StackObjectsCount": 9999999,
        "BuyRestrictionMax": 1,
        "BuyRestrictionCurrent": 0
      }
    },
    {
      "_id": "676d24cf798491c5260f5d71",
      "_tpl": "5c0e534186f7747fa1419867",
      "parentId": "hideout",
      "slotId": "hideout",
      "upd": {
        "UnlimitedCount": true,
        "StackObjectsCount": 9999999,
        "BuyRestrictionMax": 1,
        "BuyRestrictionCurrent": 0
      }
    },
    {
      "_id": "676d24cf798491c5260f5d74",
      "_tpl": "5af0454c86f7746bf20992e8",
      "parentId": "hideout",
      "slotId": "hideout",
      "upd": {
        "UnlimitedCount": true,
        "StackObjectsCount": 9999999,
        "BuyRestrictionMax": 3,
        "BuyRestrictionCurrent": 0
      }
    },
    {
      "_id": "676d24cf798491c5260f5d77",
      "_tpl": "5c0e531286f7747fa54205c2",
      "parentId": "hideout",
      "slotId": "hideout",
      "upd": {
        "UnlimitedCount": true,
        "StackObjectsCount": 9999999,
        "BuyRestrictionMax": 1,
        "BuyRestrictionCurrent": 0
      }
    },
    {
      "_id": "676d24cf798491c5260f5d7a",
      "_tpl": "544fb6cc4bdc2d34748b456e",
      "parentId": "hideout",
      "slotId": "hideout",
      "upd": {
        "UnlimitedCount": true,
        "StackObjectsCount": 9999999,
        "BuyRestrictionMax": 5,
        "BuyRestrictionCurrent": 0
      }
    },
    {
      "_id": "676d24cf798491c5260f5d7d",
      "_tpl": "5c0a840b86f7742ffa4f2482",
      "parentId": "hideout",
      "slotId": "hideout",
      "upd": {
        "UnlimitedCount": true,
        "StackObjectsCount": 9999999,
        "BuyRestrictionMax": 1,
        "BuyRestrictionCurrent": 0
      }
    },
    {
      "_id": "676d24cf798491c5260f5d80",
      "_tpl": "5be4038986f774527d3fae60",
      "parentId": "hideout",
      "slotId": "hideout",
      "upd": {
        "UnlimitedCount": true,
        "StackObjectsCount": 9999999,
        "BuyRestrictionMax": 1,
        "BuyRestrictionCurrent": 0
      }
    },
    {
      "_id": "676d24cf798491c5260f5d83",
      "_tpl": "5af0454c86f7746bf20992e8",
      "parentId": "hideout",
      "slotId": "hideout",
      "upd": {
        "UnlimitedCount": true,
        "StackObjectsCount": 9999999,
        "BuyRestrictionMax": 1,
        "BuyRestrictionCurrent": 0
      }
    },
    {
      "_id": "676d24cf798491c5260f5d86",
      "_tpl": "5c0e533786f7747fa23f4d47",
      "parentId": "hideout",
      "slotId": "hideout",
      "upd": {
        "UnlimitedCount": true,
        "StackObjectsCount": 9999999,
        "BuyRestrictionMax": 3,
        "BuyRestrictionCurrent": 0
      }
    },
    {
      "_id": "676d24cf798491c5260f5d89",
      "_tpl": "5c0e531d86f7747fa23f4d42",
      "parentId": "hideout",
      "slotId": "hideout",
      "upd": {
        "UnlimitedCount": true,
        "StackObjectsCount": 9999999,
        "BuyRestrictionMax": 1,
        "BuyRestrictionCurrent": 0
      }
    },
    {
      "_id": "676d24d0798491c5260f5d8c",
      "_tpl": "544fb45d4bdc2dee738b4568",
      "parentId": "hideout",
      "slotId": "hideout",
      "upd": {
        "UnlimitedCount": true,
        "StackObjectsCount": 9999999,
        "BuyRestrictionMax": 2,
        "BuyRestrictionCurrent": 0
      }
    },
    {
      "_id": "676d24d0798491c5260f5d8f",
      "_tpl": "5d80c78786f774403a401e3e",
      "parentId": "hideout",
      "slotId": "hideout",
      "upd": {
        "UnlimitedCount": true,
        "StackObjectsCount": 9999999,
        "BuyRestrictionMax": 1,
        "BuyRestrictionCurrent": 0
      }
    },
    {
      "_id": "676d24d0798491c5260f5d92",
      "_tpl": "5448ff904bdc2d6f028b456e",
      "parentId": "hideout",
      "slotId": "hideout",
      "upd": {
        "UnlimitedCount": true,
        "StackObjectsCount": 9999999,
        "BuyRestrictionMax": 3,
        "BuyRestrictionCurrent": 0
      }
    },
    {
      "_id": "676d24d0798491c5260f5d95",
      "_tpl": "5af0548586f7743a532b7e99",
      "parentId": "hideout",
      "slotId": "hideout",
      "upd": {
        "UnlimitedCount": true,
        "StackObjectsCount": 9999999,
        "BuyRestrictionMax": 1,
        "BuyRestrictionCurrent": 0
      }
    },
    {
      "_id": "676d24d0798491c5260f5d98",
      "_tpl": "5d1b3a5d86f774252167ba22",
      "parentId": "hideout",
      "slotId": "hideout",
      "upd": {
        "UnlimitedCount": true,
        "StackObjectsCount": 9999999,
        "BuyRestrictionMax": 4,
        "BuyRestrictionCurrent": 0
      }
    },
    {
      "_id": "676d24d0798491c5260f5d9b",
      "_tpl": "59e3577886f774176a362503",
      "parentId": "hideout",
      "slotId": "hideout",
      "upd": {
        "UnlimitedCount": true,
        "StackObjectsCount": 9999999,
        "BuyRestrictionMax": 2,
        "BuyRestrictionCurrent": 0
      }
    },
    {
      "_id": "676d24d0798491c5260f5d9e",
      "_tpl": "5c10c8fd86f7743d7d706df3",
      "parentId": "hideout",
      "slotId": "hideout",
      "upd": {
        "UnlimitedCount": true,
        "StackObjectsCount": 9999999,
        "BuyRestrictionMax": 1,
        "BuyRestrictionCurrent": 0
      }
    },
    {
      "_id": "676d24d0798491c5260f5da1",
      "_tpl": "5c0e530286f7747fa1419862",
      "parentId": "hideout",
      "slotId": "hideout",
      "upd": {
        "UnlimitedCount": true,
        "StackObjectsCount": 9999999,
        "BuyRestrictionMax": 4,
        "BuyRestrictionCurrent": 0
      }
    },
    {
      "_id": "676d24d0798491c5260f5da4",
      "_tpl": "5c94bbff86f7747ee735c08f",
      "parentId": "hideout",
      "slotId": "hideout",
      "upd": {
        "UnlimitedCount": true,
        "StackObjectsCount": 9999999,
        "BuyRestrictionMax": 2,
        "BuyRestrictionCurrent": 0
      }
    },
    {
      "_id": "676d24d0798491c5260f5da7",
      "_tpl": "59fb042886f7746c5005a7b2",
      "parentId": "hideout",
      "slotId": "hideout",
      "upd": {
        "UnlimitedCount": true,
        "StackObjectsCount": 9999999,
        "BuyRestrictionMax": 1,
        "BuyRestrictionCurrent": 0
      }
    },
    {
      "_id": "676d24d0798491c5260f5daa",
      "_tpl": "5e4abc6786f77406812bd572",
      "parentId": "hideout",
      "slotId": "hideout",
      "upd": {
        "UnlimitedCount": true,
        "StackObjectsCount": 9999999,
        "BuyRestrictionMax": 1,
        "BuyRestrictionCurrent": 0
      }
    },
    {
      "_id": "676d24d0798491c5260f5dad",
      "_tpl": "5c0530ee86f774697952d952",
      "parentId": "hideout",
      "slotId": "hideout",
      "upd": {
        "UnlimitedCount": true,
        "StackObjectsCount": 9999999,
        "BuyRestrictionMax": 1,
        "BuyRestrictionCurrent": 0
      }
    },
    {
      "_id": "676d24d0798491c5260f5db0",
      "_tpl": "57347d3d245977448f7b7f61",
      "parentId": "hideout",
      "slotId": "hideout",
      "upd": {
        "UnlimitedCount": true,
        "StackObjectsCount": 9999999,
        "BuyRestrictionMax": 3,
        "BuyRestrictionCurrent": 0
      }
    },
    {
      "_id": "676d24d0798491c5260f5db3",
      "_tpl": "5780d0532459777a5108b9a2",
      "parentId": "hideout",
      "slotId": "hideout",
      "upd": {
        "UnlimitedCount": true,
        "StackObjectsCount": 9999999,
        "BuyRestrictionMax": 1,
        "BuyRestrictionCurrent": 0
      }
    },
    {
      "_id": "676d24d0798491c5260f5db6",
      "_tpl": "5e831507ea0a7c419c2f9bd9",
      "parentId": "hideout",
      "slotId": "hideout",
      "upd": {
        "UnlimitedCount": true,
        "StackObjectsCount": 9999999,
        "BuyRestrictionMax": 20,
        "BuyRestrictionCurrent": 0
      }
    },
    {
      "_id": "676d24d0798491c5260f5db9",
      "_tpl": "5e8488fa988a8701445df1e4",
      "parentId": "hideout",
      "slotId": "hideout",
      "upd": {
        "UnlimitedCount": true,
        "StackObjectsCount": 9999999,
        "BuyRestrictionMax": 3,
        "BuyRestrictionCurrent": 0
      }
    },
    {
      "_id": "676d24d0798491c5260f5dbc",
      "_tpl": "57347d5f245977448b40fa81",
      "parentId": "hideout",
      "slotId": "hideout",
      "upd": {
        "UnlimitedCount": true,
        "StackObjectsCount": 9999999,
        "BuyRestrictionMax": 3,
        "BuyRestrictionCurrent": 0
      }
    },
    {
      "_id": "676d24d0798491c5260f5dbf",
      "_tpl": "5a0ee37f86f774023657a86f",
      "parentId": "hideout",
      "slotId": "hideout",
      "upd": {
        "UnlimitedCount": true,
        "StackObjectsCount": 9999999,
        "BuyRestrictionMax": 1,
        "BuyRestrictionCurrent": 0
      }
    },
    {
      "_id": "676d24d0798491c5260f5dc2",
      "_tpl": "619cbf9e0a7c3a1a2731940a",
      "parentId": "hideout",
      "slotId": "hideout",
      "upd": {
        "UnlimitedCount": true,
        "StackObjectsCount": 9999999,
        "BuyRestrictionMax": 1,
        "BuyRestrictionCurrent": 0
      }
    },
    {
      "_id": "676d24d0798491c5260f5dc5",
      "_tpl": "5bc9be8fd4351e00334cae6e",
      "parentId": "hideout",
      "slotId": "hideout",
      "upd": {
        "UnlimitedCount": true,
        "StackObjectsCount": 9999999,
        "BuyRestrictionMax": 2,
        "BuyRestrictionCurrent": 0
      }
    },
    {
      "_id": "676d24d0798491c5260f5dc8",
      "_tpl": "593aa4be86f77457f56379f8",
      "parentId": "hideout",
      "slotId": "hideout",
      "upd": {
        "UnlimitedCount": true,
        "StackObjectsCount": 9999999,
        "BuyRestrictionMax": 1,
        "BuyRestrictionCurrent": 0
      }
    },
    {
      "_id": "676d24d0798491c5260f5dcb",
      "_tpl": "5938603e86f77435642354f4",
      "parentId": "hideout",
      "slotId": "hideout",
      "upd": {
        "UnlimitedCount": true,
        "StackObjectsCount": 9999999,
        "BuyRestrictionMax": 1,
        "BuyRestrictionCurrent": 0
      }
    },
    {
      "_id": "676d24d0798491c5260f5dce",
      "_tpl": "5d02778e86f774203e7dedbe",
      "parentId": "hideout",
      "slotId": "hideout",
      "upd": {
        "UnlimitedCount": true,
        "StackObjectsCount": 9999999,
        "BuyRestrictionMax": 1,
        "BuyRestrictionCurrent": 0
      }
    },
    {
      "_id": "676d24d0798491c5260f5dd1",
      "_tpl": "5d1b371186f774253763a656",
      "parentId": "hideout",
      "slotId": "hideout",
      "upd": {
        "UnlimitedCount": true,
        "StackObjectsCount": 9999999,
        "BuyRestrictionMax": 1,
        "BuyRestrictionCurrent": 0
      }
    },
    {
      "_id": "676d24d1798491c5260f5dd4",
      "_tpl": "5448fee04bdc2dbc018b4567",
      "parentId": "hideout",
      "slotId": "hideout",
      "upd": {
        "UnlimitedCount": true,
        "StackObjectsCount": 9999999,
        "BuyRestrictionMax": 2,
        "BuyRestrictionCurrent": 0
      }
    },
    {
      "_id": "676d24d1798491c5260f5dd7",
      "_tpl": "5e8488fa988a8701445df1e4",
      "parentId": "hideout",
      "slotId": "hideout",
      "upd": {
        "UnlimitedCount": true,
        "StackObjectsCount": 9999999,
        "BuyRestrictionMax": 2,
        "BuyRestrictionCurrent": 0
      }
    },
    {
      "_id": "676d24d1798491c5260f5dda",
      "_tpl": "57347c93245977448d35f6e3",
      "parentId": "hideout",
      "slotId": "hideout",
      "upd": {
        "UnlimitedCount": true,
        "StackObjectsCount": 9999999,
        "BuyRestrictionMax": 2,
        "BuyRestrictionCurrent": 0
      }
    },
    {
      "_id": "676d24d1798491c5260f5ddd",
      "_tpl": "619cbf7d23893217ec30b689",
      "parentId": "hideout",
      "slotId": "hideout",
      "upd": {
        "UnlimitedCount": true,
        "StackObjectsCount": 9999999,
        "BuyRestrictionMax": 1,
        "BuyRestrictionCurrent": 0
      }
    },
    {
      "_id": "676d24d1798491c5260f5de0",
      "_tpl": "5c0e530286f7747fa1419862",
      "parentId": "hideout",
      "slotId": "hideout",
      "upd": {
        "UnlimitedCount": true,
        "StackObjectsCount": 9999999,
        "BuyRestrictionMax": 2,
        "BuyRestrictionCurrent": 0
      }
    },
    {
      "_id": "676d24d1798491c5260f5de3",
      "_tpl": "5c0e530286f7747fa1419862",
      "parentId": "hideout",
      "slotId": "hideout",
      "upd": {
        "UnlimitedCount": true,
        "StackObjectsCount": 9999999,
        "BuyRestrictionMax": 3,
        "BuyRestrictionCurrent": 0
      }
    },
    {
      "_id": "676d24d1798491c5260f5de6",
      "_tpl": "544fb45d4bdc2dee738b4568",
      "parentId": "hideout",
      "slotId": "hideout",
      "upd": {
        "UnlimitedCount": true,
        "StackObjectsCount": 9999999,
        "BuyRestrictionMax": 1,
        "BuyRestrictionCurrent": 0
      }
    },
    {
      "_id": "676d24d1798491c5260f5de9",
      "_tpl": "5938144586f77473c2087145",
      "parentId": "hideout",
      "slotId": "hideout",
      "upd": {
        "UnlimitedCount": true,
        "StackObjectsCount": 9999999,
        "BuyRestrictionMax": 1,
        "BuyRestrictionCurrent": 0
      }
    },
    {
      "_id": "676d24d1798491c5260f5dec",
      "_tpl": "5780cfa52459777dfb276eb1",
      "parentId": "hideout",
      "slotId": "hideout",
      "upd": {
        "UnlimitedCount": true,
        "StackObjectsCount": 9999999,
        "BuyRestrictionMax": 1,
        "BuyRestrictionCurrent": 0
      }
    },
    {
      "_id": "676d24d1798491c5260f5def",
      "_tpl": "62a0a043cf4a99369e2624a5",
      "parentId": "hideout",
      "slotId": "hideout",
      "upd": {
        "UnlimitedCount": true,
        "StackObjectsCount": 9999999,
        "BuyRestrictionMax": 5,
        "BuyRestrictionCurrent": 0
      }
    },
    {
      "_id": "676d24d1798491c5260f5df2",
      "_tpl": "5448ff904bdc2d6f028b456e",
      "parentId": "hideout",
      "slotId": "hideout",
      "upd": {
        "UnlimitedCount": true,
        "StackObjectsCount": 9999999,
        "BuyRestrictionMax": 5,
        "BuyRestrictionCurrent": 0
      }
    },
    {
      "_id": "667eac90d135442276096594",
      "_tpl": "635267f063651329f75a4ee8",
      "parentId": "hideout",
      "slotId": "hideout",
      "upd": {
        "StackObjectsCount": 245000,
        "BuyRestrictionMax": 1
      }
    }
  ],
  "barter_scheme": {
    "676d24ce798491c5260f5d02": [
      [
        {
          "count": 37061,
          "_tpl": "5449016a4bdc2d6f028b456f"
        }
      ]
    ],
    "676d24ce798491c5260f5d05": [
      [
        {
          "count": 1,
          "_tpl": "5d1b3f2d86f774253763b735"
        }
      ]
    ],
    "676d24ce798491c5260f5d08": [
      [
        {
          "count": 4283,
          "_tpl": "5449016a4bdc2d6f028b456f"
        }
      ]
    ],
    "676d24ce798491c5260f5d0b": [
      [
        {
          "count": 2182,
          "_tpl": "5449016a4bdc2d6f028b456f"
        }
      ]
    ],
    "676d24ce798491c5260f5d0e": [
      [
        {
          "count": 1,
          "_tpl": "59e35abd86f7741778269d82"
        }
      ]
    ],
    "676d24ce798491c5260f5d11": [
      [
        {
          "count": 2275,
          "_tpl": "5449016a4bdc2d6f028b456f"
        }
      ]
    ],
    "676d24ce798491c5260f5d14": [
      [
        {
          "count": 6638,
          "_tpl": "5449016a4bdc2d6f028b456f"
        }
      ]
    ],
    "676d24ce798491c5260f5d17": [
      [
        {
          "count": 1,
          "_tpl": "57347b8b24597737dd42e192"
        },
        {
          "count": 1,
          "_tpl": "56742c284bdc2d98058b456d"
        }
      ]
    ],
    "676d24ce798491c5260f5d1a": [
      [
        {
          "count": 17896,
          "_tpl": "5449016a4bdc2d6f028b456f"
        }
      ]
    ],
    "676d24ce798491c5260f5d1d": [
      [
        {
          "count": 12401,
          "_tpl": "5449016a4bdc2d6f028b456f"
        }
      ]
    ],
    "676d24ce798491c5260f5d20": [
      [
        {
          "count": 8542,
          "_tpl": "5449016a4bdc2d6f028b456f"
        }
      ]
    ],
    "676d24ce798491c5260f5d23": [
      [
        {
          "count": 16539,
          "_tpl": "5449016a4bdc2d6f028b456f"
        }
      ]
    ],
    "676d24ce798491c5260f5d26": [
      [
        {
          "count": 5,
          "_tpl": "5734758f24597738025ee253"
        },
        {
          "count": 2,
          "_tpl": "59faf7ca86f7740dbe19f6c2"
        },
        {
          "count": 2,
          "_tpl": "5d235a5986f77443f6329bc6"
        }
      ]
    ],
    "676d24ce798491c5260f5d29": [
      [
        {
          "count": 13935.41,
          "_tpl": "569668774bdc2da2298b4568"
        }
      ]
    ],
    "676d24ce798491c5260f5d2c": [
      [
        {
          "count": 42133,
          "_tpl": "5449016a4bdc2d6f028b456f"
        }
      ]
    ],
    "676d24ce798491c5260f5d2f": [
      [
        {
          "count": 45067,
          "_tpl": "5449016a4bdc2d6f028b456f"
        }
      ]
    ],
    "676d24ce798491c5260f5d32": [
      [
        {
          "count": 43524,
          "_tpl": "5449016a4bdc2d6f028b456f"
        }
      ]
    ],
    "676d24ce798491c5260f5d35": [
      [
        {
          "count": 11795,
          "_tpl": "5449016a4bdc2d6f028b456f"
        }
      ]
    ],
    "676d24ce798491c5260f5d38": [
      [
        {
          "count": 79739,
          "_tpl": "5449016a4bdc2d6f028b456f"
        }
      ]
    ],
    "676d24ce798491c5260f5d3b": [
      [
        {
          "count": 1,
          "_tpl": "59e3658a86f7741776641ac4"
        },
        {
          "count": 1,
          "_tpl": "59e3639286f7741777737013"
        },
        {
          "count": 4,
          "_tpl": "573478bc24597738002c6175"
        }
      ]
    ],
    "676d24cf798491c5260f5d3e": [
      [
        {
          "count": 548610,
          "_tpl": "5449016a4bdc2d6f028b456f"
        }
      ]
    ],
    "676d24cf798491c5260f5d41": [
      [
        {
          "count": 1,
          "_tpl": "590a3efd86f77437d351a25b"
        },
        {
          "count": 1,
          "_tpl": "590a3d9c86f774385926e510"
        }
      ]
    ],
    "676d24cf798491c5260f5d44": [
      [
        {
          "count": 1106138,
          "_tpl": "5449016a4bdc2d6f028b456f"
        }
      ]
    ],
    "676d24cf798491c5260f5d47": [
      [
        {
          "count": 10408,
          "_tpl": "5449016a4bdc2d6f028b456f"
        }
      ]
    ],
    "676d24cf798491c5260f5d4a": [
      [
        {
          "count": 6,
          "_tpl": "5d1b3a5d86f774252167ba22"
        },
        {
          "count": 4,
          "_tpl": "5d1b3f2d86f774253763b735"
        }
      ]
    ],
    "676d24cf798491c5260f5d4d": [
      [
        {
          "count": 10,
          "_tpl": "59e361e886f774176c10a2a5"
        },
        {
          "count": 10,
          "_tpl": "59e3606886f77417674759a5"
        },
        {
          "count": 10,
          "_tpl": "5e2af02c86f7746d420957d4"
        }
      ]
    ],
    "676d24cf798491c5260f5d50": [
      [
        {
          "count": 344100,
          "_tpl": "5449016a4bdc2d6f028b456f"
        }
      ]
    ],
    "676d24cf798491c5260f5d53": [
      [
        {
          "count": 10,
          "_tpl": "5af0534a86f7743b6f354284"
        },
        {
          "count": 25,
          "_tpl": "5d1b3a5d86f774252167ba22",
          "onlyFunctional": true
        }
      ]
    ],
    "676d24cf798491c5260f5d56": [
      [
        {
          "count": 60,
          "_tpl": "5734773724597737fd047c14"
        },
        {
          "count": 10,
          "_tpl": "57347d90245977448f7b7f65"
        }
      ]
    ],
    "676d24cf798491c5260f5d59": [
      [
        {
          "count": 4,
          "_tpl": "5734758f24597738025ee253"
        }
      ]
    ],
    "676d24cf798491c5260f5d5c": [
      [
        {
          "count": 40159,
          "_tpl": "5449016a4bdc2d6f028b456f"
        }
      ]
    ],
    "676d24cf798491c5260f5d5f": [
      [
        {
          "count": 1,
          "_tpl": "57347b8b24597737dd42e192"
        }
      ]
    ],
    "676d24cf798491c5260f5d62": [
      [
        {
          "count": 22145,
          "_tpl": "5449016a4bdc2d6f028b456f"
        }
      ]
    ],
    "676d24cf798491c5260f5d65": [
      [
        {
          "count": 1,
          "_tpl": "57347d5f245977448b40fa81"
        }
      ]
    ],
    "676d24cf798491c5260f5d68": [
      [
        {
          "count": 15,
          "_tpl": "5c052e6986f7746b207bc3c9"
        },
        {
          "count": 15,
          "_tpl": "5c0530ee86f774697952d952"
        },
        {
          "count": 15,
          "_tpl": "5af0548586f7743a532b7e99"
        },
        {
          "count": 15,
          "_tpl": "57347c93245977448d35f6e3"
        }
      ]
    ],
    "676d24cf798491c5260f5d6b": [
      [
        {
          "count": 7,
          "_tpl": "5b4335ba86f7744d2837a264"
        },
        {
          "count": 7,
          "_tpl": "5d1b3f2d86f774253763b735"
        },
        {
          "count": 2,
          "_tpl": "5755383e24597772cb798966"
        },
        {
          "count": 4,
          "_tpl": "619cc01e0a7c3a1a2731940c"
        }
      ]
    ],
    "676d24cf798491c5260f5d6e": [
      [
        {
          "count": 40,
          "_tpl": "59f32c3b86f77472a31742f0",
          "level": 15,
          "side": "Any"
        }
      ]
    ],
    "676d24cf798491c5260f5d71": [
      [
        {
          "count": 4,
          "_tpl": "5d40412b86f7743cb332ac3a"
        }
      ]
    ],
    "676d24cf798491c5260f5d74": [
      [
        {
          "count": 25397,
          "_tpl": "5449016a4bdc2d6f028b456f"
        }
      ]
    ],
    "676d24cf798491c5260f5d77": [
      [
        {
          "count": 1,
          "_tpl": "5d1b3f2d86f774253763b735"
        },
        {
          "count": 1,
          "_tpl": "59e361e886f774176c10a2a5"
        },
        {
          "count": 1,
          "_tpl": "59e35abd86f7741778269d82"
        }
      ]
    ],
    "676d24cf798491c5260f5d7a": [
      [
        {
          "count": 1,
          "_tpl": "57513fcc24597720a31c09a6"
        }
      ]
    ],
    "676d24cf798491c5260f5d7d": [
      [
        {
          "count": 50,
          "_tpl": "5d1b376e86f774252519444e"
        },
        {
          "count": 50,
          "_tpl": "5d40407c86f774318526545a"
        },
        {
          "count": 30,
          "_tpl": "5d403f9186f7743cac3f229b"
        }
      ]
    ],
    "676d24cf798491c5260f5d80": [
      [
        {
          "count": 10157,
          "_tpl": "5449016a4bdc2d6f028b456f"
        }
      ]
    ],
    "676d24cf798491c5260f5d83": [
      [
        {
          "count": 2,
          "_tpl": "5d1b3f2d86f774253763b735"
        }
      ]
    ],
    "676d24cf798491c5260f5d86": [
      [
        {
          "count": 46537,
          "_tpl": "5449016a4bdc2d6f028b456f"
        }
      ]
    ],
    "676d24cf798491c5260f5d89": [
      [
        {
          "count": 2,
          "_tpl": "59e3606886f77417674759a5"
        },
        {
          "count": 1,
          "_tpl": "59e361e886f774176c10a2a5"
        }
      ]
    ],
    "676d24d0798491c5260f5d8c": [
      [
        {
          "count": 1,
          "_tpl": "60098b1705871270cd5352a1"
        }
      ]
    ],
    "676d24d0798491c5260f5d8f": [
      [
        {
          "count": 2,
          "_tpl": "5d1b33a686f7742523398398"
        },
        {
          "count": 2,
          "_tpl": "5d1b385e86f774252167b98a"
        }
      ]
    ],
    "676d24d0798491c5260f5d92": [
      [
        {
          "count": 14665,
          "_tpl": "5449016a4bdc2d6f028b456f"
        }
      ]
    ],
    "676d24d0798491c5260f5d95": [
      [
        {
          "count": 1,
          "_tpl": "5b4335ba86f7744d2837a264"
        },
        {
          "count": 3,
          "_tpl": "5d1b3a5d86f774252167ba22"
        }
      ]
    ],
    "676d24d0798491c5260f5d98": [
      [
        {
          "count": 3,
          "_tpl": "56742c284bdc2d98058b456d"
        },
        {
          "count": 2,
          "_tpl": "57347b8b24597737dd42e192"
        }
      ]
    ],
    "676d24d0798491c5260f5d9b": [
      [
        {
          "count": 6,
          "_tpl": "5d1b3a5d86f774252167ba22"
        }
      ]
    ],
    "676d24d0798491c5260f5d9e": [
      [
        {
          "count": 1,
          "_tpl": "57347b8b24597737dd42e192"
        },
        {
          "count": 1,
          "_tpl": "590a3d9c86f774385926e510"
        }
      ]
    ],
    "676d24d0798491c5260f5da1": [
      [
        {
          "count": 33897,
          "_tpl": "5449016a4bdc2d6f028b456f"
        }
      ]
    ],
    "676d24d0798491c5260f5da4": [
      [
        {
          "count": 166500,
          "_tpl": "5449016a4bdc2d6f028b456f"
        }
      ]
    ],
    "676d24d0798491c5260f5da7": [
      [
        {
          "count": 80,
          "_tpl": "59f32c3b86f77472a31742f0",
          "level": 15,
          "side": "Any"
        }
      ]
    ],
    "676d24d0798491c5260f5daa": [
      [
        {
          "count": 2,
          "_tpl": "590c695186f7741e566b64a2"
        },
        {
          "count": 2,
          "_tpl": "5755383e24597772cb798966"
        },
        {
          "count": 2,
          "_tpl": "5d02797c86f774203f38e30a"
        },
        {
          "count": 3,
          "_tpl": "5d1b3a5d86f774252167ba22"
        }
      ]
    ],
    "676d24d0798491c5260f5dad": [
      [
        {
          "count": 20,
          "_tpl": "59f32c3b86f77472a31742f0",
          "level": 39,
          "side": "Any"
        },
        {
          "count": 140,
          "_tpl": "59f32c3b86f77472a31742f0",
          "level": 10,
          "side": "Usec"
        }
      ]
    ],
    "676d24d0798491c5260f5db0": [
      [
        {
          "count": 1,
          "_tpl": "5751487e245977207e26a315"
        }
      ]
    ],
    "676d24d0798491c5260f5db3": [
      [
        {
          "count": 1,
          "_tpl": "575062b524597720a31c09a1"
        },
        {
          "count": 2,
          "_tpl": "5448ff904bdc2d6f028b456e"
        },
        {
          "count": 1,
          "_tpl": "57347d8724597744596b4e76"
        }
      ]
    ],
    "676d24d0798491c5260f5db6": [
      [
        {
          "count": 4263,
          "_tpl": "5449016a4bdc2d6f028b456f"
        }
      ]
    ],
    "676d24d0798491c5260f5db9": [
      [
        {
          "count": 13949,
          "_tpl": "5449016a4bdc2d6f028b456f"
        }
      ]
    ],
    "676d24d0798491c5260f5dbc": [
      [
        {
          "count": 2,
          "_tpl": "57347c93245977448d35f6e3"
        }
      ]
    ],
    "676d24d0798491c5260f5dbf": [
      [
        {
          "count": 8,
          "_tpl": "5e2af02c86f7746d420957d4"
        }
      ]
    ],
    "676d24d0798491c5260f5dc2": [
      [
        {
          "count": 508883,
          "_tpl": "5449016a4bdc2d6f028b456f"
        }
      ]
    ],
    "676d24d0798491c5260f5dc5": [
      [
        {
          "count": 4,
          "_tpl": "575062b524597720a31c09a1"
        }
      ]
    ],
    "676d24d0798491c5260f5dc8": [
      [
        {
          "count": 7,
          "_tpl": "57347cd0245977445a2d6ff1"
        },
        {
          "count": 3,
          "_tpl": "5734795124597738002c6176"
        }
      ]
    ],
    "676d24d0798491c5260f5dcb": [
      [
        {
          "count": 7,
          "_tpl": "5d1b3a5d86f774252167ba22"
        }
      ]
    ],
    "676d24d0798491c5260f5dce": [
      [
        {
          "count": 2,
          "_tpl": "5e2aef7986f7746d3f3c33f5"
        }
      ]
    ],
    "676d24d0798491c5260f5dd1": [
      [
        {
          "count": 4,
          "_tpl": "6389c6463485cf0eeb260715"
        }
      ]
    ],
    "676d24d1798491c5260f5dd4": [
      [
        {
          "count": 1,
          "_tpl": "59e361e886f774176c10a2a5"
        }
      ]
    ],
    "676d24d1798491c5260f5dd7": [
      [
        {
          "count": 2,
          "_tpl": "59e35ef086f7741777737012"
        }
      ]
    ],
    "676d24d1798491c5260f5dda": [
      [
        {
          "count": 2,
          "_tpl": "5d4041f086f7743cac3f22a7"
        }
      ]
    ],
    "676d24d1798491c5260f5ddd": [
      [
        {
          "count": 20,
          "_tpl": "619cc01e0a7c3a1a2731940c"
        },
        {
          "count": 15,
          "_tpl": "5d1b3f2d86f774253763b735"
        },
        {
          "count": 12,
          "_tpl": "59e361e886f774176c10a2a5"
        }
      ]
    ],
    "676d24d1798491c5260f5de0": [
      [
        {
          "count": 5,
          "_tpl": "57513f07245977207e26a311"
        }
      ]
    ],
    "676d24d1798491c5260f5de3": [
      [
        {
          "count": 2,
          "_tpl": "62a0a043cf4a99369e2624a5"
        }
      ]
    ],
    "676d24d1798491c5260f5de6": [
      [
        {
          "count": 1,
          "_tpl": "59e3596386f774176c10a2a2"
        }
      ]
    ],
    "676d24d1798491c5260f5de9": [
      [
        {
          "count": 1,
          "_tpl": "57513fcc24597720a31c09a6"
        },
        {
          "count": 1,
          "_tpl": "575146b724597720a27126d5"
        },
        {
          "count": 1,
          "_tpl": "5c13cef886f774072e618e82"
        }
      ]
    ],
    "676d24d1798491c5260f5dec": [
      [
        {
          "count": 1,
          "_tpl": "6389c6463485cf0eeb260715"
        },
        {
          "count": 1,
          "_tpl": "6389c6c7dbfd5e4b95197e68"
        },
        {
          "count": 5,
          "_tpl": "5d1b3a5d86f774252167ba22"
        }
      ]
    ],
    "676d24d1798491c5260f5def": [
      [
        {
          "count": 5,
          "_tpl": "573475fb24597737fb1379e1"
        }
      ]
    ],
    "676d24d1798491c5260f5df2": [
      [
        {
          "count": 1,
          "_tpl": "5d1b3a5d86f774252167ba22"
        }
      ]
    ],
    "667eac90d135442276096594": [
      [
        {
          "count": 10,
          "_tpl": "59e361e886f774176c10a2a5"
        },
        {
          "count": 5,
          "_tpl": "62a0a043cf4a99369e2624a5"
        },
        {
          "count": 1,
          "_tpl": "5c052e6986f7746b207bc3c9"
        }
      ]
    ]
  },
  "loyal_level_items": {
    "676d24ce798491c5260f5d02": 2,
    "676d24ce798491c5260f5d05": 1,
    "676d24ce798491c5260f5d08": 1,
    "676d24ce798491c5260f5d0b": 1,
    "676d24ce798491c5260f5d0e": 2,
    "676d24ce798491c5260f5d11": 2,
    "676d24ce798491c5260f5d14": 1,
    "676d24ce798491c5260f5d17": 1,
    "676d24ce798491c5260f5d1a": 1,
    "676d24ce798491c5260f5d1d": 1,
    "676d24ce798491c5260f5d20": 1,
    "676d24ce798491c5260f5d23": 2,
    "676d24ce798491c5260f5d26": 4,
    "676d24ce798491c5260f5d29": 3,
    "676d24ce798491c5260f5d2c": 4,
    "676d24ce798491c5260f5d2f": 4,
    "676d24ce798491c5260f5d32": 3,
    "676d24ce798491c5260f5d35": 1,
    "676d24ce798491c5260f5d38": 4,
    "676d24ce798491c5260f5d3b": 2,
    "676d24cf798491c5260f5d3e": 3,
    "676d24cf798491c5260f5d41": 2,
    "676d24cf798491c5260f5d44": 1,
    "676d24cf798491c5260f5d47": 1,
    "676d24cf798491c5260f5d4a": 2,
    "676d24cf798491c5260f5d4d": 2,
    "676d24cf798491c5260f5d50": 1,
    "676d24cf798491c5260f5d53": 3,
    "676d24cf798491c5260f5d56": 4,
    "676d24cf798491c5260f5d59": 2,
    "676d24cf798491c5260f5d5c": 4,
    "676d24cf798491c5260f5d5f": 1,
    "676d24cf798491c5260f5d62": 1,
    "676d24cf798491c5260f5d65": 1,
    "676d24cf798491c5260f5d68": 4,
    "676d24cf798491c5260f5d6b": 2,
    "676d24cf798491c5260f5d6e": 2,
    "676d24cf798491c5260f5d71": 3,
    "676d24cf798491c5260f5d74": 3,
    "676d24cf798491c5260f5d77": 3,
    "676d24cf798491c5260f5d7a": 1,
    "676d24cf798491c5260f5d7d": 4,
    "676d24cf798491c5260f5d80": 2,
    "676d24cf798491c5260f5d83": 2,
    "676d24cf798491c5260f5d86": 4,
    "676d24cf798491c5260f5d89": 4,
    "676d24d0798491c5260f5d8c": 1,
    "676d24d0798491c5260f5d8f": 3,
    "676d24d0798491c5260f5d92": 1,
    "676d24d0798491c5260f5d95": 4,
    "676d24d0798491c5260f5d98": 1,
    "676d24d0798491c5260f5d9b": 4,
    "676d24d0798491c5260f5d9e": 2,
    "676d24d0798491c5260f5da1": 4,
    "676d24d0798491c5260f5da4": 4,
    "676d24d0798491c5260f5da7": 3,
    "676d24d0798491c5260f5daa": 3,
    "676d24d0798491c5260f5dad": 3,
    "676d24d0798491c5260f5db0": 2,
    "676d24d0798491c5260f5db3": 1,
    "676d24d0798491c5260f5db6": 1,
    "676d24d0798491c5260f5db9": 3,
    "676d24d0798491c5260f5dbc": 1,
    "676d24d0798491c5260f5dbf": 2,
    "676d24d0798491c5260f5dc2": 3,
    "676d24d0798491c5260f5dc5": 2,
    "676d24d0798491c5260f5dc8": 1,
    "676d24d0798491c5260f5dcb": 1,
    "676d24d0798491c5260f5dce": 2,
    "676d24d0798491c5260f5dd1": 2,
    "676d24d1798491c5260f5dd4": 1,
    "676d24d1798491c5260f5dd7": 1,
    "676d24d1798491c5260f5dda": 1,
    "676d24d1798491c5260f5ddd": 4,
    "676d24d1798491c5260f5de0": 2,
    "676d24d1798491c5260f5de3": 3,
    "676d24d1798491c5260f5de6": 1,
    "676d24d1798491c5260f5de9": 1,
    "676d24d1798491c5260f5dec": 2,
    "676d24d1798491c5260f5def": 1,
    "676d24d1798491c5260f5df2": 1,
    "667eac90d135442276096594": 1
  }
}