{
  "containersGroups": {
    "Rocks": {
      "minContainers": 6,
      "maxContainers": 8
    },
    "Other": {
      "minContainers": 5,
      "maxContainers": 6
    },
    "Chalet": {
      "minContainers": 38,
      "maxContainers": 42
    },
    "DestroedVillage": {
      "minContainers": 4,
      "maxContainers": 5
    },
    "Lighthouse": {
      "minContainers": 55,
      "maxContainers": 70
    },
    "Stashes": {
      "minContainers": 19,
      "maxContainers": 21
    },
    "Longroad": {
      "minContainers": 13,
      "maxContainers": 15
    },
    "Beach": {
      "minContainers": 14,
      "maxContainers": 16
    },
    "Stock": {
      "minContainers": 10,
      "maxContainers": 14
    },
    "Village": {
      "minContainers": 34,
      "maxContainers": 36
    },
    "Treatment": {
      "minContainers": 110,
      "maxContainers": 140
    }
  },
  "containers": {
    "container_Lighthouse_DesignStuff_00138": {
      "groupId": "Treatment"
    },
    "container_Lighthouse_DesignStuff_00139": {
      "groupId": "Treatment"
    },
    "container_Lighthouse_DesignStuff_00141": {
      "groupId": "Treatment"
    },
    "container_Lighthouse_DesignStuff_00140": {
      "groupId": "Treatment"
    },
    "container_Lighthouse_DesignStuff_00053": {
      "groupId": "Lighthouse"
    },
    "container_Lighthouse_DesignStuff_00023": {
      "groupId": "Lighthouse"
    },
    "container_Lighthouse_DesignStuff_00024": {
      "groupId": "Lighthouse"
    },
    "container_Lighthouse_DesignStuff_00026": {
      "groupId": "Lighthouse"
    },
    "container_Lighthouse_DesignStuff_00025": {
      "groupId": "Lighthouse"
    },
    "container_Lighthouse_DesignStuff_00184": {
      "groupId": "Treatment"
    },
    "container_Lighthouse_DesignStuff_00029": {
      "groupId": "Lighthouse"
    },
    "container_Lighthouse_DesignStuff_00030": {
      "groupId": "Lighthouse"
    },
    "container_Lighthouse_DesignStuff_00028": {
      "groupId": "Lighthouse"
    },
    "container_Lighthouse_DesignStuff_00027": {
      "groupId": "Lighthouse"
    },
    "container_Lighthouse_DesignStuff_00152": {
      "groupId": "Treatment"
    },
    "container_Lighthouse_DesignStuff_00153": {
      "groupId": "Treatment"
    },
    "container_Lighthouse_DesignStuff_00310": {
      "groupId": "Chalet"
    },
    "container_Lighthouse_DesignStuff_00181": {
      "groupId": "Treatment"
    },
    "container_Lighthouse_DesignStuff_00135": {
      "groupId": "Treatment"
    },
    "container_Lighthouse_DesignStuff_00134": {
      "groupId": "Treatment"
    },
    "container_Lighthouse_DesignStuff_00136": {
      "groupId": "Treatment"
    },
    "container_Lighthouse_DesignStuff_00137": {
      "groupId": "Treatment"
    },
    "container_Lighthouse_DesignStuff_00132": {
      "groupId": "Treatment"
    },
    "container_Lighthouse_DesignStuff_00133": {
      "groupId": "Treatment"
    },
    "container_Lighthouse_DesignStuff_00131": {
      "groupId": "Treatment"
    },
    "container_Lighthouse_DesignStuff_00130": {
      "groupId": "Treatment"
    },
    "container_Lighthouse_DesignStuff_00112": {
      "groupId": "Lighthouse"
    },
    "container_Lighthouse_DesignStuff_00111": {
      "groupId": "Lighthouse"
    },
    "container_Lighthouse_DesignStuff_00109": {
      "groupId": "Lighthouse"
    },
    "container_Lighthouse_DesignStuff_00110": {
      "groupId": "Lighthouse"
    },
    "container_Lighthouse_DesignStuff_00425": {
      "groupId": "Village"
    },
    "container_Lighthouse_DesignStuff_00049": {
      "groupId": "Lighthouse"
    },
    "container_Lighthouse_DesignStuff_00052": {
      "groupId": "Lighthouse"
    },
    "container_Lighthouse_DesignStuff_00044": {
      "groupId": "Lighthouse"
    },
    "container_Lighthouse_DesignStuff_00469": {
      "groupId": "DestroedVillage"
    },
    "Lootable_00000": {
      "groupId": "DestroedVillage"
    },
    "container_Lighthouse_DesignStuff_00048": {
      "groupId": "Lighthouse"
    },
    "container_Lighthouse_DesignStuff_00391": {
      "groupId": "Longroad"
    },
    "container_Lighthouse_DesignStuff_00178": {
      "groupId": "Treatment"
    },
    "container_Lighthouse_DesignStuff_00018": {
      "groupId": "Lighthouse"
    },
    "container_Lighthouse_DesignStuff_00017": {
      "groupId": "Lighthouse"
    },
    "container_Lighthouse_DesignStuff_00015": {
      "groupId": "Lighthouse"
    },
    "container_Lighthouse_DesignStuff_00016": {
      "groupId": "Lighthouse"
    },
    "container_Lighthouse_DesignStuff_00165": {
      "groupId": "Treatment"
    },
    "container_Lighthouse_DesignStuff_00164": {
      "groupId": "Treatment"
    },
    "container_Lighthouse_DesignStuff_00162": {
      "groupId": "Treatment"
    },
    "container_Lighthouse_DesignStuff_00163": {
      "groupId": "Treatment"
    },
    "container_Lighthouse_DesignStuff_00033": {
      "groupId": "Lighthouse"
    },
    "container_Lighthouse_DesignStuff_00034": {
      "groupId": "Lighthouse"
    },
    "container_Lighthouse_DesignStuff_00032": {
      "groupId": "Lighthouse"
    },
    "container_Lighthouse_DesignStuff_00031": {
      "groupId": "Lighthouse"
    },
    "container_Lighthouse_DesignStuff_00307": {
      "groupId": "Chalet"
    },
    "container_Lighthouse_DesignStuff_00375": {
      "groupId": "Beach"
    },
    "container_Lighthouse_DesignStuff_00051": {
      "groupId": "Lighthouse"
    },
    "Lootable_00005": {
      "groupId": "Treatment"
    },
    "Lootable_00006": {
      "groupId": "Treatment"
    },
    "Lootable_00008": {
      "groupId": "Treatment"
    },
    "Lootable_00007": {
      "groupId": "Treatment"
    },
    "container_Lighthouse_DesignStuff_00373": {
      "groupId": "Beach"
    },
    "container_Lighthouse_DesignStuff_00180": {
      "groupId": "Treatment"
    },
    "container_Lighthouse_DesignStuff_00390": {
      "groupId": "Longroad"
    },
    "container_Lighthouse_DesignStuff_00156": {
      "groupId": "Treatment"
    },
    "container_Lighthouse_DesignStuff_00157": {
      "groupId": "Treatment"
    },
    "container_Lighthouse_DesignStuff_00154": {
      "groupId": "Treatment"
    },
    "container_Lighthouse_DesignStuff_00127": {
      "groupId": "Treatment"
    },
    "container_Lighthouse_DesignStuff_00126": {
      "groupId": "Treatment"
    },
    "container_Lighthouse_DesignStuff_00128": {
      "groupId": "Treatment"
    },
    "container_Lighthouse_DesignStuff_00129": {
      "groupId": "Treatment"
    },
    "container_Lighthouse_DesignStuff_00392": {
      "groupId": "Longroad"
    },
    "container_Lighthouse_DesignStuff_00054": {
      "groupId": "Lighthouse"
    },
    "container_Lighthouse_DesignStuff_00427": {
      "groupId": "Village"
    },
    "container_Lighthouse_DesignStuff_00426": {
      "groupId": "Village"
    },
    "container_Lighthouse_DesignStuff_00050": {
      "groupId": "Lighthouse"
    },
    "container_Lighthouse_DesignStuff_00466": {
      "groupId": "DestroedVillage"
    },
    "container_Lighthouse_DesignStuff_00022": {
      "groupId": "Lighthouse"
    },
    "container_Lighthouse_DesignStuff_00021": {
      "groupId": "Lighthouse"
    },
    "container_Lighthouse_DesignStuff_00019": {
      "groupId": "Lighthouse"
    },
    "container_Lighthouse_DesignStuff_00020": {
      "groupId": "Lighthouse"
    },
    "container_Lighthouse_DesignStuff_00045": {
      "groupId": "Lighthouse"
    },
    "container_Lighthouse_DesignStuff_00429": {
      "groupId": "Village"
    },
    "container_Lighthouse_DesignStuff_00046": {
      "groupId": "Lighthouse"
    },
    "container_Lighthouse_DesignStuff_00055": {
      "groupId": "Lighthouse"
    },
    "container_Lighthouse_DesignStuff_00282": {
      "groupId": "Treatment"
    },
    "container_Lighthouse_DesignStuff_00281": {
      "groupId": "Treatment"
    },
    "container_Lighthouse_DesignStuff_00283": {
      "groupId": "Treatment"
    },
    "container_Lighthouse_DesignStuff_00284": {
      "groupId": "Treatment"
    },
    "container_Lighthouse_DesignStuff_00185": {
      "groupId": "Treatment"
    },
    "Lootable_00001": {
      "groupId": "Village"
    },
    "container_Lighthouse_DesignStuff_00047": {
      "groupId": "Lighthouse"
    },
    "container_Lighthouse_DesignStuff_00038": {
      "groupId": "Lighthouse"
    },
    "container_Lighthouse_DesignStuff_00037": {
      "groupId": "Lighthouse"
    },
    "container_Lighthouse_DesignStuff_00035": {
      "groupId": "Lighthouse"
    },
    "container_Lighthouse_DesignStuff_00036": {
      "groupId": "Lighthouse"
    },
    "container_Lighthouse_DesignStuff_00428": {
      "groupId": "Village"
    },
    "container_Lighthouse_DesignStuff_00056": {
      "groupId": "Lighthouse"
    },
    "container_Lighthouse_DesignStuff_00431": {
      "groupId": "Village"
    },
    "container_Lighthouse_DesignStuff_00058": {
      "groupId": "Lighthouse"
    },
    "container_Lighthouse_DesignStuff_00430": {
      "groupId": "Village"
    },
    "container_Lighthouse_DesignStuff_00147": {
      "groupId": "Treatment"
    },
    "container_Lighthouse_DesignStuff_00148": {
      "groupId": "Treatment"
    },
    "container_Lighthouse_DesignStuff_00149": {
      "groupId": "Treatment"
    },
    "container_Lighthouse_DesignStuff_00145": {
      "groupId": "Treatment"
    },
    "container_Lighthouse_DesignStuff_00144": {
      "groupId": "Treatment"
    },
    "container_Lighthouse_DesignStuff_00142": {
      "groupId": "Treatment"
    },
    "container_Lighthouse_DesignStuff_00143": {
      "groupId": "Treatment"
    },
    "container_Lighthouse_DesignStuff_00160": {
      "groupId": "Treatment"
    },
    "container_Lighthouse_DesignStuff_00158": {
      "groupId": "Treatment"
    },
    "container_Lighthouse_DesignStuff_00159": {
      "groupId": "Treatment"
    },
    "container_Lighthouse_DesignStuff_00306": {
      "groupId": "Chalet"
    },
    "container_Lighthouse_DesignStuff_00057": {
      "groupId": "Lighthouse"
    },
    "Lootable_00009": {
      "groupId": "Village"
    },
    "container_Lighthouse_DesignStuff_00311": {
      "groupId": "Chalet"
    },
    "container_Lighthouse_DesignStuff_00374": {
      "groupId": "Beach"
    },
    "container_Lighthouse_DesignStuff_00183": {
      "groupId": "Treatment"
    },
    "container_Lighthouse_DesignStuff_00182": {
      "groupId": "Treatment"
    },
    "container_Lighthouse_DesignStuff_00308": {
      "groupId": "Chalet"
    },
    "Lootable_00002": {
      "groupId": "Stock"
    },
    "container_Lighthouse_DesignStuff_00309": {
      "groupId": "Chalet"
    },
    "container_Lighthouse_DesignStuff_00012": {
      "groupId": "Lighthouse"
    },
    "container_Lighthouse_DesignStuff_00011": {
      "groupId": "Lighthouse"
    },
    "container_Lighthouse_DesignStuff_00013": {
      "groupId": "Lighthouse"
    },
    "container_Lighthouse_DesignStuff_00014": {
      "groupId": "Lighthouse"
    },
    "container_Lighthouse_DesignStuff_00179": {
      "groupId": "Treatment"
    },
    "container_Lighthouse_DesignStuff_00384": {
      "groupId": "Beach"
    },
    "container_Lighthouse_DesignStuff_00372": {
      "groupId": "Beach"
    },
    "container_Lighthouse_DesignStuff_00175": {
      "groupId": "Treatment"
    },
    "container_Lighthouse_DesignStuff_00343": {
      "groupId": "Chalet"
    },
    "container_Lighthouse_DesignStuff_00303": {
      "groupId": "Chalet"
    },
    "container_Lighthouse_DesignStuff_00519": {
      "groupId": "Other"
    },
    "container_Lighthouse_DesignStuff_00007": {
      "groupId": ""
    },
    "container_Lighthouse_DesignStuff_00405": {
      "groupId": "Rocks"
    },
    "container_Lighthouse_DesignStuff_00344": {
      "groupId": "Chalet"
    },
    "container_Lighthouse_DesignStuff_00043": {
      "groupId": "Lighthouse"
    },
    "container_Lighthouse_DesignStuff_00424": {
      "groupId": "Village"
    },
    "container_Lighthouse_DesignStuff_00401": {
      "groupId": "Longroad"
    },
    "container_Lighthouse_DesignStuff_00454": {
      "groupId": "Village"
    },
    "container_Lighthouse_DesignStuff_00389": {
      "groupId": "Longroad"
    },
    "container_Lighthouse_DesignStuff_00304": {
      "groupId": "Chalet"
    },
    "container_Lighthouse_DesignStuff_00305": {
      "groupId": "Chalet"
    },
    "container_Lighthouse_DesignStuff_00287": {
      "groupId": "Treatment"
    },
    "container_Lighthouse_DesignStuff_00177": {
      "groupId": "Treatment"
    },
    "container_Lighthouse_DesignStuff_00176": {
      "groupId": "Treatment"
    },
    "container_Lighthouse_DesignStuff_00520": {
      "groupId": "Other"
    },
    "container_Lighthouse_DesignStuff_00494": {
      "groupId": "Stashes"
    },
    "container_Lighthouse_DesignStuff_00481": {
      "groupId": "Stashes"
    },
    "container_Lighthouse_DesignStuff_00476": {
      "groupId": "Stashes"
    },
    "container_Lighthouse_DesignStuff_00493": {
      "groupId": "Stashes"
    },
    "container_Lighthouse_DesignStuff_00474": {
      "groupId": "Stashes"
    },
    "container_Lighthouse_DesignStuff_00480": {
      "groupId": "Stashes"
    },
    "container_Lighthouse_DesignStuff_00489": {
      "groupId": "Stashes"
    },
    "container_Lighthouse_DesignStuff_00478": {
      "groupId": "Stashes"
    },
    "container_Lighthouse_DesignStuff_00491": {
      "groupId": "Stashes"
    },
    "container_Lighthouse_DesignStuff_00486": {
      "groupId": "Stashes"
    },
    "Lootable_00072": {
      "groupId": "Stashes"
    },
    "container_Lighthouse_DesignStuff_00485": {
      "groupId": "Stashes"
    },
    "container_Lighthouse_DesignStuff_00383": {
      "groupId": "Beach"
    },
    "container_Test_for_export_00000": {
      "groupId": "Other"
    },
    "container_Lighthouse_DesignStuff_00400": {
      "groupId": "Longroad"
    },
    "container_Lighthouse_DesignStuff_00121": {
      "groupId": "Lighthouse"
    },
    "container_Lighthouse_DesignStuff_00009": {
      "groupId": "Lighthouse"
    },
    "container_Lighthouse_DesignStuff_00252": {
      "groupId": "Treatment"
    },
    "container_Lighthouse_DesignStuff_00396": {
      "groupId": "Longroad"
    },
    "container_Lighthouse_DesignStuff_00095": {
      "groupId": "Lighthouse"
    },
    "container_Lighthouse_DesignStuff_00419": {
      "groupId": "Village"
    },
    "container_Lighthouse_DesignStuff_00125": {
      "groupId": "Treatment"
    },
    "container_Lighthouse_DesignStuff_00368": {
      "groupId": "Beach"
    },
    "container_Lighthouse_DesignStuff_00326": {
      "groupId": "Chalet"
    },
    "container_Lighthouse_DesignStuff_00330": {
      "groupId": "Chalet"
    },
    "container_Lighthouse_DesignStuff_00397": {
      "groupId": "Longroad"
    },
    "container_Lighthouse_DesignStuff_00008": {
      "groupId": "Lighthouse"
    },
    "container_Lighthouse_DesignStuff_00367": {
      "groupId": "Beach"
    },
    "container_Lighthouse_DesignStuff_00253": {
      "groupId": "Treatment"
    },
    "container_Lighthouse_DesignStuff_00092": {
      "groupId": "Lighthouse"
    },
    "container_Lighthouse_DesignStuff_00387": {
      "groupId": "Longroad"
    },
    "container_Lighthouse_DesignStuff_00422": {
      "groupId": "Village"
    },
    "container_Lighthouse_DesignStuff_00439": {
      "groupId": "Village"
    },
    "container_Lighthouse_DesignStuff_00327": {
      "groupId": "Chalet"
    },
    "container_Lighthouse_DesignStuff_00404": {
      "groupId": "Longroad"
    },
    "container_Lighthouse_DesignStuff_00423": {
      "groupId": "Village"
    },
    "container_Lighthouse_DesignStuff_00329": {
      "groupId": "Chalet"
    },
    "container_Lighthouse_DesignStuff_00328": {
      "groupId": "Chalet"
    },
    "container_Lighthouse_DesignStuff_00453": {
      "groupId": "Village"
    },
    "container_Lighthouse_DesignStuff_00358": {
      "groupId": "Chalet"
    },
    "container_Lighthouse_DesignStuff_00448": {
      "groupId": "Village"
    },
    "container_Lighthouse_DesignStuff_00420": {
      "groupId": "Village"
    },
    "container_Lighthouse_DesignStuff_00280": {
      "groupId": "Treatment"
    },
    "container_Lighthouse_DesignStuff_00399": {
      "groupId": "Longroad"
    },
    "container_Lighthouse_DesignStuff_00369": {
      "groupId": "Beach"
    },
    "container_Lighthouse_DesignStuff_00093": {
      "groupId": "Lighthouse"
    },
    "container_Lighthouse_DesignStuff_00518": {
      "groupId": "Other"
    },
    "container_Lighthouse_DesignStuff_00254": {
      "groupId": "Treatment"
    },
    "container_Lighthouse_DesignStuff_00357": {
      "groupId": "Chalet"
    },
    "container_Lighthouse_DesignStuff_00124": {
      "groupId": "Treatment"
    },
    "container_Lighthouse_DesignStuff_00366": {
      "groupId": "Beach"
    },
    "container_Lighthouse_DesignStuff_00452": {
      "groupId": "Village"
    },
    "container_Lighthouse_DesignStuff_00251": {
      "groupId": "Treatment"
    },
    "container_Lighthouse_DesignStuff_00259": {
      "groupId": "Treatment"
    },
    "container_Lighthouse_DesignStuff_00003": {
      "groupId": ""
    },
    "container_Lighthouse_DesignStuff_00257": {
      "groupId": "Treatment"
    },
    "container_Lighthouse_DesignStuff_00388": {
      "groupId": "Longroad"
    },
    "container_Lighthouse_DesignStuff_00331": {
      "groupId": "Chalet"
    },
    "container_Lighthouse_DesignStuff_00438": {
      "groupId": "Village"
    },
    "container_Lighthouse_DesignStuff_00371": {
      "groupId": "Beach"
    },
    "container_Lighthouse_DesignStuff_00258": {
      "groupId": "Treatment"
    },
    "container_Lighthouse_DesignStuff_00094": {
      "groupId": "Lighthouse"
    },
    "container_Lighthouse_DesignStuff_00421": {
      "groupId": "Village"
    },
    "container_Lighthouse_DesignStuff_00382": {
      "groupId": "Beach"
    },
    "container_Lighthouse_DesignStuff_00255": {
      "groupId": "Treatment"
    },
    "container_Lighthouse_DesignStuff_00356": {
      "groupId": "Chalet"
    },
    "container_Lighthouse_DesignStuff_00517": {
      "groupId": "Other"
    },
    "container_Lighthouse_DesignStuff_00381": {
      "groupId": "Beach"
    },
    "container_Lighthouse_DesignStuff_00096": {
      "groupId": "Lighthouse"
    },
    "container_Lighthouse_DesignStuff_00450": {
      "groupId": "Village"
    },
    "container_Lighthouse_DesignStuff_00359": {
      "groupId": "Chalet"
    },
    "container_Lighthouse_DesignStuff_00108": {
      "groupId": "Lighthouse"
    },
    "container_Lighthouse_DesignStuff_00370": {
      "groupId": "Beach"
    },
    "container_Lighthouse_DesignStuff_00451": {
      "groupId": "Village"
    },
    "container_Lighthouse_DesignStuff_00449": {
      "groupId": "Village"
    },
    "container_Lighthouse_DesignStuff_00386": {
      "groupId": "Longroad"
    },
    "container_Lighthouse_DesignStuff_00010": {
      "groupId": "Lighthouse"
    },
    "container_Lighthouse_DesignStuff_00256": {
      "groupId": "Treatment"
    },
    "container_Lighthouse_DesignStuff_00484": {
      "groupId": "Stashes"
    },
    "container_Lighthouse_DesignStuff_00477": {
      "groupId": "Stashes"
    },
    "container_Lighthouse_DesignStuff_00495": {
      "groupId": "Stashes"
    },
    "container_Lighthouse_DesignStuff_00475": {
      "groupId": "Stashes"
    },
    "container_Lighthouse_DesignStuff_00479": {
      "groupId": "Stashes"
    },
    "container_Lighthouse_DesignStuff_00487": {
      "groupId": "Stashes"
    },
    "container_Lighthouse_DesignStuff_00482": {
      "groupId": "Stashes"
    },
    "container_Lighthouse_DesignStuff_00488": {
      "groupId": "Stashes"
    },
    "Lootable_00068": {
      "groupId": "Stashes"
    },
    "container_Lighthouse_DesignStuff_00492": {
      "groupId": "Stashes"
    },
    "container_Lighthouse_DesignStuff_00490": {
      "groupId": "Stashes"
    },
    "container_Lighthouse_DesignStuff_00483": {
      "groupId": "Stashes"
    },
    "container_Lighthouse_DesignStuff_00336": {
      "groupId": "Chalet"
    },
    "container_Lighthouse_DesignStuff_00442": {
      "groupId": "Village"
    },
    "container_Lighthouse_DesignStuff_00338": {
      "groupId": "Chalet"
    },
    "container_Lighthouse_DesignStuff_00263": {
      "groupId": "Treatment"
    },
    "container_Lighthouse_DesignStuff_00409": {
      "groupId": "Rocks"
    },
    "container_Lighthouse_DesignStuff_00415": {
      "groupId": "Rocks"
    },
    "container_Lighthouse_DesignStuff_00099": {
      "groupId": "Lighthouse"
    },
    "container_Lighthouse_DesignStuff_00262": {
      "groupId": "Treatment"
    },
    "container_Lighthouse_DesignStuff_00378": {
      "groupId": "Beach"
    },
    "container_Lighthouse_DesignStuff_00506": {
      "groupId": "Stock"
    },
    "container_Lighthouse_DesignStuff_00300": {
      "groupId": "Treatment"
    },
    "container_Lighthouse_DesignStuff_00100": {
      "groupId": "Lighthouse"
    },
    "container_Lighthouse_DesignStuff_00103": {
      "groupId": "Lighthouse"
    },
    "container_Lighthouse_DesignStuff_00365": {
      "groupId": "Chalet"
    },
    "container_Lighthouse_DesignStuff_00341": {
      "groupId": "Chalet"
    },
    "container_Lighthouse_DesignStuff_00464": {
      "groupId": "Village"
    },
    "container_Lighthouse_DesignStuff_00274": {
      "groupId": "Treatment"
    },
    "container_Lighthouse_DesignStuff_00515": {
      "groupId": "Stock"
    },
    "container_Lighthouse_DesignStuff_00446": {
      "groupId": "Village"
    },
    "container_Lighthouse_DesignStuff_00509": {
      "groupId": "Stock"
    },
    "container_Lighthouse_DesignStuff_00339": {
      "groupId": "Chalet"
    },
    "container_Lighthouse_DesignStuff_00244": {
      "groupId": "Treatment"
    },
    "container_Lighthouse_DesignStuff_00461": {
      "groupId": "Village"
    },
    "container_Lighthouse_DesignStuff_00447": {
      "groupId": "Village"
    },
    "container_Lighthouse_DesignStuff_00380": {
      "groupId": "Beach"
    },
    "container_Lighthouse_DesignStuff_00363": {
      "groupId": "Chalet"
    },
    "container_Lighthouse_DesignStuff_00521": {
      "groupId": "Other"
    },
    "container_Lighthouse_DesignStuff_00273": {
      "groupId": "Treatment"
    },
    "container_Lighthouse_DesignStuff_00508": {
      "groupId": "Stock"
    },
    "container_Lighthouse_DesignStuff_00265": {
      "groupId": "Treatment"
    },
    "container_Lighthouse_DesignStuff_00107": {
      "groupId": "Lighthouse"
    },
    "container_Lighthouse_DesignStuff_00105": {
      "groupId": "Lighthouse"
    },
    "container_Lighthouse_DesignStuff_00459": {
      "groupId": "Village"
    },
    "container_Lighthouse_DesignStuff_00101": {
      "groupId": "Lighthouse"
    },
    "container_Lighthouse_DesignStuff_00102": {
      "groupId": "Lighthouse"
    },
    "container_Lighthouse_DesignStuff_00104": {
      "groupId": "Lighthouse"
    },
    "container_Lighthouse_DesignStuff_00301": {
      "groupId": "Treatment"
    },
    "container_Lighthouse_DesignStuff_00503": {
      "groupId": "Stock"
    },
    "container_Lighthouse_DesignStuff_00465": {
      "groupId": "Village"
    },
    "container_Lighthouse_DesignStuff_00443": {
      "groupId": "Village"
    },
    "container_Lighthouse_DesignStuff_00511": {
      "groupId": "Stock"
    },
    "container_Lighthouse_DesignStuff_00267": {
      "groupId": "Treatment"
    },
    "container_Lighthouse_DesignStuff_00505": {
      "groupId": "Stock"
    },
    "container_Lighthouse_DesignStuff_00106": {
      "groupId": "Lighthouse"
    },
    "container_Lighthouse_DesignStuff_00275": {
      "groupId": "Treatment"
    },
    "container_Lighthouse_DesignStuff_00504": {
      "groupId": "Stock"
    },
    "container_Lighthouse_DesignStuff_00123": {
      "groupId": "Lighthouse"
    },
    "container_Lighthouse_DesignStuff_00271": {
      "groupId": "Treatment"
    },
    "container_Lighthouse_DesignStuff_00337": {
      "groupId": "Chalet"
    },
    "container_Lighthouse_DesignStuff_00410": {
      "groupId": "Rocks"
    },
    "container_Lighthouse_DesignStuff_00264": {
      "groupId": "Treatment"
    },
    "container_Lighthouse_DesignStuff_00340": {
      "groupId": "Chalet"
    },
    "container_Lighthouse_DesignStuff_00510": {
      "groupId": "Stock"
    },
    "container_Lighthouse_DesignStuff_00278": {
      "groupId": "Treatment"
    },
    "container_Lighthouse_DesignStuff_00512": {
      "groupId": "Stock"
    },
    "container_Lighthouse_DesignStuff_00500": {
      "groupId": "Stock"
    },
    "container_Lighthouse_DesignStuff_00513": {
      "groupId": "Stock"
    },
    "container_Lighthouse_DesignStuff_00342": {
      "groupId": "Chalet"
    },
    "container_Lighthouse_DesignStuff_00417": {
      "groupId": "Rocks"
    },
    "container_Lighthouse_DesignStuff_00501": {
      "groupId": "Stock"
    },
    "container_Lighthouse_DesignStuff_00302": {
      "groupId": "Treatment"
    },
    "container_Lighthouse_DesignStuff_00462": {
      "groupId": "Village"
    },
    "container_Lighthouse_DesignStuff_00416": {
      "groupId": "Rocks"
    },
    "container_Lighthouse_DesignStuff_00460": {
      "groupId": "Village"
    },
    "container_Lighthouse_DesignStuff_00364": {
      "groupId": "Chalet"
    },
    "container_Lighthouse_DesignStuff_00502": {
      "groupId": "Stock"
    },
    "container_Lighthouse_DesignStuff_00272": {
      "groupId": "Treatment"
    },
    "container_Lighthouse_DesignStuff_00279": {
      "groupId": "Treatment"
    },
    "container_Lighthouse_DesignStuff_00268": {
      "groupId": "Treatment"
    },
    "container_Lighthouse_DesignStuff_00122": {
      "groupId": "Lighthouse"
    },
    "container_Lighthouse_DesignStuff_00411": {
      "groupId": "Rocks"
    },
    "container_Lighthouse_DesignStuff_00463": {
      "groupId": "Village"
    },
    "container_Lighthouse_DesignStuff_00437": {
      "groupId": "Village"
    },
    "container_Lighthouse_DesignStuff_00444": {
      "groupId": "Village"
    },
    "container_Lighthouse_DesignStuff_00266": {
      "groupId": "Treatment"
    },
    "container_Lighthouse_DesignStuff_00270": {
      "groupId": "Treatment"
    },
    "container_Lighthouse_DesignStuff_00499": {
      "groupId": "Stock"
    },
    "container_Lighthouse_DesignStuff_00379": {
      "groupId": "Beach"
    },
    "container_Lighthouse_DesignStuff_00269": {
      "groupId": "Treatment"
    },
    "container_Lighthouse_DesignStuff_00276": {
      "groupId": "Treatment"
    },
    "container_Lighthouse_DesignStuff_00516": {
      "groupId": "Stock"
    },
    "container_Lighthouse_DesignStuff_00514": {
      "groupId": "Stock"
    },
    "container_Lighthouse_DesignStuff_00445": {
      "groupId": "Village"
    },
    "container_Lighthouse_DesignStuff_00277": {
      "groupId": "Treatment"
    },
    "container_Lighthouse_DesignStuff_00457": {
      "groupId": "Village"
    },
    "container_Lighthouse_DesignStuff_00458": {
      "groupId": "Village"
    },
    "container_Lighthouse_DesignStuff_00455": {
      "groupId": "Village"
    },
    "container_Lighthouse_DesignStuff_00472": {
      "groupId": "DestroedVillage"
    },
    "container_Lighthouse_DesignStuff_00435": {
      "groupId": "Village"
    },
    "container_Lighthouse_DesignStuff_00433": {
      "groupId": "Village"
    },
    "container_Lighthouse_DesignStuff_00434": {
      "groupId": "Village"
    },
    "container_Lighthouse_DesignStuff_00473": {
      "groupId": "DestroedVillage"
    },
    "container_Lighthouse_DesignStuff_00456": {
      "groupId": "Village"
    },
    "container_Lighthouse_DesignStuff_00432": {
      "groupId": "Village"
    },
    "container_Lighthouse_DesignStuff_00468": {
      "groupId": "DestroedVillage"
    },
    "container_Lighthouse_DesignStuff_00436": {
      "groupId": "Village"
    },
    "Lootable_00004": {
      "groupId": "Lighthouse"
    },
    "Lootable_00010": {
      "groupId": "Village"
    },
    "container_Lighthouse_DesignStuff_00113": {
      "groupId": "Lighthouse"
    },
    "container_Lighthouse_DesignStuff_00042": {
      "groupId": "Lighthouse"
    },
    "container_Lighthouse_DesignStuff_00285": {
      "groupId": "Treatment"
    },
    "container_Lighthouse_DesignStuff_00496": {
      "groupId": "Stock"
    },
    "container_Lighthouse_DesignStuff_00168": {
      "groupId": "Treatment"
    },
    "container_Lighthouse_DesignStuff_00166": {
      "groupId": "Treatment"
    },
    "container_Lighthouse_DesignStuff_00040": {
      "groupId": "Lighthouse"
    },
    "container_Lighthouse_DesignStuff_00174": {
      "groupId": "Treatment"
    },
    "container_Lighthouse_DesignStuff_00173": {
      "groupId": "Treatment"
    },
    "container_Lighthouse_DesignStuff_00167": {
      "groupId": "Treatment"
    },
    "container_Lighthouse_DesignStuff_00172": {
      "groupId": "Treatment"
    },
    "container_Lighthouse_DesignStuff_00041": {
      "groupId": "Lighthouse"
    },
    "container_Lighthouse_DesignStuff_00171": {
      "groupId": "Treatment"
    },
    "container_Lighthouse_DesignStuff_00286": {
      "groupId": "Treatment"
    },
    "container_Lighthouse_DesignStuff_00418": {
      "groupId": "Village"
    },
    "container_Lighthouse_DesignStuff_00169": {
      "groupId": "Treatment"
    },
    "container_Lighthouse_DesignStuff_00170": {
      "groupId": "Treatment"
    },
    "00012": {
      "groupId": "Stock"
    },
    "container_Lighthouse_DesignStuff_00039": {
      "groupId": "Lighthouse"
    },
    "container_Lighthouse_DesignStuff_00335": {
      "groupId": "Chalet"
    },
    "container_Lighthouse_DesignStuff_00333": {
      "groupId": "Chalet"
    },
    "container_Lighthouse_DesignStuff_00362": {
      "groupId": "Chalet"
    },
    "container_Lighthouse_DesignStuff_00361": {
      "groupId": "Chalet"
    },
    "container_Lighthouse_DesignStuff_00398": {
      "groupId": "Longroad"
    },
    "container_Lighthouse_DesignStuff_00440": {
      "groupId": "Village"
    },
    "container_Lighthouse_DesignStuff_00260": {
      "groupId": "Treatment"
    },
    "container_Lighthouse_DesignStuff_00261": {
      "groupId": "Treatment"
    },
    "container_Lighthouse_DesignStuff_00334": {
      "groupId": "Chalet"
    },
    "container_Lighthouse_DesignStuff_00097": {
      "groupId": "Lighthouse"
    },
    "container_Lighthouse_DesignStuff_00098": {
      "groupId": "Lighthouse"
    },
    "container_Lighthouse_DesignStuff_00332": {
      "groupId": "Chalet"
    },
    "container_Lighthouse_DesignStuff_00441": {
      "groupId": "Village"
    },
    "container_Lighthouse_DesignStuff_00360": {
      "groupId": "Chalet"
    },
    "n1": {
      "groupId": "Village"
    },
    "container_Lighthouse_DesignStuff_00090": {
      "groupId": "Lighthouse"
    },
    "container_Lighthouse_DesignStuff_00325": {
      "groupId": "Chalet"
    },
    "container_Lighthouse_DesignStuff_00246": {
      "groupId": "Treatment"
    },
    "container_Lighthouse_DesignStuff_00248": {
      "groupId": "Treatment"
    },
    "container_Lighthouse_DesignStuff_00091": {
      "groupId": "Lighthouse"
    },
    "container_Lighthouse_DesignStuff_00120": {
      "groupId": "Lighthouse"
    },
    "container_Lighthouse_DesignStuff_00249": {
      "groupId": "Treatment"
    },
    "container_Lighthouse_DesignStuff_00247": {
      "groupId": "Treatment"
    },
    "container_Lighthouse_DesignStuff_00250": {
      "groupId": "Treatment"
    },
    "container_Lighthouse_DesignStuff_00081": {
      "groupId": "Lighthouse"
    },
    "container_Lighthouse_DesignStuff_00354": {
      "groupId": "Chalet"
    },
    "container_Lighthouse_DesignStuff_00117": {
      "groupId": "Lighthouse"
    },
    "container_Lighthouse_DesignStuff_00079": {
      "groupId": "Lighthouse"
    },
    "container_Lighthouse_DesignStuff_00000": {
      "groupId": ""
    },
    "container_Lighthouse_DesignStuff_00294": {
      "groupId": "Treatment"
    },
    "container_Lighthouse_DesignStuff_00219": {
      "groupId": "Treatment"
    },
    "container_Lighthouse_DesignStuff_00220": {
      "groupId": "Treatment"
    },
    "container_Lighthouse_DesignStuff_00323": {
      "groupId": "Chalet"
    },
    "container_Lighthouse_DesignStuff_00078": {
      "groupId": "Lighthouse"
    },
    "container_Lighthouse_DesignStuff_00221": {
      "groupId": "Treatment"
    },
    "container_Lighthouse_DesignStuff_00080": {
      "groupId": "Lighthouse"
    },
    "container_Lighthouse_DesignStuff_00065": {
      "groupId": "Lighthouse"
    },
    "container_Lighthouse_DesignStuff_00066": {
      "groupId": "Lighthouse"
    },
    "container_Lighthouse_DesignStuff_00189": {
      "groupId": "Treatment"
    },
    "container_Lighthouse_DesignStuff_00186": {
      "groupId": "Treatment"
    },
    "container_Lighthouse_DesignStuff_00059": {
      "groupId": "Lighthouse"
    },
    "container_Lighthouse_DesignStuff_00063": {
      "groupId": "Lighthouse"
    },
    "container_Lighthouse_DesignStuff_00187": {
      "groupId": "Treatment"
    },
    "container_Lighthouse_DesignStuff_00190": {
      "groupId": "Treatment"
    },
    "container_Lighthouse_DesignStuff_00188": {
      "groupId": "Treatment"
    },
    "container_Lighthouse_DesignStuff_00062": {
      "groupId": "Lighthouse"
    },
    "container_Lighthouse_DesignStuff_00192": {
      "groupId": "Treatment"
    },
    "container_Lighthouse_DesignStuff_00064": {
      "groupId": "Lighthouse"
    },
    "container_Lighthouse_DesignStuff_00060": {
      "groupId": "Lighthouse"
    },
    "container_Lighthouse_DesignStuff_00061": {
      "groupId": "Lighthouse"
    },
    "container_Lighthouse_DesignStuff_00288": {
      "groupId": "Treatment"
    },
    "container_Lighthouse_DesignStuff_00191": {
      "groupId": "Treatment"
    },
    "container_Test_for_export_00001": {
      "groupId": "Treatment"
    },
    "container_Lighthouse_DesignStuff_00403": {
      "groupId": "Longroad"
    },
    "container_Lighthouse_DesignStuff_00395": {
      "groupId": "Longroad"
    },
    "container_Lighthouse_DesignStuff_00297": {
      "groupId": "Treatment"
    },
    "container_Lighthouse_DesignStuff_00299": {
      "groupId": "Treatment"
    },
    "container_Lighthouse_DesignStuff_00245": {
      "groupId": "Treatment"
    },
    "Lootable_00003": {
      "groupId": "Other"
    },
    "container_Lighthouse_DesignStuff_00238": {
      "groupId": "Treatment"
    },
    "container_Lighthouse_DesignStuff_00232": {
      "groupId": "Treatment"
    },
    "container_Lighthouse_DesignStuff_00242": {
      "groupId": "Treatment"
    },
    "container_Lighthouse_DesignStuff_00235": {
      "groupId": "Treatment"
    },
    "container_Lighthouse_DesignStuff_00085": {
      "groupId": "Lighthouse"
    },
    "container_Lighthouse_DesignStuff_00414": {
      "groupId": "Rocks"
    },
    "container_Lighthouse_DesignStuff_00408": {
      "groupId": "Rocks"
    },
    "container_Lighthouse_DesignStuff_00234": {
      "groupId": "Treatment"
    },
    "container_Lighthouse_DesignStuff_00088": {
      "groupId": "Lighthouse"
    },
    "container_Lighthouse_DesignStuff_00228": {
      "groupId": "Treatment"
    },
    "container_Lighthouse_DesignStuff_00229": {
      "groupId": "Treatment"
    },
    "container_Lighthouse_DesignStuff_00239": {
      "groupId": "Treatment"
    },
    "container_Lighthouse_DesignStuff_00005": {
      "groupId": ""
    },
    "container_Lighthouse_DesignStuff_00241": {
      "groupId": "Treatment"
    },
    "container_Lighthouse_DesignStuff_00243": {
      "groupId": "Treatment"
    },
    "container_Lighthouse_DesignStuff_00233": {
      "groupId": "Treatment"
    },
    "container_Lighthouse_DesignStuff_00230": {
      "groupId": "Treatment"
    },
    "container_Lighthouse_DesignStuff_00296": {
      "groupId": "Treatment"
    },
    "container_Lighthouse_DesignStuff_00119": {
      "groupId": "Lighthouse"
    },
    "container_Lighthouse_DesignStuff_00087": {
      "groupId": "Lighthouse"
    },
    "container_Lighthouse_DesignStuff_00402": {
      "groupId": "Longroad"
    },
    "container_Lighthouse_DesignStuff_00231": {
      "groupId": "Treatment"
    },
    "container_Lighthouse_DesignStuff_00298": {
      "groupId": "Treatment"
    },
    "container_Lighthouse_DesignStuff_00240": {
      "groupId": "Treatment"
    },
    "container_Lighthouse_DesignStuff_00237": {
      "groupId": "Treatment"
    },
    "container_Lighthouse_DesignStuff_00394": {
      "groupId": "Longroad"
    },
    "container_Lighthouse_DesignStuff_00089": {
      "groupId": "Lighthouse"
    },
    "container_Lighthouse_DesignStuff_00086": {
      "groupId": "Lighthouse"
    },
    "container_Lighthouse_DesignStuff_00236": {
      "groupId": "Treatment"
    },
    "container_Lighthouse_DesignStuff_00006": {
      "groupId": ""
    },
    "container_Lighthouse_DesignStuff_00082": {
      "groupId": "Lighthouse"
    },
    "container_Lighthouse_DesignStuff_00223": {
      "groupId": "Treatment"
    },
    "container_Lighthouse_DesignStuff_00355": {
      "groupId": "Chalet"
    },
    "container_Lighthouse_DesignStuff_00385": {
      "groupId": "Beach"
    },
    "container_Lighthouse_DesignStuff_00407": {
      "groupId": "Rocks"
    },
    "container_Lighthouse_DesignStuff_00227": {
      "groupId": "Treatment"
    },
    "container_Lighthouse_DesignStuff_00471": {
      "groupId": "DestroedVillage"
    },
    "container_Lighthouse_DesignStuff_00083": {
      "groupId": "Lighthouse"
    },
    "container_Lighthouse_DesignStuff_00295": {
      "groupId": "Treatment"
    },
    "container_Lighthouse_DesignStuff_00324": {
      "groupId": "Chalet"
    },
    "container_Lighthouse_DesignStuff_00225": {
      "groupId": "Treatment"
    },
    "container_Lighthouse_DesignStuff_00467": {
      "groupId": "DestroedVillage"
    },
    "container_Lighthouse_DesignStuff_00470": {
      "groupId": "DestroedVillage"
    },
    "container_Lighthouse_DesignStuff_00004": {
      "groupId": ""
    },
    "container_Lighthouse_DesignStuff_00413": {
      "groupId": "Rocks"
    },
    "container_Lighthouse_DesignStuff_00377": {
      "groupId": "Beach"
    },
    "container_Lighthouse_DesignStuff_00224": {
      "groupId": "Treatment"
    },
    "container_Lighthouse_DesignStuff_00226": {
      "groupId": "Treatment"
    },
    "container_Lighthouse_DesignStuff_00222": {
      "groupId": "Treatment"
    },
    "container_Lighthouse_DesignStuff_00084": {
      "groupId": "Lighthouse"
    },
    "container_Lighthouse_DesignStuff_00118": {
      "groupId": "Lighthouse"
    },
    "container_Lighthouse_DesignStuff_00204": {
      "groupId": "Treatment"
    },
    "container_Lighthouse_DesignStuff_00317": {
      "groupId": "Chalet"
    },
    "container_Lighthouse_DesignStuff_00291": {
      "groupId": "Treatment"
    },
    "container_Lighthouse_DesignStuff_00348": {
      "groupId": "Chalet"
    },
    "container_Lighthouse_DesignStuff_00115": {
      "groupId": "Lighthouse"
    },
    "container_Lighthouse_DesignStuff_00205": {
      "groupId": "Treatment"
    },
    "container_Lighthouse_DesignStuff_00073": {
      "groupId": "Lighthouse"
    },
    "container_Lighthouse_DesignStuff_00072": {
      "groupId": "Lighthouse"
    },
    "container_Lighthouse_DesignStuff_00206": {
      "groupId": "Treatment"
    },
    "container_Lighthouse_DesignStuff_00316": {
      "groupId": "Chalet"
    },
    "container_Lighthouse_DesignStuff_00290": {
      "groupId": "Treatment"
    },
    "container_Lighthouse_DesignStuff_00346": {
      "groupId": "Chalet"
    },
    "container_Lighthouse_DesignStuff_00497": {
      "groupId": "Stock"
    },
    "container_Lighthouse_DesignStuff_00347": {
      "groupId": "Chalet"
    },
    "container_Lighthouse_DesignStuff_00313": {
      "groupId": "Chalet"
    },
    "container_Lighthouse_DesignStuff_00068": {
      "groupId": "Lighthouse"
    },
    "container_Lighthouse_DesignStuff_00198": {
      "groupId": "Treatment"
    },
    "container_Lighthouse_DesignStuff_00197": {
      "groupId": "Treatment"
    },
    "container_Lighthouse_DesignStuff_00067": {
      "groupId": "Lighthouse"
    },
    "container_Lighthouse_DesignStuff_00199": {
      "groupId": "Treatment"
    },
    "container_Lighthouse_DesignStuff_00201": {
      "groupId": "Treatment"
    },
    "container_Lighthouse_DesignStuff_00194": {
      "groupId": "Treatment"
    },
    "container_Lighthouse_DesignStuff_00312": {
      "groupId": "Chalet"
    },
    "container_Lighthouse_DesignStuff_00315": {
      "groupId": "Chalet"
    },
    "container_Lighthouse_DesignStuff_00069": {
      "groupId": "Lighthouse"
    },
    "container_Lighthouse_DesignStuff_00406": {
      "groupId": "Rocks"
    },
    "container_Lighthouse_DesignStuff_00314": {
      "groupId": "Chalet"
    },
    "container_Lighthouse_DesignStuff_00114": {
      "groupId": "Lighthouse"
    },
    "container_Lighthouse_DesignStuff_00070": {
      "groupId": "Lighthouse"
    },
    "container_Lighthouse_DesignStuff_00193": {
      "groupId": "Treatment"
    },
    "container_Test_for_export_00002": {
      "groupId": "Stock"
    },
    "container_Lighthouse_DesignStuff_00202": {
      "groupId": "Treatment"
    },
    "container_Lighthouse_DesignStuff_00412": {
      "groupId": "Rocks"
    },
    "container_Lighthouse_DesignStuff_00289": {
      "groupId": "Treatment"
    },
    "container_Lighthouse_DesignStuff_00203": {
      "groupId": "Treatment"
    },
    "container_Lighthouse_DesignStuff_00200": {
      "groupId": "Treatment"
    },
    "container_Lighthouse_DesignStuff_00071": {
      "groupId": "Lighthouse"
    },
    "container_Lighthouse_DesignStuff_00195": {
      "groupId": "Treatment"
    },
    "container_Lighthouse_DesignStuff_00196": {
      "groupId": "Treatment"
    },
    "container_Lighthouse_DesignStuff_00345": {
      "groupId": "Chalet"
    },
    "container_Lighthouse_DesignStuff_00075": {
      "groupId": "Lighthouse"
    },
    "container_Lighthouse_DesignStuff_00320": {
      "groupId": "Chalet"
    },
    "container_Lighthouse_DesignStuff_00349": {
      "groupId": "Chalet"
    },
    "container_Lighthouse_DesignStuff_00077": {
      "groupId": "Lighthouse"
    },
    "container_Lighthouse_DesignStuff_00353": {
      "groupId": "Chalet"
    },
    "container_Lighthouse_DesignStuff_00498": {
      "groupId": "Stock"
    },
    "container_Lighthouse_DesignStuff_00214": {
      "groupId": "Treatment"
    },
    "container_Lighthouse_DesignStuff_00216": {
      "groupId": "Treatment"
    },
    "container_Lighthouse_DesignStuff_00207": {
      "groupId": "Treatment"
    },
    "container_Lighthouse_DesignStuff_00208": {
      "groupId": "Treatment"
    },
    "container_Lighthouse_DesignStuff_00393": {
      "groupId": "Longroad"
    },
    "container_Lighthouse_DesignStuff_00218": {
      "groupId": "Treatment"
    },
    "container_Lighthouse_DesignStuff_00350": {
      "groupId": "Chalet"
    },
    "container_Lighthouse_DesignStuff_00210": {
      "groupId": "Treatment"
    },
    "container_Lighthouse_DesignStuff_00211": {
      "groupId": "Treatment"
    },
    "container_Lighthouse_DesignStuff_00318": {
      "groupId": "Chalet"
    },
    "container_Lighthouse_DesignStuff_00322": {
      "groupId": "Chalet"
    },
    "container_Lighthouse_DesignStuff_00209": {
      "groupId": "Treatment"
    },
    "container_Lighthouse_DesignStuff_00293": {
      "groupId": "Treatment"
    },
    "container_Lighthouse_DesignStuff_00352": {
      "groupId": "Chalet"
    },
    "container_Lighthouse_DesignStuff_00292": {
      "groupId": "Treatment"
    },
    "container_Lighthouse_DesignStuff_00212": {
      "groupId": "Treatment"
    },
    "container_Lighthouse_DesignStuff_00116": {
      "groupId": "Lighthouse"
    },
    "container_Lighthouse_DesignStuff_00351": {
      "groupId": "Chalet"
    },
    "container_Lighthouse_DesignStuff_00319": {
      "groupId": "Chalet"
    },
    "container_Lighthouse_DesignStuff_00076": {
      "groupId": "Lighthouse"
    },
    "container_Lighthouse_DesignStuff_00376": {
      "groupId": "Beach"
    },
    "container_Lighthouse_DesignStuff_00507": {
      "groupId": "Stock"
    },
    "container_Lighthouse_DesignStuff_00213": {
      "groupId": "Treatment"
    },
    "container_Lighthouse_DesignStuff_00074": {
      "groupId": "Lighthouse"
    },
    "container_Lighthouse_DesignStuff_00215": {
      "groupId": "Treatment"
    },
    "container_Lighthouse_DesignStuff_00217": {
      "groupId": "Treatment"
    },
    "container_Lighthouse_DesignStuff_00321": {
      "groupId": "Chalet"
    }
  }
}