{"Caliber1143x23ACP":[{"tpl":"5e81f423763d9f754677bf2e","relativeProbability":4113},{"tpl":"5ea2a8e200685063ec28c05a","relativeProbability":383},{"tpl":"5efb0d4f4bc50b58e81710f3","relativeProbability":379},{"tpl":"5efb0cabfb3e451d70735af5","relativeProbability":445},{"tpl":"5efb0fc6aeb21837e749c801","relativeProbability":296}],"Caliber127x33":[{"tpl":"668fe62ac62660a5d8071446","relativeProbability":3379},{"tpl":"66a0d1c87d0d369e270bb9de","relativeProbability":598},{"tpl":"66a0d1e0ed648d72fe064d06","relativeProbability":585},{"tpl":"66a0d1f88486c69fce00fdf6","relativeProbability":568}],"Caliber127x55":[{"tpl":"5cadf6ddae9215051e1c23b2","relativeProbability":1079},{"tpl":"5cadf6eeae921500134b2799","relativeProbability":655},{"tpl":"5cadf6e5ae921500113bb973","relativeProbability":986}],"Caliber12g":[{"tpl":"5d6e68e6a4b9361c140bcfe0","relativeProbability":360},{"tpl":"5d6e68d1a4b93622fe60e845","relativeProbability":423},{"tpl":"560d5e524bdc2d25448b4571","relativeProbability":3519},{"tpl":"5d6e68c4a4b9361b93413f79","relativeProbability":991},{"tpl":"64b8ee384b75259c590fa89b","relativeProbability":890},{"tpl":"5d6e689ca4b9361bc8618956","relativeProbability":555},{"tpl":"5d6e68b3a4b9361bca7e50b5","relativeProbability":468},{"tpl":"5c0d591486f7744c505b416f","relativeProbability":676},{"tpl":"5d6e68dea4b9361bcc29e659","relativeProbability":454},{"tpl":"5d6e6806a4b936088465b17e","relativeProbability":938},{"tpl":"5d6e6911a4b9361bd5780d52","relativeProbability":584},{"tpl":"58820d1224597753c90aeb13","relativeProbability":909},{"tpl":"5d6e68a8a4b9360b6c0d54e2","relativeProbability":756},{"tpl":"5d6e6869a4b9361c140bcfde","relativeProbability":637},{"tpl":"5d6e6891a4b9361bd473feea","relativeProbability":611},{"tpl":"5d6e6772a4b936088465b17c","relativeProbability":58},{"tpl":"5d6e67fba4b9361bc73bc779","relativeProbability":72}],"Caliber20g":[{"tpl":"5d6e69c7a4b9360b6c0d54e4","relativeProbability":603},{"tpl":"5a38ebd9c4a282000d722a5b","relativeProbability":2410},{"tpl":"5d6e6a05a4b93618084f58d0","relativeProbability":775},{"tpl":"5d6e6a53a4b9361bd473feec","relativeProbability":721},{"tpl":"5d6e6a42a4b9364f07165f52","relativeProbability":692},{"tpl":"5d6e695fa4b936359b35d852","relativeProbability":828},{"tpl":"5d6e6a5fa4b93614ec501745","relativeProbability":577},{"tpl":"5d6e69b9a4b9361bc8618958","relativeProbability":757},{"tpl":"660137ef76c1b56143052be8","relativeProbability":503},{"tpl":"6601380580e77cfd080e3418","relativeProbability":589},{"tpl":"660137d8481cc6907a0c5cda","relativeProbability":305}],"Caliber20x1mm":[{"tpl":"6601546f86889319850bd566","relativeProbability":1992}],"Caliber23x75":[{"tpl":"5e85aa1a988a8701445df1f5","relativeProbability":489},{"tpl":"5e85a9f4add9fe03027d9bf1","relativeProbability":279},{"tpl":"5e85a9a6eacf8c039e4e2ac1","relativeProbability":677},{"tpl":"5f647f31b6238e5dd066e196","relativeProbability":660}],"Caliber26x75":[{"tpl":"62389aaba63f32501b1b444f","relativeProbability":1406},{"tpl":"62389be94d5d474bf712e709","relativeProbability":175},{"tpl":"62389ba9a63f32501b1b4451","relativeProbability":102},{"tpl":"62389bc9423ed1685422dc57","relativeProbability":175},{"tpl":"635267f063651329f75a4ee8","relativeProbability":17}],"Caliber366TKM":[{"tpl":"5f0596629e22f464da6bbdd9","relativeProbability":397},{"tpl":"59e655cb86f77411dc52a77b","relativeProbability":1470},{"tpl":"59e6542b86f77411dc52a77a","relativeProbability":1210},{"tpl":"59e6658b86f77411d949b250","relativeProbability":590}],"Caliber40mmRU":[{"tpl":"5656eb674bdc2d35148b457c","relativeProbability":9031}],"Caliber40x46":[{"tpl":"5ede475b549eed7c6d5c18fb","relativeProbability":3272},{"tpl":"5f0c892565703e5c461894e9","relativeProbability":3446},{"tpl":"5ede4739e0350d05467f73e8","relativeProbability":3454},{"tpl":"5ede475339ee016e8c534742","relativeProbability":703},{"tpl":"5ede474b0c226a66f5402622","relativeProbability":277},{"tpl":"5ede47405b097655935d7d16","relativeProbability":123}],"Caliber46x30":[{"tpl":"64b6979341772715af0f9c39","relativeProbability":1328},{"tpl":"5ba26812d4351e003201fef1","relativeProbability":1051},{"tpl":"5ba2678ad4351e44f824b344","relativeProbability":1571},{"tpl":"5ba26835d4351e0035628ff5","relativeProbability":451},{"tpl":"5ba26844d4351e00334c9475","relativeProbability":186}],"Caliber545x39":[{"tpl":"56dff0bed2720bb0668b4567","relativeProbability":2897},{"tpl":"56dff3afd2720bba668b4567","relativeProbability":10290},{"tpl":"56dff338d2720bbd668b4569","relativeProbability":5197},{"tpl":"56dff2ced2720bb4668b4567","relativeProbability":4674},{"tpl":"56dfef82d2720bbd668b4567","relativeProbability":1435},{"tpl":"56dff4a2d2720bbd668b456a","relativeProbability":3748},{"tpl":"56dff421d2720b5f5a8b4567","relativeProbability":1615},{"tpl":"56dff4ecd2720b5f5a8b4568","relativeProbability":3007},{"tpl":"56dff216d2720bbd668b4568","relativeProbability":1459},{"tpl":"56dff026d2720bb8668b4567","relativeProbability":1609},{"tpl":"61962b617c6c7b169525f168","relativeProbability":652},{"tpl":"5c0d5e4486f77478390952fe","relativeProbability":558},{"tpl":"56dff061d2720bb5668b4567","relativeProbability":1714}],"Caliber556x45NATO":[{"tpl":"54527a984bdc2d4e668b4567","relativeProbability":1575},{"tpl":"601949593ae8f707c4608daa","relativeProbability":265},{"tpl":"59e6920f86f77411d82aa167","relativeProbability":5803},{"tpl":"59e6927d86f77411da468256","relativeProbability":1482},{"tpl":"59e6918f86f7746c9f75e849","relativeProbability":1066},{"tpl":"59e6906286f7746c9f75e847","relativeProbability":1215},{"tpl":"59e68f6f86f7746c9f75e846","relativeProbability":1354},{"tpl":"54527ac44bdc2d36668b4567","relativeProbability":1314},{"tpl":"5c0d5ae286f7741e46554302","relativeProbability":608},{"tpl":"60194943740c5d77f6705eea","relativeProbability":627},{"tpl":"59e690b686f7746c9f75e848","relativeProbability":427}],"Caliber57x28":[{"tpl":"5cc86832d7f00c000d3a6e6c","relativeProbability":602},{"tpl":"5cc80f8fe4a949033b0224a2","relativeProbability":2779},{"tpl":"5cc80f79e4a949033c7343b2","relativeProbability":1129},{"tpl":"5cc80f53e4a949000e1ea4f8","relativeProbability":670},{"tpl":"5cc80f67e4a949035e43bbba","relativeProbability":662},{"tpl":"5cc80f38e4a949001152b560","relativeProbability":420},{"tpl":"5cc86840d7f00c002412c56c","relativeProbability":622}],"Caliber68x51":[{"tpl":"6529243824cbe3c74a05e5c1","relativeProbability":142},{"tpl":"6529302b8c26af6326029fb7","relativeProbability":147}],"Caliber762x25TT":[{"tpl":"5736026a245977644601dc61","relativeProbability":3924},{"tpl":"573601b42459776410737435","relativeProbability":1447},{"tpl":"5735ff5c245977640e39ba7e","relativeProbability":2746},{"tpl":"573603c924597764442bd9cb","relativeProbability":156},{"tpl":"573603562459776430731618","relativeProbability":169},{"tpl":"573602322459776445391df1","relativeProbability":159},{"tpl":"5735fdcd2459776445391d61","relativeProbability":155}],"Caliber762x35":[{"tpl":"5fbe3ffdf8b6a877a729ea82","relativeProbability":1143},{"tpl":"6196365d58ef8c428c287da1","relativeProbability":601},{"tpl":"5fd20ff893a8961fc660a954","relativeProbability":564},{"tpl":"6196364158ef8c428c287d9f","relativeProbability":311},{"tpl":"64b8725c4b75259c590fa899","relativeProbability":685},{"tpl":"619636be6db0f2477964e710","relativeProbability":367}],"Caliber762x39":[{"tpl":"64b7af5a8532cf95ee0a0dbd","relativeProbability":4001},{"tpl":"5656d7c34bdc2d9d198b4587","relativeProbability":7260},{"tpl":"64b7af734b75259c590fa895","relativeProbability":1605},{"tpl":"59e4d3d286f774176a36250a","relativeProbability":1320},{"tpl":"64b7af434b75259c590fa893","relativeProbability":1398},{"tpl":"59e4cf5286f7741778269d8a","relativeProbability":1649},{"tpl":"59e0d99486f7744a32234762","relativeProbability":1461},{"tpl":"59e4d24686f7741776641ac7","relativeProbability":290},{"tpl":"601aa3d2b2bcb34913271e6d","relativeProbability":317}],"Caliber762x51":[{"tpl":"5e023e53d4353e3302577c4c","relativeProbability":3929},{"tpl":"5e023e6e34d52a55c3304f71","relativeProbability":1185},{"tpl":"5a608bf24f39f98ffc77720e","relativeProbability":1091},{"tpl":"6768c25aa7b238f14a08d3f6","relativeProbability":329},{"tpl":"58dd3ad986f77403051cba8f","relativeProbability":1779},{"tpl":"5e023e88277cce2b522ff2b1","relativeProbability":828},{"tpl":"5efb0c1bd79ff02a1f5e68d9","relativeProbability":148},{"tpl":"5a6086ea4f39f99cd479502f","relativeProbability":434}],"Caliber762x54R":[{"tpl":"5887431f2459777e1612938f","relativeProbability":2017},{"tpl":"560d61e84bdc2da74d8b4571","relativeProbability":320},{"tpl":"59e77a2386f7742ee578960a","relativeProbability":775},{"tpl":"5e023cf8186a883be655e54f","relativeProbability":760},{"tpl":"64b8f7c241772715af0f9c3d","relativeProbability":1270},{"tpl":"5e023d48186a883be655e551","relativeProbability":215},{"tpl":"64b8f7b5389d7ffd620ccba2","relativeProbability":840},{"tpl":"64b8f7968532cf95ee0a0dbf","relativeProbability":1282},{"tpl":"5e023d34e8a400319a28ed44","relativeProbability":417}],"Caliber86x70":[{"tpl":"5fc382c1016cce60e8341b20","relativeProbability":308},{"tpl":"5fc275cf85fd526b824a571a","relativeProbability":291},{"tpl":"5fc382b6d6fa9c00c571bbc3","relativeProbability":225},{"tpl":"5fc382a9d724d907e2077dab","relativeProbability":145}],"Caliber9x18PM":[{"tpl":"573719762459775a626ccbc1","relativeProbability":13150},{"tpl":"5737201124597760fc4431f1","relativeProbability":671},{"tpl":"5737207f24597760ff7b25f2","relativeProbability":1599},{"tpl":"57372140245977611f70ee91","relativeProbability":3037},{"tpl":"57371aab2459775a77142f22","relativeProbability":1338},{"tpl":"5737218f245977612125ba51","relativeProbability":2838},{"tpl":"57371e4124597760ff7b25f1","relativeProbability":1747},{"tpl":"573718ba2459775a75491131","relativeProbability":2017},{"tpl":"573719df2459775a626ccbc2","relativeProbability":2266},{"tpl":"57371f2b24597761224311f1","relativeProbability":615},{"tpl":"573720e02459776143012541","relativeProbability":660},{"tpl":"57371f8d24597761006c6a81","relativeProbability":571},{"tpl":"57371b192459775a9f58a5e0","relativeProbability":1137},{"tpl":"57371eb62459776125652ac1","relativeProbability":606}],"Caliber9x19PARA":[{"tpl":"5c3df7d588a4501f290594e5","relativeProbability":1056},{"tpl":"5c0d56a986f774449d5de529","relativeProbability":1089},{"tpl":"64b7bbb74b75259c590fa897","relativeProbability":11198},{"tpl":"56d59d3ad2720bdb418b4577","relativeProbability":10388},{"tpl":"58864a4f2459770fcc257101","relativeProbability":1127},{"tpl":"5a3c16fe86f77452b62de32a","relativeProbability":936},{"tpl":"5efb0e16aeb21837e749c7ff","relativeProbability":485},{"tpl":"5c925fa22e221601da359b7b","relativeProbability":418},{"tpl":"5efb0da7a29a85116f6ea05f","relativeProbability":411}],"Caliber9x21":[{"tpl":"5a26abfac4a28232980eabff","relativeProbability":2088},{"tpl":"5a26ac06c4a282000c5a90a8","relativeProbability":1468},{"tpl":"5a269f97c4a282000b151807","relativeProbability":1115},{"tpl":"5a26ac0ec4a28200741e1e18","relativeProbability":1113},{"tpl":"6576f93989f0062e741ba952","relativeProbability":157},{"tpl":"6576f4708ca9c4381d16cd9d","relativeProbability":68}],"Caliber9x33R":[{"tpl":"62330b3ed4dc74626d570b95","relativeProbability":2807},{"tpl":"62330c40bdd19b369e1e53d1","relativeProbability":646},{"tpl":"62330c18744e5e31df12f516","relativeProbability":304},{"tpl":"62330bfadc5883093563729b","relativeProbability":444}],"Caliber9x39":[{"tpl":"5c0d688c86f77413ae3407b2","relativeProbability":1212},{"tpl":"57a0e5022459774d1673f889","relativeProbability":1450},{"tpl":"5c0d668f86f7747ccb7f13b2","relativeProbability":1617},{"tpl":"61962d879bb3d20b0946d385","relativeProbability":914},{"tpl":"6576f96220d53a5b8f3e395e","relativeProbability":1047},{"tpl":"57a0dfb82459774d3078b56c","relativeProbability":1310}]}