{"staticWeapons":[],"staticContainers":[{"probability":0.48,"template":{"Id":"container_Factory_Rework_DesignStuff_00070","IsContainer":true,"useGravity":false,"randomRotation":false,"Position":{"x":0,"y":0,"z":0},"Rotation":{"x":0,"y":0,"z":0},"IsGroupPosition":false,"GroupPositions":[],"IsAlwaysSpawn":false,"Root":"677323e40bf83e55090f7849","Items":[{"_id":"677323e40bf83e55090f7849","_tpl":"578f87ad245977356274f2cc","upd":{"StackObjectsCount":1}}]}},{"probability":0.45,"template":{"Id":"container_Factory_Rework_DesignStuff_00135","IsContainer":true,"useGravity":false,"randomRotation":false,"Position":{"x":0,"y":0,"z":0},"Rotation":{"x":0,"y":0,"z":0},"IsGroupPosition":false,"GroupPositions":[],"IsAlwaysSpawn":true,"Root":"677323e40bf83e55090f7856","Items":[{"_id":"677323e40bf83e55090f7856","_tpl":"5909d76c86f77471e53d2adf","upd":{"StackObjectsCount":1}}]}},{"probability":0.41,"template":{"Id":"container_Factory_Rework_DesignStuff_00012","IsContainer":true,"useGravity":false,"randomRotation":false,"Position":{"x":0,"y":0,"z":0},"Rotation":{"x":0,"y":0,"z":0},"IsGroupPosition":false,"GroupPositions":[],"IsAlwaysSpawn":false,"Root":"677323e40bf83e55090f7862","Items":[{"_id":"677323e40bf83e55090f7862","_tpl":"578f87ad245977356274f2cc","upd":{"StackObjectsCount":1}}]}},{"probability":0.21,"template":{"Id":"container_Factory_Rework_DesignStuff_00015","IsContainer":true,"useGravity":false,"randomRotation":false,"Position":{"x":0,"y":0,"z":0},"Rotation":{"x":0,"y":0,"z":0},"IsGroupPosition":false,"GroupPositions":[],"IsAlwaysSpawn":false,"Root":"677323e40bf83e55090f7866","Items":[{"_id":"677323e40bf83e55090f7866","_tpl":"578f87ad245977356274f2cc","upd":{"StackObjectsCount":1}}]}},{"probability":1,"template":{"Id":"container_Factory_Rework_DesignStuff_00131","IsContainer":true,"useGravity":false,"randomRotation":false,"Position":{"x":0,"y":0,"z":0},"Rotation":{"x":0,"y":0,"z":0},"IsGroupPosition":false,"GroupPositions":[],"IsAlwaysSpawn":false,"Root":"677323e40bf83e55090f786e","Items":[{"_id":"677323e40bf83e55090f786e","_tpl":"6582e6d7b14c3f72eb071420","upd":{"StackObjectsCount":1}}]}},{"probability":0.24,"template":{"Id":"container_Factory_Rework_DesignStuff_00052","IsContainer":true,"useGravity":false,"randomRotation":false,"Position":{"x":0,"y":0,"z":0},"Rotation":{"x":0,"y":0,"z":0},"IsGroupPosition":false,"GroupPositions":[],"IsAlwaysSpawn":false,"Root":"677323e40bf83e55090f7884","Items":[{"_id":"677323e40bf83e55090f7884","_tpl":"578f87ad245977356274f2cc","upd":{"StackObjectsCount":1}}]}},{"probability":0.34,"template":{"Id":"container_Factory_Rework_DesignStuff_00139","IsContainer":true,"useGravity":false,"randomRotation":false,"Position":{"x":0,"y":0,"z":0},"Rotation":{"x":0,"y":0,"z":0},"IsGroupPosition":false,"GroupPositions":[],"IsAlwaysSpawn":false,"Root":"677323e40bf83e55090f788a","Items":[{"_id":"677323e40bf83e55090f788a","_tpl":"578f87ad245977356274f2cc","upd":{"StackObjectsCount":1}}]}},{"probability":1,"template":{"Id":"container_City_SW_02_LexOs_blockpost_00024","IsContainer":true,"useGravity":false,"randomRotation":false,"Position":{"x":0,"y":0,"z":0},"Rotation":{"x":0,"y":0,"z":0},"IsGroupPosition":false,"GroupPositions":[],"IsAlwaysSpawn":false,"Root":"677323e40bf83e55090f789c","Items":[{"_id":"677323e40bf83e55090f789c","_tpl":"578f8778245977358849a9b5","upd":{"StackObjectsCount":1}}]}},{"probability":0.48,"template":{"Id":"container_Factory_Rework_DesignStuff_00094","IsContainer":true,"useGravity":false,"randomRotation":false,"Position":{"x":0,"y":0,"z":0},"Rotation":{"x":0,"y":0,"z":0},"IsGroupPosition":false,"GroupPositions":[],"IsAlwaysSpawn":false,"Root":"677323e40bf83e55090f78a0","Items":[{"_id":"677323e40bf83e55090f78a0","_tpl":"578f87a3245977356274f2cb","upd":{"StackObjectsCount":1}}]}},{"probability":0.48,"template":{"Id":"container_Factory_Rework_DesignStuff_00044","IsContainer":true,"useGravity":false,"randomRotation":false,"Position":{"x":0,"y":0,"z":0},"Rotation":{"x":0,"y":0,"z":0},"IsGroupPosition":false,"GroupPositions":[],"IsAlwaysSpawn":false,"Root":"677323e40bf83e55090f78a6","Items":[{"_id":"677323e40bf83e55090f78a6","_tpl":"578f87ad245977356274f2cc","upd":{"StackObjectsCount":1}}]}},{"probability":0.34,"template":{"Id":"container_Factory_Rework_DesignStuff_00114","IsContainer":true,"useGravity":false,"randomRotation":false,"Position":{"x":0,"y":0,"z":0},"Rotation":{"x":0,"y":0,"z":0},"IsGroupPosition":false,"GroupPositions":[],"IsAlwaysSpawn":false,"Root":"677323e40bf83e55090f78b4","Items":[{"_id":"677323e40bf83e55090f78b4","_tpl":"5909d24f86f77466f56e6855","upd":{"StackObjectsCount":1}}]}},{"probability":0.41,"template":{"Id":"container_Factory_Rework_DesignStuff_00146","IsContainer":true,"useGravity":false,"randomRotation":false,"Position":{"x":0,"y":0,"z":0},"Rotation":{"x":0,"y":0,"z":0},"IsGroupPosition":false,"GroupPositions":[],"IsAlwaysSpawn":false,"Root":"677323e40bf83e55090f78bc","Items":[{"_id":"677323e40bf83e55090f78bc","_tpl":"578f87ad245977356274f2cc","upd":{"StackObjectsCount":1}}]}},{"probability":0.45,"template":{"Id":"container_Factory_Rework_DesignStuff_00093","IsContainer":true,"useGravity":false,"randomRotation":false,"Position":{"x":0,"y":0,"z":0},"Rotation":{"x":0,"y":0,"z":0},"IsGroupPosition":false,"GroupPositions":[],"IsAlwaysSpawn":false,"Root":"677323e40bf83e55090f78c4","Items":[{"_id":"677323e40bf83e55090f78c4","_tpl":"5909d36d86f774660f0bb900","upd":{"StackObjectsCount":1}}]}},{"probability":1,"template":{"Id":"container_Factory_Rework_DesignStuff_00120","IsContainer":true,"useGravity":false,"randomRotation":false,"Position":{"x":0,"y":0,"z":0},"Rotation":{"x":0,"y":0,"z":0},"IsGroupPosition":false,"GroupPositions":[],"IsAlwaysSpawn":false,"Root":"677323e40bf83e55090f78d0","Items":[{"_id":"677323e40bf83e55090f78d0","_tpl":"5909e4b686f7747f5b744fa4","upd":{"StackObjectsCount":1}}]}},{"probability":1,"template":{"Id":"container_Factory_Rework_DesignStuff_00031","IsContainer":true,"useGravity":false,"randomRotation":false,"Position":{"x":0,"y":0,"z":0},"Rotation":{"x":0,"y":0,"z":0},"IsGroupPosition":false,"GroupPositions":[],"IsAlwaysSpawn":false,"Root":"677323e40bf83e55090f78dd","Items":[{"_id":"677323e40bf83e55090f78dd","_tpl":"578f8778245977358849a9b5","upd":{"StackObjectsCount":1}}]}},{"probability":0.55,"template":{"Id":"container_Factory_Rework_DesignStuff_00005","IsContainer":true,"useGravity":false,"randomRotation":false,"Position":{"x":0,"y":0,"z":0},"Rotation":{"x":0,"y":0,"z":0},"IsGroupPosition":false,"GroupPositions":[],"IsAlwaysSpawn":false,"Root":"677323e40bf83e55090f78e1","Items":[{"_id":"677323e40bf83e55090f78e1","_tpl":"5909d5ef86f77467974efbd8","upd":{"StackObjectsCount":1}}]}},{"probability":1,"template":{"Id":"container_Factory_Rework_DesignStuff_00006","IsContainer":true,"useGravity":false,"randomRotation":false,"Position":{"x":0,"y":0,"z":0},"Rotation":{"x":0,"y":0,"z":0},"IsGroupPosition":false,"GroupPositions":[],"IsAlwaysSpawn":false,"Root":"677323e40bf83e55090f78eb","Items":[{"_id":"677323e40bf83e55090f78eb","_tpl":"578f8778245977358849a9b5","upd":{"StackObjectsCount":1}}]}},{"probability":1,"template":{"Id":"container_Factory_Rework_DesignStuff_00039","IsContainer":true,"useGravity":false,"randomRotation":false,"Position":{"x":0,"y":0,"z":0},"Rotation":{"x":0,"y":0,"z":0},"IsGroupPosition":false,"GroupPositions":[],"IsAlwaysSpawn":true,"Root":"677323e40bf83e55090f78ef","Items":[{"_id":"677323e40bf83e55090f78ef","_tpl":"5d6fd45b86f774317075ed43","upd":{"StackObjectsCount":1}}]}},{"probability":1,"template":{"Id":"Lootable_00000","IsContainer":true,"useGravity":false,"randomRotation":false,"Position":{"x":0,"y":0,"z":0},"Rotation":{"x":0,"y":0,"z":0},"IsGroupPosition":false,"GroupPositions":[],"IsAlwaysSpawn":false,"Root":"677323e40bf83e55090f78fd","Items":[{"_id":"677323e40bf83e55090f78fd","_tpl":"578f8778245977358849a9b5","upd":{"StackObjectsCount":1}}]}},{"probability":0.59,"template":{"Id":"container_Test_for_export_00000","IsContainer":true,"useGravity":false,"randomRotation":false,"Position":{"x":0,"y":0,"z":0},"Rotation":{"x":0,"y":0,"z":0},"IsGroupPosition":false,"GroupPositions":[],"IsAlwaysSpawn":false,"Root":"677323e40bf83e55090f7909","Items":[{"_id":"677323e40bf83e55090f7909","_tpl":"578f87a3245977356274f2cb","upd":{"StackObjectsCount":1}}]}},{"probability":1,"template":{"Id":"container_Factory_Rework_Background_00003","IsContainer":true,"useGravity":false,"randomRotation":false,"Position":{"x":0,"y":0,"z":0},"Rotation":{"x":0,"y":0,"z":0},"IsGroupPosition":false,"GroupPositions":[],"IsAlwaysSpawn":false,"Root":"677323e40bf83e55090f7911","Items":[{"_id":"677323e40bf83e55090f7911","_tpl":"578f87ad245977356274f2cc","upd":{"StackObjectsCount":1}}]}},{"probability":1,"template":{"Id":"container_Factory_Rework_DesignStuff_00130","IsContainer":true,"useGravity":false,"randomRotation":false,"Position":{"x":0,"y":0,"z":0},"Rotation":{"x":0,"y":0,"z":0},"IsGroupPosition":false,"GroupPositions":[],"IsAlwaysSpawn":false,"Root":"677323e40bf83e55090f7917","Items":[{"_id":"677323e40bf83e55090f7917","_tpl":"578f8778245977358849a9b5","upd":{"StackObjectsCount":1}}]}},{"probability":1,"template":{"Id":"Lootable_00002","IsContainer":true,"useGravity":false,"randomRotation":false,"Position":{"x":0,"y":0,"z":0},"Rotation":{"x":0,"y":0,"z":0},"IsGroupPosition":false,"GroupPositions":[],"IsAlwaysSpawn":false,"Root":"677323e40bf83e55090f7933","Items":[{"_id":"677323e40bf83e55090f7933","_tpl":"578f8778245977358849a9b5","upd":{"StackObjectsCount":1}}]}},{"probability":1,"template":{"Id":"container_Factory_Rework_DesignStuff_00037","IsContainer":true,"useGravity":false,"randomRotation":false,"Position":{"x":0,"y":0,"z":0},"Rotation":{"x":0,"y":0,"z":0},"IsGroupPosition":false,"GroupPositions":[],"IsAlwaysSpawn":true,"Root":"677323e40bf83e55090f7937","Items":[{"_id":"677323e40bf83e55090f7937","_tpl":"5909e4b686f7747f5b744fa4","upd":{"StackObjectsCount":1}}]}},{"probability":0.38,"template":{"Id":"container_Factory_Rework_DesignStuff_00013","IsContainer":true,"useGravity":false,"randomRotation":false,"Position":{"x":0,"y":0,"z":0},"Rotation":{"x":0,"y":0,"z":0},"IsGroupPosition":false,"GroupPositions":[],"IsAlwaysSpawn":false,"Root":"677323e40bf83e55090f793b","Items":[{"_id":"677323e40bf83e55090f793b","_tpl":"578f87ad245977356274f2cc","upd":{"StackObjectsCount":1}}]}},{"probability":0.48,"template":{"Id":"container_Factory_Rework_DesignStuff_00089","IsContainer":true,"useGravity":false,"randomRotation":false,"Position":{"x":0,"y":0,"z":0},"Rotation":{"x":0,"y":0,"z":0},"IsGroupPosition":false,"GroupPositions":[],"IsAlwaysSpawn":false,"Root":"677323e40bf83e55090f794b","Items":[{"_id":"677323e40bf83e55090f794b","_tpl":"578f87a3245977356274f2cb","upd":{"StackObjectsCount":1}}]}},{"probability":1,"template":{"Id":"container_Factory_Rework_DesignStuff_00036","IsContainer":true,"useGravity":false,"randomRotation":false,"Position":{"x":0,"y":0,"z":0},"Rotation":{"x":0,"y":0,"z":0},"IsGroupPosition":false,"GroupPositions":[],"IsAlwaysSpawn":false,"Root":"677323e40bf83e55090f7957","Items":[{"_id":"677323e40bf83e55090f7957","_tpl":"578f8778245977358849a9b5","upd":{"StackObjectsCount":1}}]}},{"probability":0.41,"template":{"Id":"container_Factory_Rework_DesignStuff_00000","IsContainer":true,"useGravity":false,"randomRotation":false,"Position":{"x":0,"y":0,"z":0},"Rotation":{"x":0,"y":0,"z":0},"IsGroupPosition":false,"GroupPositions":[],"IsAlwaysSpawn":false,"Root":"677323e40bf83e55090f795b","Items":[{"_id":"677323e40bf83e55090f795b","_tpl":"5909d5ef86f77467974efbd8","upd":{"StackObjectsCount":1}}]}},{"probability":1,"template":{"Id":"Lootable_00009","IsContainer":true,"useGravity":false,"randomRotation":false,"Position":{"x":0,"y":0,"z":0},"Rotation":{"x":0,"y":0,"z":0},"IsGroupPosition":false,"GroupPositions":[],"IsAlwaysSpawn":false,"Root":"677323e40bf83e55090f7965","Items":[{"_id":"677323e40bf83e55090f7965","_tpl":"578f8778245977358849a9b5","upd":{"StackObjectsCount":1}}]}},{"probability":1,"template":{"Id":"container_ProfileEditor_00002","IsContainer":true,"useGravity":false,"randomRotation":false,"Position":{"x":0,"y":0,"z":0},"Rotation":{"x":0,"y":0,"z":0},"IsGroupPosition":false,"GroupPositions":[],"IsAlwaysSpawn":false,"Root":"677323e40bf83e55090f7969","Items":[{"_id":"677323e40bf83e55090f7969","_tpl":"6582e6d7b14c3f72eb071420","upd":{"StackObjectsCount":1}}]}},{"probability":0.28,"template":{"Id":"container_Factory_Rework_DesignStuff_00079","IsContainer":true,"useGravity":false,"randomRotation":false,"Position":{"x":0,"y":0,"z":0},"Rotation":{"x":0,"y":0,"z":0},"IsGroupPosition":false,"GroupPositions":[],"IsAlwaysSpawn":false,"Root":"677323e40bf83e55090f7973","Items":[{"_id":"677323e40bf83e55090f7973","_tpl":"578f87ad245977356274f2cc","upd":{"StackObjectsCount":1}}]}},{"probability":0.62,"template":{"Id":"container_Factory_Rework_DesignStuff_00056","IsContainer":true,"useGravity":false,"randomRotation":false,"Position":{"x":0,"y":0,"z":0},"Rotation":{"x":0,"y":0,"z":0},"IsGroupPosition":false,"GroupPositions":[],"IsAlwaysSpawn":false,"Root":"677323e40bf83e55090f797f","Items":[{"_id":"677323e40bf83e55090f797f","_tpl":"578f87ad245977356274f2cc","upd":{"StackObjectsCount":1}}]}},{"probability":1,"template":{"Id":"container_Factory_Rework_DesignStuff_00127","IsContainer":true,"useGravity":false,"randomRotation":false,"Position":{"x":0,"y":0,"z":0},"Rotation":{"x":0,"y":0,"z":0},"IsGroupPosition":false,"GroupPositions":[],"IsAlwaysSpawn":false,"Root":"677323e40bf83e55090f798b","Items":[{"_id":"677323e40bf83e55090f798b","_tpl":"5909d50c86f774659e6aaebe","upd":{"StackObjectsCount":1}}]}},{"probability":0.24,"template":{"Id":"container_Factory_Rework_DesignStuff_00087","IsContainer":true,"useGravity":false,"randomRotation":false,"Position":{"x":0,"y":0,"z":0},"Rotation":{"x":0,"y":0,"z":0},"IsGroupPosition":false,"GroupPositions":[],"IsAlwaysSpawn":false,"Root":"677323e40bf83e55090f799f","Items":[{"_id":"677323e40bf83e55090f799f","_tpl":"5909d50c86f774659e6aaebe","upd":{"StackObjectsCount":1}}]}},{"probability":1,"template":{"Id":"container_Factory_Rework_DesignStuff_00147","IsContainer":true,"useGravity":false,"randomRotation":false,"Position":{"x":0,"y":0,"z":0},"Rotation":{"x":0,"y":0,"z":0},"IsGroupPosition":false,"GroupPositions":[],"IsAlwaysSpawn":false,"Root":"677323e40bf83e55090f79a3","Items":[{"_id":"677323e40bf83e55090f79a3","_tpl":"5909d50c86f774659e6aaebe","upd":{"StackObjectsCount":1}}]}},{"probability":1,"template":{"Id":"container_Factory_Eugene_Temp_00003","IsContainer":true,"useGravity":false,"randomRotation":false,"Position":{"x":0,"y":0,"z":0},"Rotation":{"x":0,"y":0,"z":0},"IsGroupPosition":false,"GroupPositions":[],"IsAlwaysSpawn":true,"Root":"677323e40bf83e55090f79a7","Items":[{"_id":"677323e40bf83e55090f79a7","_tpl":"578f8782245977354405a1e3","upd":{"StackObjectsCount":1}}]}},{"probability":1,"template":{"Id":"container_Factory_Rework_DesignStuff_00119","IsContainer":true,"useGravity":false,"randomRotation":false,"Position":{"x":0,"y":0,"z":0},"Rotation":{"x":0,"y":0,"z":0},"IsGroupPosition":false,"GroupPositions":[],"IsAlwaysSpawn":false,"Root":"677323e40bf83e55090f79af","Items":[{"_id":"677323e40bf83e55090f79af","_tpl":"5909e4b686f7747f5b744fa4","upd":{"StackObjectsCount":1}}]}},{"probability":0.34,"template":{"Id":"container_Factory_Rework_DesignStuff_00100","IsContainer":true,"useGravity":false,"randomRotation":false,"Position":{"x":0,"y":0,"z":0},"Rotation":{"x":0,"y":0,"z":0},"IsGroupPosition":false,"GroupPositions":[],"IsAlwaysSpawn":false,"Root":"677323e40bf83e55090f79b3","Items":[{"_id":"677323e40bf83e55090f79b3","_tpl":"5909d24f86f77466f56e6855","upd":{"StackObjectsCount":1}}]}},{"probability":0.38,"template":{"Id":"container_Factory_Rework_DesignStuff_00092","IsContainer":true,"useGravity":false,"randomRotation":false,"Position":{"x":0,"y":0,"z":0},"Rotation":{"x":0,"y":0,"z":0},"IsGroupPosition":false,"GroupPositions":[],"IsAlwaysSpawn":false,"Root":"677323e40bf83e55090f79c5","Items":[{"_id":"677323e40bf83e55090f79c5","_tpl":"5909d50c86f774659e6aaebe","upd":{"StackObjectsCount":1}}]}},{"probability":1,"template":{"Id":"Lootable_00004","IsContainer":true,"useGravity":false,"randomRotation":false,"Position":{"x":0,"y":0,"z":0},"Rotation":{"x":0,"y":0,"z":0},"IsGroupPosition":false,"GroupPositions":[],"IsAlwaysSpawn":true,"Root":"677323e40bf83e55090f79c9","Items":[{"_id":"677323e40bf83e55090f79c9","_tpl":"578f8782245977354405a1e3","upd":{"StackObjectsCount":1}}]}},{"probability":0.52,"template":{"Id":"container_Factory_Rework_DesignStuff_00140","IsContainer":true,"useGravity":false,"randomRotation":false,"Position":{"x":0,"y":0,"z":0},"Rotation":{"x":0,"y":0,"z":0},"IsGroupPosition":false,"GroupPositions":[],"IsAlwaysSpawn":false,"Root":"677323e40bf83e55090f79cd","Items":[{"_id":"677323e40bf83e55090f79cd","_tpl":"578f87ad245977356274f2cc","upd":{"StackObjectsCount":1}}]}},{"probability":1,"template":{"Id":"00012","IsContainer":true,"useGravity":false,"randomRotation":false,"Position":{"x":0,"y":0,"z":0},"Rotation":{"x":0,"y":0,"z":0},"IsGroupPosition":false,"GroupPositions":[],"IsAlwaysSpawn":true,"Root":"677323e40bf83e55090f79de","Items":[{"_id":"677323e40bf83e55090f79de","_tpl":"5d6fd45b86f774317075ed43","upd":{"StackObjectsCount":1}}]}},{"probability":1,"template":{"Id":"container_Factory_Rework_DesignStuff_00032","IsContainer":true,"useGravity":false,"randomRotation":false,"Position":{"x":0,"y":0,"z":0},"Rotation":{"x":0,"y":0,"z":0},"IsGroupPosition":false,"GroupPositions":[],"IsAlwaysSpawn":false,"Root":"677323e40bf83e55090f79e6","Items":[{"_id":"677323e40bf83e55090f79e6","_tpl":"578f8778245977358849a9b5","upd":{"StackObjectsCount":1}}]}},{"probability":1,"template":{"Id":"container_Factory_Rework_DesignStuff_00030","IsContainer":true,"useGravity":false,"randomRotation":false,"Position":{"x":0,"y":0,"z":0},"Rotation":{"x":0,"y":0,"z":0},"IsGroupPosition":false,"GroupPositions":[],"IsAlwaysSpawn":true,"Root":"677323e40bf83e55090f79ea","Items":[{"_id":"677323e40bf83e55090f79ea","_tpl":"578f87b7245977356274f2cd","upd":{"StackObjectsCount":1}}]}},{"probability":1,"template":{"Id":"container_Factory_Rework_DesignStuff_00029","IsContainer":true,"useGravity":false,"randomRotation":false,"Position":{"x":0,"y":0,"z":0},"Rotation":{"x":0,"y":0,"z":0},"IsGroupPosition":false,"GroupPositions":[],"IsAlwaysSpawn":true,"Root":"677323e40bf83e55090f79ee","Items":[{"_id":"677323e40bf83e55090f79ee","_tpl":"578f87b7245977356274f2cd","upd":{"StackObjectsCount":1}}]}},{"probability":1,"template":{"Id":"container_Factory_Rework_DesignStuff_00028","IsContainer":true,"useGravity":false,"randomRotation":false,"Position":{"x":0,"y":0,"z":0},"Rotation":{"x":0,"y":0,"z":0},"IsGroupPosition":false,"GroupPositions":[],"IsAlwaysSpawn":true,"Root":"677323e40bf83e55090f79f2","Items":[{"_id":"677323e40bf83e55090f79f2","_tpl":"578f87b7245977356274f2cd","upd":{"StackObjectsCount":1}}]}},{"probability":1,"template":{"Id":"container_Factory_Rework_DesignStuff_00027","IsContainer":true,"useGravity":false,"randomRotation":false,"Position":{"x":0,"y":0,"z":0},"Rotation":{"x":0,"y":0,"z":0},"IsGroupPosition":false,"GroupPositions":[],"IsAlwaysSpawn":true,"Root":"677323e40bf83e55090f79f6","Items":[{"_id":"677323e40bf83e55090f79f6","_tpl":"578f87b7245977356274f2cd","upd":{"StackObjectsCount":1}}]}},{"probability":0.38,"template":{"Id":"container_Factory_Rework_DesignStuff_00078","IsContainer":true,"useGravity":false,"randomRotation":false,"Position":{"x":0,"y":0,"z":0},"Rotation":{"x":0,"y":0,"z":0},"IsGroupPosition":false,"GroupPositions":[],"IsAlwaysSpawn":false,"Root":"677323e40bf83e55090f79fe","Items":[{"_id":"677323e40bf83e55090f79fe","_tpl":"578f87ad245977356274f2cc","upd":{"StackObjectsCount":1}}]}},{"probability":1,"template":{"Id":"container_Factory_Rework_DesignStuff_00038","IsContainer":true,"useGravity":false,"randomRotation":false,"Position":{"x":0,"y":0,"z":0},"Rotation":{"x":0,"y":0,"z":0},"IsGroupPosition":false,"GroupPositions":[],"IsAlwaysSpawn":false,"Root":"677323e40bf83e55090f7a02","Items":[{"_id":"677323e40bf83e55090f7a02","_tpl":"578f8778245977358849a9b5","upd":{"StackObjectsCount":1}}]}},{"probability":1,"template":{"Id":"container_Factory_Rework_DesignStuff_00004","IsContainer":true,"useGravity":false,"randomRotation":false,"Position":{"x":0,"y":0,"z":0},"Rotation":{"x":0,"y":0,"z":0},"IsGroupPosition":false,"GroupPositions":[],"IsAlwaysSpawn":false,"Root":"677323e40bf83e55090f7a0e","Items":[{"_id":"677323e40bf83e55090f7a0e","_tpl":"6582e6d7b14c3f72eb071420","upd":{"StackObjectsCount":1}}]}},{"probability":0.31,"template":{"Id":"container_Factory_Rework_DesignStuff_00041","IsContainer":true,"useGravity":false,"randomRotation":false,"Position":{"x":0,"y":0,"z":0},"Rotation":{"x":0,"y":0,"z":0},"IsGroupPosition":false,"GroupPositions":[],"IsAlwaysSpawn":false,"Root":"677323e40bf83e55090f7a1c","Items":[{"_id":"677323e40bf83e55090f7a1c","_tpl":"5909d36d86f774660f0bb900","upd":{"StackObjectsCount":1}}]}},{"probability":1,"template":{"Id":"container_Factory_Rework_DesignStuff_00129","IsContainer":true,"useGravity":false,"randomRotation":false,"Position":{"x":0,"y":0,"z":0},"Rotation":{"x":0,"y":0,"z":0},"IsGroupPosition":false,"GroupPositions":[],"IsAlwaysSpawn":false,"Root":"677323e40bf83e55090f7a2a","Items":[{"_id":"677323e40bf83e55090f7a2a","_tpl":"578f87a3245977356274f2cb","upd":{"StackObjectsCount":1}}]}},{"probability":1,"template":{"Id":"Lootable_00005","IsContainer":true,"useGravity":false,"randomRotation":false,"Position":{"x":0,"y":0,"z":0},"Rotation":{"x":0,"y":0,"z":0},"IsGroupPosition":false,"GroupPositions":[],"IsAlwaysSpawn":true,"Root":"677323e40bf83e55090f7a30","Items":[{"_id":"677323e40bf83e55090f7a30","_tpl":"578f87b7245977356274f2cd","upd":{"StackObjectsCount":1}}]}},{"probability":1,"template":{"Id":"Lootable_00006","IsContainer":true,"useGravity":false,"randomRotation":false,"Position":{"x":0,"y":0,"z":0},"Rotation":{"x":0,"y":0,"z":0},"IsGroupPosition":false,"GroupPositions":[],"IsAlwaysSpawn":true,"Root":"677323e40bf83e55090f7a34","Items":[{"_id":"677323e40bf83e55090f7a34","_tpl":"578f87b7245977356274f2cd","upd":{"StackObjectsCount":1}}]}},{"probability":1,"template":{"Id":"Lootable_00007","IsContainer":true,"useGravity":false,"randomRotation":false,"Position":{"x":0,"y":0,"z":0},"Rotation":{"x":0,"y":0,"z":0},"IsGroupPosition":false,"GroupPositions":[],"IsAlwaysSpawn":true,"Root":"677323e40bf83e55090f7a38","Items":[{"_id":"677323e40bf83e55090f7a38","_tpl":"578f87b7245977356274f2cd","upd":{"StackObjectsCount":1}}]}},{"probability":1,"template":{"Id":"Lootable_00008","IsContainer":true,"useGravity":false,"randomRotation":false,"Position":{"x":0,"y":0,"z":0},"Rotation":{"x":0,"y":0,"z":0},"IsGroupPosition":false,"GroupPositions":[],"IsAlwaysSpawn":true,"Root":"677323e40bf83e55090f7a3c","Items":[{"_id":"677323e40bf83e55090f7a3c","_tpl":"578f87b7245977356274f2cd","upd":{"StackObjectsCount":1}}]}},{"probability":0.38,"template":{"Id":"container_Factory_Rework_DesignStuff_00047","IsContainer":true,"useGravity":false,"randomRotation":false,"Position":{"x":0,"y":0,"z":0},"Rotation":{"x":0,"y":0,"z":0},"IsGroupPosition":false,"GroupPositions":[],"IsAlwaysSpawn":false,"Root":"677323e40bf83e55090f7a40","Items":[{"_id":"677323e40bf83e55090f7a40","_tpl":"578f87ad245977356274f2cc","upd":{"StackObjectsCount":1}}]}},{"probability":1,"template":{"Id":"container_Factory_Rework_DesignStuff_00033","IsContainer":true,"useGravity":false,"randomRotation":false,"Position":{"x":0,"y":0,"z":0},"Rotation":{"x":0,"y":0,"z":0},"IsGroupPosition":false,"GroupPositions":[],"IsAlwaysSpawn":false,"Root":"677323e40bf83e55090f7a44","Items":[{"_id":"677323e40bf83e55090f7a44","_tpl":"578f8778245977358849a9b5","upd":{"StackObjectsCount":1}}]}},{"probability":1,"template":{"Id":"container_Factory_Rework_DesignStuff_00034","IsContainer":true,"useGravity":false,"randomRotation":false,"Position":{"x":0,"y":0,"z":0},"Rotation":{"x":0,"y":0,"z":0},"IsGroupPosition":false,"GroupPositions":[],"IsAlwaysSpawn":false,"Root":"677323e40bf83e55090f7a48","Items":[{"_id":"677323e40bf83e55090f7a48","_tpl":"578f8778245977358849a9b5","upd":{"StackObjectsCount":1}}]}},{"probability":0.38,"template":{"Id":"Lootable_00003","IsContainer":true,"useGravity":false,"randomRotation":false,"Position":{"x":0,"y":0,"z":0},"Rotation":{"x":0,"y":0,"z":0},"IsGroupPosition":false,"GroupPositions":[],"IsAlwaysSpawn":false,"Root":"677323e40bf83e55090f7a4c","Items":[{"_id":"677323e40bf83e55090f7a4c","_tpl":"578f87ad245977356274f2cc","upd":{"StackObjectsCount":1}}]}},{"probability":1,"template":{"Id":"container_Factory_Rework_DesignStuff_00128","IsContainer":true,"useGravity":false,"randomRotation":false,"Position":{"x":0,"y":0,"z":0},"Rotation":{"x":0,"y":0,"z":0},"IsGroupPosition":false,"GroupPositions":[],"IsAlwaysSpawn":false,"Root":"677323e40bf83e55090f7a58","Items":[{"_id":"677323e40bf83e55090f7a58","_tpl":"5909d50c86f774659e6aaebe","upd":{"StackObjectsCount":1}}]}},{"probability":1,"template":{"Id":"container_Factory_Eugene_Temp_00002","IsContainer":true,"useGravity":false,"randomRotation":false,"Position":{"x":0,"y":0,"z":0},"Rotation":{"x":0,"y":0,"z":0},"IsGroupPosition":false,"GroupPositions":[],"IsAlwaysSpawn":false,"Root":"677323e40bf83e55090f7a5c","Items":[{"_id":"677323e40bf83e55090f7a5c","_tpl":"578f8778245977358849a9b5","upd":{"StackObjectsCount":1}}]}},{"probability":0.45,"template":{"Id":"container_Factory_Rework_DesignStuff_00110","IsContainer":true,"useGravity":false,"randomRotation":false,"Position":{"x":0,"y":0,"z":0},"Rotation":{"x":0,"y":0,"z":0},"IsGroupPosition":false,"GroupPositions":[],"IsAlwaysSpawn":false,"Root":"677323e40bf83e55090f7a60","Items":[{"_id":"677323e40bf83e55090f7a60","_tpl":"5909d50c86f774659e6aaebe","upd":{"StackObjectsCount":1}}]}},{"probability":1,"template":{"Id":"container_Factory_Rework_DesignStuff_00122","IsContainer":true,"useGravity":false,"randomRotation":false,"Position":{"x":0,"y":0,"z":0},"Rotation":{"x":0,"y":0,"z":0},"IsGroupPosition":false,"GroupPositions":[],"IsAlwaysSpawn":false,"Root":"677323e40bf83e55090f7a64","Items":[{"_id":"677323e40bf83e55090f7a64","_tpl":"5909e4b686f7747f5b744fa4","upd":{"StackObjectsCount":1}}]}},{"probability":1,"template":{"Id":"container_Factory_Rework_Background_00001","IsContainer":true,"useGravity":false,"randomRotation":false,"Position":{"x":0,"y":0,"z":0},"Rotation":{"x":0,"y":0,"z":0},"IsGroupPosition":false,"GroupPositions":[],"IsAlwaysSpawn":false,"Root":"677323e40bf83e55090f7a6a","Items":[{"_id":"677323e40bf83e55090f7a6a","_tpl":"578f87ad245977356274f2cc","upd":{"StackObjectsCount":1}}]}},{"probability":0.59,"template":{"Id":"container_Factory_Rework_DesignStuff_00136","IsContainer":true,"useGravity":false,"randomRotation":false,"Position":{"x":0,"y":0,"z":0},"Rotation":{"x":0,"y":0,"z":0},"IsGroupPosition":false,"GroupPositions":[],"IsAlwaysSpawn":false,"Root":"677323e40bf83e55090f7a74","Items":[{"_id":"677323e40bf83e55090f7a74","_tpl":"5909d5ef86f77467974efbd8","upd":{"StackObjectsCount":1}}]}},{"probability":1,"template":{"Id":"container_Factory_Rework_Background_00000","IsContainer":true,"useGravity":false,"randomRotation":false,"Position":{"x":0,"y":0,"z":0},"Rotation":{"x":0,"y":0,"z":0},"IsGroupPosition":false,"GroupPositions":[],"IsAlwaysSpawn":false,"Root":"677323e40bf83e55090f7a8c","Items":[{"_id":"677323e40bf83e55090f7a8c","_tpl":"578f87ad245977356274f2cc","upd":{"StackObjectsCount":1}}]}},{"probability":0.31,"template":{"Id":"container_Factory_Rework_DesignStuff_00095","IsContainer":true,"useGravity":false,"randomRotation":false,"Position":{"x":0,"y":0,"z":0},"Rotation":{"x":0,"y":0,"z":0},"IsGroupPosition":false,"GroupPositions":[],"IsAlwaysSpawn":false,"Root":"677323e40bf83e55090f7a98","Items":[{"_id":"677323e40bf83e55090f7a98","_tpl":"578f87a3245977356274f2cb","upd":{"StackObjectsCount":1}}]}},{"probability":1,"template":{"Id":"container_Factory_Rework_DesignStuff_00035","IsContainer":true,"useGravity":false,"randomRotation":false,"Position":{"x":0,"y":0,"z":0},"Rotation":{"x":0,"y":0,"z":0},"IsGroupPosition":false,"GroupPositions":[],"IsAlwaysSpawn":false,"Root":"677323e40bf83e55090f7a9e","Items":[{"_id":"677323e40bf83e55090f7a9e","_tpl":"578f8778245977358849a9b5","upd":{"StackObjectsCount":1}}]}},{"probability":0.55,"template":{"Id":"container_Factory_Rework_DesignStuff_00042","IsContainer":true,"useGravity":false,"randomRotation":false,"Position":{"x":0,"y":0,"z":0},"Rotation":{"x":0,"y":0,"z":0},"IsGroupPosition":false,"GroupPositions":[],"IsAlwaysSpawn":false,"Root":"677323e40bf83e55090f7aa2","Items":[{"_id":"677323e40bf83e55090f7aa2","_tpl":"578f87ad245977356274f2cc","upd":{"StackObjectsCount":1}}]}},{"probability":1,"template":{"Id":"container_Factory_Rework_DesignStuff_00126","IsContainer":true,"useGravity":false,"randomRotation":false,"Position":{"x":0,"y":0,"z":0},"Rotation":{"x":0,"y":0,"z":0},"IsGroupPosition":false,"GroupPositions":[],"IsAlwaysSpawn":false,"Root":"677323e40bf83e55090f7aaa","Items":[{"_id":"677323e40bf83e55090f7aaa","_tpl":"5909d50c86f774659e6aaebe","upd":{"StackObjectsCount":1}}]}},{"probability":1,"template":{"Id":"container_Factory_Rework_DesignStuff_00106","IsContainer":true,"useGravity":false,"randomRotation":false,"Position":{"x":0,"y":0,"z":0},"Rotation":{"x":0,"y":0,"z":0},"IsGroupPosition":false,"GroupPositions":[],"IsAlwaysSpawn":false,"Root":"677323e40bf83e55090f7ab2","Items":[{"_id":"677323e40bf83e55090f7ab2","_tpl":"578f8778245977358849a9b5","upd":{"StackObjectsCount":1}}]}},{"probability":1,"template":{"Id":"container_Factory_Rework_DesignStuff_00124","IsContainer":true,"useGravity":false,"randomRotation":false,"Position":{"x":0,"y":0,"z":0},"Rotation":{"x":0,"y":0,"z":0},"IsGroupPosition":false,"GroupPositions":[],"IsAlwaysSpawn":false,"Root":"677323e40bf83e55090f7abe","Items":[{"_id":"677323e40bf83e55090f7abe","_tpl":"578f8778245977358849a9b5","upd":{"StackObjectsCount":1}}]}},{"probability":1,"template":{"Id":"container_Factory_Rework_DesignStuff_00125","IsContainer":true,"useGravity":false,"randomRotation":false,"Position":{"x":0,"y":0,"z":0},"Rotation":{"x":0,"y":0,"z":0},"IsGroupPosition":false,"GroupPositions":[],"IsAlwaysSpawn":false,"Root":"677323e40bf83e55090f7ac2","Items":[{"_id":"677323e40bf83e55090f7ac2","_tpl":"578f8778245977358849a9b5","upd":{"StackObjectsCount":1}}]}},{"probability":0.66,"template":{"Id":"container_Factory_Rework_DesignStuff_00023","IsContainer":true,"useGravity":false,"randomRotation":false,"Position":{"x":0,"y":0,"z":0},"Rotation":{"x":0,"y":0,"z":0},"IsGroupPosition":false,"GroupPositions":[],"IsAlwaysSpawn":false,"Root":"677323e40bf83e55090f7ace","Items":[{"_id":"677323e40bf83e55090f7ace","_tpl":"5909d24f86f77466f56e6855","upd":{"StackObjectsCount":1}}]}},{"probability":0.48,"template":{"Id":"container_Factory_Rework_DesignStuff_00069","IsContainer":true,"useGravity":false,"randomRotation":false,"Position":{"x":0,"y":0,"z":0},"Rotation":{"x":0,"y":0,"z":0},"IsGroupPosition":false,"GroupPositions":[],"IsAlwaysSpawn":false,"Root":"677323e40bf83e55090f7ad2","Items":[{"_id":"677323e40bf83e55090f7ad2","_tpl":"5909d50c86f774659e6aaebe","upd":{"StackObjectsCount":1}}]}},{"probability":0.24,"template":{"Id":"container_Factory_Rework_DesignStuff_00045","IsContainer":true,"useGravity":false,"randomRotation":false,"Position":{"x":0,"y":0,"z":0},"Rotation":{"x":0,"y":0,"z":0},"IsGroupPosition":false,"GroupPositions":[],"IsAlwaysSpawn":false,"Root":"67731a8305b1b853d210e822","Items":[{"_id":"67731a8305b1b853d210e822","_tpl":"578f87ad245977356274f2cc","upd":{"StackObjectsCount":1}}]}},{"probability":0.48,"template":{"Id":"container_Factory_Rework_DesignStuff_00148","IsContainer":true,"useGravity":false,"randomRotation":false,"Position":{"x":0,"y":0,"z":0},"Rotation":{"x":0,"y":0,"z":0},"IsGroupPosition":false,"GroupPositions":[],"IsAlwaysSpawn":true,"Root":"67731a8305b1b853d210e842","Items":[{"_id":"67731a8305b1b853d210e842","_tpl":"66acff0a1d8e1083b303f5af","upd":{"StackObjectsCount":1}}]}},{"probability":0.48,"template":{"Id":"container_Factory_Rework_DesignStuff_00040","IsContainer":true,"useGravity":false,"randomRotation":false,"Position":{"x":0,"y":0,"z":0},"Rotation":{"x":0,"y":0,"z":0},"IsGroupPosition":false,"GroupPositions":[],"IsAlwaysSpawn":false,"Root":"67731a8305b1b853d210e857","Items":[{"_id":"67731a8305b1b853d210e857","_tpl":"578f87a3245977356274f2cb","upd":{"StackObjectsCount":1}}]}},{"probability":0.38,"template":{"Id":"container_Factory_Rework_DesignStuff_00060","IsContainer":true,"useGravity":false,"randomRotation":false,"Position":{"x":0,"y":0,"z":0},"Rotation":{"x":0,"y":0,"z":0},"IsGroupPosition":false,"GroupPositions":[],"IsAlwaysSpawn":false,"Root":"67731a8305b1b853d210e85f","Items":[{"_id":"67731a8305b1b853d210e85f","_tpl":"578f87ad245977356274f2cc","upd":{"StackObjectsCount":1}}]}},{"probability":0.31,"template":{"Id":"container_Factory_Rework_DesignStuff_00025","IsContainer":true,"useGravity":false,"randomRotation":false,"Position":{"x":0,"y":0,"z":0},"Rotation":{"x":0,"y":0,"z":0},"IsGroupPosition":false,"GroupPositions":[],"IsAlwaysSpawn":false,"Root":"67731a8305b1b853d210e88d","Items":[{"_id":"67731a8305b1b853d210e88d","_tpl":"578f87ad245977356274f2cc","upd":{"StackObjectsCount":1}}]}},{"probability":0.34,"template":{"Id":"container_Factory_Rework_DesignStuff_00073","IsContainer":true,"useGravity":false,"randomRotation":false,"Position":{"x":0,"y":0,"z":0},"Rotation":{"x":0,"y":0,"z":0},"IsGroupPosition":false,"GroupPositions":[],"IsAlwaysSpawn":false,"Root":"67731a8305b1b853d210e895","Items":[{"_id":"67731a8305b1b853d210e895","_tpl":"578f87a3245977356274f2cb","upd":{"StackObjectsCount":1}}]}},{"probability":0.45,"template":{"Id":"container_Factory_Rework_DesignStuff_00019","IsContainer":true,"useGravity":false,"randomRotation":false,"Position":{"x":0,"y":0,"z":0},"Rotation":{"x":0,"y":0,"z":0},"IsGroupPosition":false,"GroupPositions":[],"IsAlwaysSpawn":false,"Root":"67731a8305b1b853d210e89b","Items":[{"_id":"67731a8305b1b853d210e89b","_tpl":"5909d50c86f774659e6aaebe","upd":{"StackObjectsCount":1}}]}},{"probability":0.34,"template":{"Id":"container_Factory_Rework_DesignStuff_00101","IsContainer":true,"useGravity":false,"randomRotation":false,"Position":{"x":0,"y":0,"z":0},"Rotation":{"x":0,"y":0,"z":0},"IsGroupPosition":false,"GroupPositions":[],"IsAlwaysSpawn":false,"Root":"67731a8305b1b853d210e8a1","Items":[{"_id":"67731a8305b1b853d210e8a1","_tpl":"5909d24f86f77466f56e6855","upd":{"StackObjectsCount":1}}]}},{"probability":0.59,"template":{"Id":"container_Factory_Rework_DesignStuff_00001","IsContainer":true,"useGravity":false,"randomRotation":false,"Position":{"x":0,"y":0,"z":0},"Rotation":{"x":0,"y":0,"z":0},"IsGroupPosition":false,"GroupPositions":[],"IsAlwaysSpawn":false,"Root":"67731a8305b1b853d210e8b1","Items":[{"_id":"67731a8305b1b853d210e8b1","_tpl":"5909d5ef86f77467974efbd8","upd":{"StackObjectsCount":1}}]}},{"probability":0.69,"template":{"Id":"container_Factory_Rework_DesignStuff_00137","IsContainer":true,"useGravity":false,"randomRotation":false,"Position":{"x":0,"y":0,"z":0},"Rotation":{"x":0,"y":0,"z":0},"IsGroupPosition":false,"GroupPositions":[],"IsAlwaysSpawn":true,"Root":"67731a8305b1b853d210e8cf","Items":[{"_id":"67731a8305b1b853d210e8cf","_tpl":"66acff0a1d8e1083b303f5af","upd":{"StackObjectsCount":1}}]}},{"probability":0.48,"template":{"Id":"container_Factory_Rework_DesignStuff_00086","IsContainer":true,"useGravity":false,"randomRotation":false,"Position":{"x":0,"y":0,"z":0},"Rotation":{"x":0,"y":0,"z":0},"IsGroupPosition":false,"GroupPositions":[],"IsAlwaysSpawn":false,"Root":"67731a8305b1b853d210e8fb","Items":[{"_id":"67731a8305b1b853d210e8fb","_tpl":"5909d50c86f774659e6aaebe","upd":{"StackObjectsCount":1}}]}},{"probability":0.38,"template":{"Id":"container_Factory_Rework_DesignStuff_00097","IsContainer":true,"useGravity":false,"randomRotation":false,"Position":{"x":0,"y":0,"z":0},"Rotation":{"x":0,"y":0,"z":0},"IsGroupPosition":false,"GroupPositions":[],"IsAlwaysSpawn":false,"Root":"67731a8305b1b853d210e91b","Items":[{"_id":"67731a8305b1b853d210e91b","_tpl":"5909d50c86f774659e6aaebe","upd":{"StackObjectsCount":1}}]}},{"probability":0.34,"template":{"Id":"container_Factory_Rework_DesignStuff_00085","IsContainer":true,"useGravity":false,"randomRotation":false,"Position":{"x":0,"y":0,"z":0},"Rotation":{"x":0,"y":0,"z":0},"IsGroupPosition":false,"GroupPositions":[],"IsAlwaysSpawn":false,"Root":"67731a8305b1b853d210e93d","Items":[{"_id":"67731a8305b1b853d210e93d","_tpl":"5909d36d86f774660f0bb900","upd":{"StackObjectsCount":1}}]}},{"probability":0.48,"template":{"Id":"container_Factory_Rework_DesignStuff_00091","IsContainer":true,"useGravity":false,"randomRotation":false,"Position":{"x":0,"y":0,"z":0},"Rotation":{"x":0,"y":0,"z":0},"IsGroupPosition":false,"GroupPositions":[],"IsAlwaysSpawn":false,"Root":"67731a8305b1b853d210e943","Items":[{"_id":"67731a8305b1b853d210e943","_tpl":"578f87a3245977356274f2cb","upd":{"StackObjectsCount":1}}]}},{"probability":0.52,"template":{"Id":"container_Factory_Rework_DesignStuff_00071","IsContainer":true,"useGravity":false,"randomRotation":false,"Position":{"x":0,"y":0,"z":0},"Rotation":{"x":0,"y":0,"z":0},"IsGroupPosition":false,"GroupPositions":[],"IsAlwaysSpawn":false,"Root":"67731a8305b1b853d210e9a1","Items":[{"_id":"67731a8305b1b853d210e9a1","_tpl":"578f87ad245977356274f2cc","upd":{"StackObjectsCount":1}}]}},{"probability":0.41,"template":{"Id":"container_Factory_Rework_DesignStuff_00002","IsContainer":true,"useGravity":false,"randomRotation":false,"Position":{"x":0,"y":0,"z":0},"Rotation":{"x":0,"y":0,"z":0},"IsGroupPosition":false,"GroupPositions":[],"IsAlwaysSpawn":false,"Root":"67731a8305b1b853d210e9c2","Items":[{"_id":"67731a8305b1b853d210e9c2","_tpl":"5909d5ef86f77467974efbd8","upd":{"StackObjectsCount":1}}]}},{"probability":0.45,"template":{"Id":"container_Factory_Rework_DesignStuff_00059","IsContainer":true,"useGravity":false,"randomRotation":false,"Position":{"x":0,"y":0,"z":0},"Rotation":{"x":0,"y":0,"z":0},"IsGroupPosition":false,"GroupPositions":[],"IsAlwaysSpawn":false,"Root":"67731a8305b1b853d210e9c8","Items":[{"_id":"67731a8305b1b853d210e9c8","_tpl":"578f87ad245977356274f2cc","upd":{"StackObjectsCount":1}}]}},{"probability":0.38,"template":{"Id":"container_Factory_Rework_DesignStuff_00141","IsContainer":true,"useGravity":false,"randomRotation":false,"Position":{"x":0,"y":0,"z":0},"Rotation":{"x":0,"y":0,"z":0},"IsGroupPosition":false,"GroupPositions":[],"IsAlwaysSpawn":false,"Root":"67731a8305b1b853d210e9da","Items":[{"_id":"67731a8305b1b853d210e9da","_tpl":"578f87ad245977356274f2cc","upd":{"StackObjectsCount":1}}]}},{"probability":0.41,"template":{"Id":"container_Factory_Rework_DesignStuff_00144","IsContainer":true,"useGravity":false,"randomRotation":false,"Position":{"x":0,"y":0,"z":0},"Rotation":{"x":0,"y":0,"z":0},"IsGroupPosition":false,"GroupPositions":[],"IsAlwaysSpawn":false,"Root":"67731a8305b1b853d210e9f4","Items":[{"_id":"67731a8305b1b853d210e9f4","_tpl":"578f87ad245977356274f2cc","upd":{"StackObjectsCount":1}}]}},{"probability":0.28,"template":{"Id":"container_Factory_Rework_DesignStuff_00084","IsContainer":true,"useGravity":false,"randomRotation":false,"Position":{"x":0,"y":0,"z":0},"Rotation":{"x":0,"y":0,"z":0},"IsGroupPosition":false,"GroupPositions":[],"IsAlwaysSpawn":false,"Root":"67731a8305b1b853d210e9fa","Items":[{"_id":"67731a8305b1b853d210e9fa","_tpl":"5909d36d86f774660f0bb900","upd":{"StackObjectsCount":1}}]}},{"probability":0.31,"template":{"Id":"container_Factory_Rework_DesignStuff_00132","IsContainer":true,"useGravity":false,"randomRotation":false,"Position":{"x":0,"y":0,"z":0},"Rotation":{"x":0,"y":0,"z":0},"IsGroupPosition":false,"GroupPositions":[],"IsAlwaysSpawn":false,"Root":"67731a8305b1b853d210ea1e","Items":[{"_id":"67731a8305b1b853d210ea1e","_tpl":"578f87ad245977356274f2cc","upd":{"StackObjectsCount":1}}]}},{"probability":0.24,"template":{"Id":"container_Factory_Rework_DesignStuff_00009","IsContainer":true,"useGravity":false,"randomRotation":false,"Position":{"x":0,"y":0,"z":0},"Rotation":{"x":0,"y":0,"z":0},"IsGroupPosition":false,"GroupPositions":[],"IsAlwaysSpawn":false,"Root":"67731a8305b1b853d210ea58","Items":[{"_id":"67731a8305b1b853d210ea58","_tpl":"5909d36d86f774660f0bb900","upd":{"StackObjectsCount":1}}]}},{"probability":0.45,"template":{"Id":"container_Factory_Rework_DesignStuff_00096","IsContainer":true,"useGravity":false,"randomRotation":false,"Position":{"x":0,"y":0,"z":0},"Rotation":{"x":0,"y":0,"z":0},"IsGroupPosition":false,"GroupPositions":[],"IsAlwaysSpawn":false,"Root":"67731a8305b1b853d210ea87","Items":[{"_id":"67731a8305b1b853d210ea87","_tpl":"578f87ad245977356274f2cc","upd":{"StackObjectsCount":1}}]}},{"probability":0.52,"template":{"Id":"container_Factory_Rework_DesignStuff_00121","IsContainer":true,"useGravity":false,"randomRotation":false,"Position":{"x":0,"y":0,"z":0},"Rotation":{"x":0,"y":0,"z":0},"IsGroupPosition":false,"GroupPositions":[],"IsAlwaysSpawn":false,"Root":"67731a8305b1b853d210ea8b","Items":[{"_id":"67731a8305b1b853d210ea8b","_tpl":"578f87ad245977356274f2cc","upd":{"StackObjectsCount":1}}]}},{"probability":0.66,"template":{"Id":"container_Factory_Rework_DesignStuff_00109","IsContainer":true,"useGravity":false,"randomRotation":false,"Position":{"x":0,"y":0,"z":0},"Rotation":{"x":0,"y":0,"z":0},"IsGroupPosition":false,"GroupPositions":[],"IsAlwaysSpawn":true,"Root":"67731a8305b1b853d210eaa7","Items":[{"_id":"67731a8305b1b853d210eaa7","_tpl":"5909d76c86f77471e53d2adf","upd":{"StackObjectsCount":1}}]}},{"probability":0.48,"template":{"Id":"container_Factory_Rework_DesignStuff_00007","IsContainer":true,"useGravity":false,"randomRotation":false,"Position":{"x":0,"y":0,"z":0},"Rotation":{"x":0,"y":0,"z":0},"IsGroupPosition":false,"GroupPositions":[],"IsAlwaysSpawn":false,"Root":"67731a8305b1b853d210eac5","Items":[{"_id":"67731a8305b1b853d210eac5","_tpl":"5909d5ef86f77467974efbd8","upd":{"StackObjectsCount":1}}]}},{"probability":0.38,"template":{"Id":"container_Factory_Rework_DesignStuff_00116","IsContainer":true,"useGravity":false,"randomRotation":false,"Position":{"x":0,"y":0,"z":0},"Rotation":{"x":0,"y":0,"z":0},"IsGroupPosition":false,"GroupPositions":[],"IsAlwaysSpawn":false,"Root":"67731a8305b1b853d210ead9","Items":[{"_id":"67731a8305b1b853d210ead9","_tpl":"578f87ad245977356274f2cc","upd":{"StackObjectsCount":1}}]}},{"probability":0.45,"template":{"Id":"container_Factory_Rework_DesignStuff_00088","IsContainer":true,"useGravity":false,"randomRotation":false,"Position":{"x":0,"y":0,"z":0},"Rotation":{"x":0,"y":0,"z":0},"IsGroupPosition":false,"GroupPositions":[],"IsAlwaysSpawn":false,"Root":"67731a8305b1b853d210eaf1","Items":[{"_id":"67731a8305b1b853d210eaf1","_tpl":"578f87a3245977356274f2cb","upd":{"StackObjectsCount":1}}]}},{"probability":0.52,"template":{"Id":"container_Factory_Rework_DesignStuff_00055","IsContainer":true,"useGravity":false,"randomRotation":false,"Position":{"x":0,"y":0,"z":0},"Rotation":{"x":0,"y":0,"z":0},"IsGroupPosition":false,"GroupPositions":[],"IsAlwaysSpawn":false,"Root":"67731f340d25d08c7e05f6f0","Items":[{"_id":"67731f340d25d08c7e05f6f0","_tpl":"578f87ad245977356274f2cc","upd":{"StackObjectsCount":1}}]}},{"probability":0.38,"template":{"Id":"container_Factory_Rework_DesignStuff_00067","IsContainer":true,"useGravity":false,"randomRotation":false,"Position":{"x":0,"y":0,"z":0},"Rotation":{"x":0,"y":0,"z":0},"IsGroupPosition":false,"GroupPositions":[],"IsAlwaysSpawn":false,"Root":"67731f340d25d08c7e05f700","Items":[{"_id":"67731f340d25d08c7e05f700","_tpl":"578f87ad245977356274f2cc","upd":{"StackObjectsCount":1}}]}},{"probability":0.48,"template":{"Id":"container_Factory_Rework_DesignStuff_00105","IsContainer":true,"useGravity":false,"randomRotation":false,"Position":{"x":0,"y":0,"z":0},"Rotation":{"x":0,"y":0,"z":0},"IsGroupPosition":false,"GroupPositions":[],"IsAlwaysSpawn":false,"Root":"67731f340d25d08c7e05f71c","Items":[{"_id":"67731f340d25d08c7e05f71c","_tpl":"5909d50c86f774659e6aaebe","upd":{"StackObjectsCount":1}}]}},{"probability":0.17,"template":{"Id":"container_Factory_Rework_DesignStuff_00016","IsContainer":true,"useGravity":false,"randomRotation":false,"Position":{"x":0,"y":0,"z":0},"Rotation":{"x":0,"y":0,"z":0},"IsGroupPosition":false,"GroupPositions":[],"IsAlwaysSpawn":false,"Root":"67731f340d25d08c7e05f73c","Items":[{"_id":"67731f340d25d08c7e05f73c","_tpl":"578f87ad245977356274f2cc","upd":{"StackObjectsCount":1}}]}},{"probability":0.28,"template":{"Id":"container_Factory_Rework_DesignStuff_00054","IsContainer":true,"useGravity":false,"randomRotation":false,"Position":{"x":0,"y":0,"z":0},"Rotation":{"x":0,"y":0,"z":0},"IsGroupPosition":false,"GroupPositions":[],"IsAlwaysSpawn":false,"Root":"67731f340d25d08c7e05f76a","Items":[{"_id":"67731f340d25d08c7e05f76a","_tpl":"578f87ad245977356274f2cc","upd":{"StackObjectsCount":1}}]}},{"probability":0.38,"template":{"Id":"container_Factory_Rework_DesignStuff_00050","IsContainer":true,"useGravity":false,"randomRotation":false,"Position":{"x":0,"y":0,"z":0},"Rotation":{"x":0,"y":0,"z":0},"IsGroupPosition":false,"GroupPositions":[],"IsAlwaysSpawn":false,"Root":"67731f340d25d08c7e05f776","Items":[{"_id":"67731f340d25d08c7e05f776","_tpl":"578f87ad245977356274f2cc","upd":{"StackObjectsCount":1}}]}},{"probability":0.52,"template":{"Id":"container_Factory_Rework_DesignStuff_00021","IsContainer":true,"useGravity":false,"randomRotation":false,"Position":{"x":0,"y":0,"z":0},"Rotation":{"x":0,"y":0,"z":0},"IsGroupPosition":false,"GroupPositions":[],"IsAlwaysSpawn":false,"Root":"67731f340d25d08c7e05f786","Items":[{"_id":"67731f340d25d08c7e05f786","_tpl":"5909d24f86f77466f56e6855","upd":{"StackObjectsCount":1}}]}},{"probability":0.34,"template":{"Id":"container_Factory_Rework_DesignStuff_00057","IsContainer":true,"useGravity":false,"randomRotation":false,"Position":{"x":0,"y":0,"z":0},"Rotation":{"x":0,"y":0,"z":0},"IsGroupPosition":false,"GroupPositions":[],"IsAlwaysSpawn":false,"Root":"67731f340d25d08c7e05f78e","Items":[{"_id":"67731f340d25d08c7e05f78e","_tpl":"5909d36d86f774660f0bb900","upd":{"StackObjectsCount":1}}]}},{"probability":0.38,"template":{"Id":"container_Factory_Rework_DesignStuff_00104","IsContainer":true,"useGravity":false,"randomRotation":false,"Position":{"x":0,"y":0,"z":0},"Rotation":{"x":0,"y":0,"z":0},"IsGroupPosition":false,"GroupPositions":[],"IsAlwaysSpawn":false,"Root":"67731f340d25d08c7e05f7bc","Items":[{"_id":"67731f340d25d08c7e05f7bc","_tpl":"5909d50c86f774659e6aaebe","upd":{"StackObjectsCount":1}}]}},{"probability":0.45,"template":{"Id":"container_Factory_Rework_DesignStuff_00102","IsContainer":true,"useGravity":false,"randomRotation":false,"Position":{"x":0,"y":0,"z":0},"Rotation":{"x":0,"y":0,"z":0},"IsGroupPosition":false,"GroupPositions":[],"IsAlwaysSpawn":false,"Root":"67731f340d25d08c7e05f7d2","Items":[{"_id":"67731f340d25d08c7e05f7d2","_tpl":"578f87a3245977356274f2cb","upd":{"StackObjectsCount":1}}]}},{"probability":0.52,"template":{"Id":"container_Factory_Rework_DesignStuff_00115","IsContainer":true,"useGravity":false,"randomRotation":false,"Position":{"x":0,"y":0,"z":0},"Rotation":{"x":0,"y":0,"z":0},"IsGroupPosition":false,"GroupPositions":[],"IsAlwaysSpawn":false,"Root":"67731f340d25d08c7e05f7f3","Items":[{"_id":"67731f340d25d08c7e05f7f3","_tpl":"5909d50c86f774659e6aaebe","upd":{"StackObjectsCount":1}}]}},{"probability":0.48,"template":{"Id":"container_Factory_Rework_DesignStuff_00018","IsContainer":true,"useGravity":false,"randomRotation":false,"Position":{"x":0,"y":0,"z":0},"Rotation":{"x":0,"y":0,"z":0},"IsGroupPosition":false,"GroupPositions":[],"IsAlwaysSpawn":false,"Root":"67731f340d25d08c7e05f821","Items":[{"_id":"67731f340d25d08c7e05f821","_tpl":"5909d50c86f774659e6aaebe","upd":{"StackObjectsCount":1}}]}},{"probability":0.45,"template":{"Id":"container_Factory_Rework_DesignStuff_00011","IsContainer":true,"useGravity":false,"randomRotation":false,"Position":{"x":0,"y":0,"z":0},"Rotation":{"x":0,"y":0,"z":0},"IsGroupPosition":false,"GroupPositions":[],"IsAlwaysSpawn":false,"Root":"67731f340d25d08c7e05f83b","Items":[{"_id":"67731f340d25d08c7e05f83b","_tpl":"578f87ad245977356274f2cc","upd":{"StackObjectsCount":1}}]}},{"probability":0.41,"template":{"Id":"container_Factory_Rework_DesignStuff_00020","IsContainer":true,"useGravity":false,"randomRotation":false,"Position":{"x":0,"y":0,"z":0},"Rotation":{"x":0,"y":0,"z":0},"IsGroupPosition":false,"GroupPositions":[],"IsAlwaysSpawn":false,"Root":"67731f340d25d08c7e05f8e1","Items":[{"_id":"67731f340d25d08c7e05f8e1","_tpl":"5909d50c86f774659e6aaebe","upd":{"StackObjectsCount":1}}]}},{"probability":0.38,"template":{"Id":"container_Factory_Rework_DesignStuff_00076","IsContainer":true,"useGravity":false,"randomRotation":false,"Position":{"x":0,"y":0,"z":0},"Rotation":{"x":0,"y":0,"z":0},"IsGroupPosition":false,"GroupPositions":[],"IsAlwaysSpawn":false,"Root":"67731f340d25d08c7e05f937","Items":[{"_id":"67731f340d25d08c7e05f937","_tpl":"5909d50c86f774659e6aaebe","upd":{"StackObjectsCount":1}}]}},{"probability":0.28,"template":{"Id":"container_Factory_Rework_DesignStuff_00014","IsContainer":true,"useGravity":false,"randomRotation":false,"Position":{"x":0,"y":0,"z":0},"Rotation":{"x":0,"y":0,"z":0},"IsGroupPosition":false,"GroupPositions":[],"IsAlwaysSpawn":false,"Root":"67731f340d25d08c7e05f967","Items":[{"_id":"67731f340d25d08c7e05f967","_tpl":"578f87ad245977356274f2cc","upd":{"StackObjectsCount":1}}]}},{"probability":0.21,"template":{"Id":"container_Factory_Rework_DesignStuff_00063","IsContainer":true,"useGravity":false,"randomRotation":false,"Position":{"x":0,"y":0,"z":0},"Rotation":{"x":0,"y":0,"z":0},"IsGroupPosition":false,"GroupPositions":[],"IsAlwaysSpawn":false,"Root":"67731f340d25d08c7e05f9a3","Items":[{"_id":"67731f340d25d08c7e05f9a3","_tpl":"578f87ad245977356274f2cc","upd":{"StackObjectsCount":1}}]}},{"probability":0.24,"template":{"Id":"container_Factory_Rework_DesignStuff_00066","IsContainer":true,"useGravity":false,"randomRotation":false,"Position":{"x":0,"y":0,"z":0},"Rotation":{"x":0,"y":0,"z":0},"IsGroupPosition":false,"GroupPositions":[],"IsAlwaysSpawn":false,"Root":"6773263bc6618a278c0a495b","Items":[{"_id":"6773263bc6618a278c0a495b","_tpl":"578f87ad245977356274f2cc","upd":{"StackObjectsCount":1}}]}},{"probability":0.38,"template":{"Id":"container_Factory_Rework_DesignStuff_00098","IsContainer":true,"useGravity":false,"randomRotation":false,"Position":{"x":0,"y":0,"z":0},"Rotation":{"x":0,"y":0,"z":0},"IsGroupPosition":false,"GroupPositions":[],"IsAlwaysSpawn":false,"Root":"6773263bc6618a278c0a4a15","Items":[{"_id":"6773263bc6618a278c0a4a15","_tpl":"578f87a3245977356274f2cb","upd":{"StackObjectsCount":1}}]}},{"probability":0.24,"template":{"Id":"container_Factory_Rework_DesignStuff_00061","IsContainer":true,"useGravity":false,"randomRotation":false,"Position":{"x":0,"y":0,"z":0},"Rotation":{"x":0,"y":0,"z":0},"IsGroupPosition":false,"GroupPositions":[],"IsAlwaysSpawn":false,"Root":"6773263bc6618a278c0a4a33","Items":[{"_id":"6773263bc6618a278c0a4a33","_tpl":"578f87ad245977356274f2cc","upd":{"StackObjectsCount":1}}]}},{"probability":0.17,"template":{"Id":"container_Factory_Rework_DesignStuff_00112","IsContainer":true,"useGravity":false,"randomRotation":false,"Position":{"x":0,"y":0,"z":0},"Rotation":{"x":0,"y":0,"z":0},"IsGroupPosition":false,"GroupPositions":[],"IsAlwaysSpawn":true,"Root":"6773263bc6618a278c0a4a37","Items":[{"_id":"6773263bc6618a278c0a4a37","_tpl":"5909d76c86f77471e53d2adf","upd":{"StackObjectsCount":1}}]}},{"probability":0.31,"template":{"Id":"container_Factory_Rework_DesignStuff_00051","IsContainer":true,"useGravity":false,"randomRotation":false,"Position":{"x":0,"y":0,"z":0},"Rotation":{"x":0,"y":0,"z":0},"IsGroupPosition":false,"GroupPositions":[],"IsAlwaysSpawn":false,"Root":"6773263bc6618a278c0a4a47","Items":[{"_id":"6773263bc6618a278c0a4a47","_tpl":"578f87ad245977356274f2cc","upd":{"StackObjectsCount":1}}]}},{"probability":0.28,"template":{"Id":"container_Factory_Rework_DesignStuff_00080","IsContainer":true,"useGravity":false,"randomRotation":false,"Position":{"x":0,"y":0,"z":0},"Rotation":{"x":0,"y":0,"z":0},"IsGroupPosition":false,"GroupPositions":[],"IsAlwaysSpawn":false,"Root":"6773263bc6618a278c0a4a53","Items":[{"_id":"6773263bc6618a278c0a4a53","_tpl":"578f87ad245977356274f2cc","upd":{"StackObjectsCount":1}}]}},{"probability":0.38,"template":{"Id":"container_Factory_Rework_DesignStuff_00108","IsContainer":true,"useGravity":false,"randomRotation":false,"Position":{"x":0,"y":0,"z":0},"Rotation":{"x":0,"y":0,"z":0},"IsGroupPosition":false,"GroupPositions":[],"IsAlwaysSpawn":false,"Root":"6773263bc6618a278c0a4a73","Items":[{"_id":"6773263bc6618a278c0a4a73","_tpl":"578f87a3245977356274f2cb","upd":{"StackObjectsCount":1}}]}},{"probability":0.34,"template":{"Id":"container_Factory_Rework_DesignStuff_00072","IsContainer":true,"useGravity":false,"randomRotation":false,"Position":{"x":0,"y":0,"z":0},"Rotation":{"x":0,"y":0,"z":0},"IsGroupPosition":false,"GroupPositions":[],"IsAlwaysSpawn":false,"Root":"6773263bc6618a278c0a4a85","Items":[{"_id":"6773263bc6618a278c0a4a85","_tpl":"5909d36d86f774660f0bb900","upd":{"StackObjectsCount":1}}]}},{"probability":0.31,"template":{"Id":"container_Factory_Rework_DesignStuff_00026","IsContainer":true,"useGravity":false,"randomRotation":false,"Position":{"x":0,"y":0,"z":0},"Rotation":{"x":0,"y":0,"z":0},"IsGroupPosition":false,"GroupPositions":[],"IsAlwaysSpawn":false,"Root":"6773263bc6618a278c0a4abf","Items":[{"_id":"6773263bc6618a278c0a4abf","_tpl":"578f87ad245977356274f2cc","upd":{"StackObjectsCount":1}}]}},{"probability":0.52,"template":{"Id":"container_Factory_Rework_DesignStuff_00099","IsContainer":true,"useGravity":false,"randomRotation":false,"Position":{"x":0,"y":0,"z":0},"Rotation":{"x":0,"y":0,"z":0},"IsGroupPosition":false,"GroupPositions":[],"IsAlwaysSpawn":false,"Root":"6773263bc6618a278c0a4b25","Items":[{"_id":"6773263bc6618a278c0a4b25","_tpl":"5909d24f86f77466f56e6855","upd":{"StackObjectsCount":1}}]}},{"probability":0.21,"template":{"Id":"container_Factory_Rework_DesignStuff_00117","IsContainer":true,"useGravity":false,"randomRotation":false,"Position":{"x":0,"y":0,"z":0},"Rotation":{"x":0,"y":0,"z":0},"IsGroupPosition":false,"GroupPositions":[],"IsAlwaysSpawn":false,"Root":"6773263bc6618a278c0a4b6d","Items":[{"_id":"6773263bc6618a278c0a4b6d","_tpl":"578f87ad245977356274f2cc","upd":{"StackObjectsCount":1}}]}},{"probability":0.38,"template":{"Id":"container_Factory_Rework_DesignStuff_00074","IsContainer":true,"useGravity":false,"randomRotation":false,"Position":{"x":0,"y":0,"z":0},"Rotation":{"x":0,"y":0,"z":0},"IsGroupPosition":false,"GroupPositions":[],"IsAlwaysSpawn":false,"Root":"6773263bc6618a278c0a4b73","Items":[{"_id":"6773263bc6618a278c0a4b73","_tpl":"5909d5ef86f77467974efbd8","upd":{"StackObjectsCount":1}}]}},{"probability":0.48,"template":{"Id":"container_Factory_Rework_DesignStuff_00107","IsContainer":true,"useGravity":false,"randomRotation":false,"Position":{"x":0,"y":0,"z":0},"Rotation":{"x":0,"y":0,"z":0},"IsGroupPosition":false,"GroupPositions":[],"IsAlwaysSpawn":false,"Root":"6773263bc6618a278c0a4b9b","Items":[{"_id":"6773263bc6618a278c0a4b9b","_tpl":"578f87ad245977356274f2cc","upd":{"StackObjectsCount":1}}]}},{"probability":0.34,"template":{"Id":"container_Factory_Rework_DesignStuff_00090","IsContainer":true,"useGravity":false,"randomRotation":false,"Position":{"x":0,"y":0,"z":0},"Rotation":{"x":0,"y":0,"z":0},"IsGroupPosition":false,"GroupPositions":[],"IsAlwaysSpawn":false,"Root":"6773263bc6618a278c0a4bc7","Items":[{"_id":"6773263bc6618a278c0a4bc7","_tpl":"5909d50c86f774659e6aaebe","upd":{"StackObjectsCount":1}}]}},{"probability":0.41,"template":{"Id":"container_Factory_Rework_DesignStuff_00022","IsContainer":true,"useGravity":false,"randomRotation":false,"Position":{"x":0,"y":0,"z":0},"Rotation":{"x":0,"y":0,"z":0},"IsGroupPosition":false,"GroupPositions":[],"IsAlwaysSpawn":false,"Root":"6773263bc6618a278c0a4bfa","Items":[{"_id":"6773263bc6618a278c0a4bfa","_tpl":"5909d24f86f77466f56e6855","upd":{"StackObjectsCount":1}}]}},{"probability":0.34,"template":{"Id":"container_Factory_Rework_DesignStuff_00053","IsContainer":true,"useGravity":false,"randomRotation":false,"Position":{"x":0,"y":0,"z":0},"Rotation":{"x":0,"y":0,"z":0},"IsGroupPosition":false,"GroupPositions":[],"IsAlwaysSpawn":false,"Root":"6773263bc6618a278c0a4c44","Items":[{"_id":"6773263bc6618a278c0a4c44","_tpl":"578f87ad245977356274f2cc","upd":{"StackObjectsCount":1}}]}},{"probability":0.28,"template":{"Id":"container_Factory_Rework_DesignStuff_00133","IsContainer":true,"useGravity":false,"randomRotation":false,"Position":{"x":0,"y":0,"z":0},"Rotation":{"x":0,"y":0,"z":0},"IsGroupPosition":false,"GroupPositions":[],"IsAlwaysSpawn":false,"Root":"67730eca4e5e35d371065d18","Items":[{"_id":"67730eca4e5e35d371065d18","_tpl":"5909d36d86f774660f0bb900","upd":{"StackObjectsCount":1}}]}},{"probability":0.17,"template":{"Id":"container_Factory_Rework_DesignStuff_00138","IsContainer":true,"useGravity":false,"randomRotation":false,"Position":{"x":0,"y":0,"z":0},"Rotation":{"x":0,"y":0,"z":0},"IsGroupPosition":false,"GroupPositions":[],"IsAlwaysSpawn":false,"Root":"67730eca4e5e35d371065d2c","Items":[{"_id":"67730eca4e5e35d371065d2c","_tpl":"578f87ad245977356274f2cc","upd":{"StackObjectsCount":1}}]}},{"probability":0.31,"template":{"Id":"container_Factory_Rework_DesignStuff_00123","IsContainer":true,"useGravity":false,"randomRotation":false,"Position":{"x":0,"y":0,"z":0},"Rotation":{"x":0,"y":0,"z":0},"IsGroupPosition":false,"GroupPositions":[],"IsAlwaysSpawn":false,"Root":"67730eca4e5e35d371065d7d","Items":[{"_id":"67730eca4e5e35d371065d7d","_tpl":"578f87ad245977356274f2cc","upd":{"StackObjectsCount":1}}]}},{"probability":0.34,"template":{"Id":"container_Factory_Rework_DesignStuff_00008","IsContainer":true,"useGravity":false,"randomRotation":false,"Position":{"x":0,"y":0,"z":0},"Rotation":{"x":0,"y":0,"z":0},"IsGroupPosition":false,"GroupPositions":[],"IsAlwaysSpawn":false,"Root":"67730eca4e5e35d371065d83","Items":[{"_id":"67730eca4e5e35d371065d83","_tpl":"5909d5ef86f77467974efbd8","upd":{"StackObjectsCount":1}}]}},{"probability":0.52,"template":{"Id":"container_Factory_Rework_DesignStuff_00003","IsContainer":true,"useGravity":false,"randomRotation":false,"Position":{"x":0,"y":0,"z":0},"Rotation":{"x":0,"y":0,"z":0},"IsGroupPosition":false,"GroupPositions":[],"IsAlwaysSpawn":false,"Root":"67730eca4e5e35d371065ddf","Items":[{"_id":"67730eca4e5e35d371065ddf","_tpl":"5909d5ef86f77467974efbd8","upd":{"StackObjectsCount":1}}]}},{"probability":0.28,"template":{"Id":"container_Factory_Rework_DesignStuff_00017","IsContainer":true,"useGravity":false,"randomRotation":false,"Position":{"x":0,"y":0,"z":0},"Rotation":{"x":0,"y":0,"z":0},"IsGroupPosition":false,"GroupPositions":[],"IsAlwaysSpawn":false,"Root":"67730eca4e5e35d371065dff","Items":[{"_id":"67730eca4e5e35d371065dff","_tpl":"5909d36d86f774660f0bb900","upd":{"StackObjectsCount":1}}]}},{"probability":0.14,"template":{"Id":"container_Factory_Rework_DesignStuff_00064","IsContainer":true,"useGravity":false,"randomRotation":false,"Position":{"x":0,"y":0,"z":0},"Rotation":{"x":0,"y":0,"z":0},"IsGroupPosition":false,"GroupPositions":[],"IsAlwaysSpawn":false,"Root":"67730eca4e5e35d371065ef7","Items":[{"_id":"67730eca4e5e35d371065ef7","_tpl":"578f87ad245977356274f2cc","upd":{"StackObjectsCount":1}}]}},{"probability":0.34,"template":{"Id":"container_Factory_Rework_DesignStuff_00145","IsContainer":true,"useGravity":false,"randomRotation":false,"Position":{"x":0,"y":0,"z":0},"Rotation":{"x":0,"y":0,"z":0},"IsGroupPosition":false,"GroupPositions":[],"IsAlwaysSpawn":false,"Root":"67730eca4e5e35d371065f3d","Items":[{"_id":"67730eca4e5e35d371065f3d","_tpl":"578f87ad245977356274f2cc","upd":{"StackObjectsCount":1}}]}},{"probability":0.38,"template":{"Id":"container_Factory_Rework_DesignStuff_00048","IsContainer":true,"useGravity":false,"randomRotation":false,"Position":{"x":0,"y":0,"z":0},"Rotation":{"x":0,"y":0,"z":0},"IsGroupPosition":false,"GroupPositions":[],"IsAlwaysSpawn":false,"Root":"677336a5df6fae12600a39d5","Items":[{"_id":"677336a5df6fae12600a39d5","_tpl":"578f87ad245977356274f2cc","upd":{"StackObjectsCount":1}}]}},{"probability":0.24,"template":{"Id":"container_Factory_Rework_DesignStuff_00077","IsContainer":true,"useGravity":false,"randomRotation":false,"Position":{"x":0,"y":0,"z":0},"Rotation":{"x":0,"y":0,"z":0},"IsGroupPosition":false,"GroupPositions":[],"IsAlwaysSpawn":false,"Root":"677336a5df6fae12600a3acc","Items":[{"_id":"677336a5df6fae12600a3acc","_tpl":"5909d50c86f774659e6aaebe","upd":{"StackObjectsCount":1}}]}},{"probability":0.41,"template":{"Id":"container_Factory_Rework_DesignStuff_00010","IsContainer":true,"useGravity":false,"randomRotation":false,"Position":{"x":0,"y":0,"z":0},"Rotation":{"x":0,"y":0,"z":0},"IsGroupPosition":false,"GroupPositions":[],"IsAlwaysSpawn":true,"Root":"677336a5df6fae12600a3b82","Items":[{"_id":"677336a5df6fae12600a3b82","_tpl":"5909d76c86f77471e53d2adf","upd":{"StackObjectsCount":1}}]}},{"probability":0.24,"template":{"Id":"container_Factory_Rework_DesignStuff_00083","IsContainer":true,"useGravity":false,"randomRotation":false,"Position":{"x":0,"y":0,"z":0},"Rotation":{"x":0,"y":0,"z":0},"IsGroupPosition":false,"GroupPositions":[],"IsAlwaysSpawn":false,"Root":"677336a5df6fae12600a3c34","Items":[{"_id":"677336a5df6fae12600a3c34","_tpl":"5909d36d86f774660f0bb900","upd":{"StackObjectsCount":1}}]}},{"probability":0.41,"template":{"Id":"container_Factory_Rework_DesignStuff_00143","IsContainer":true,"useGravity":false,"randomRotation":false,"Position":{"x":0,"y":0,"z":0},"Rotation":{"x":0,"y":0,"z":0},"IsGroupPosition":false,"GroupPositions":[],"IsAlwaysSpawn":false,"Root":"677336a5df6fae12600a3c3a","Items":[{"_id":"677336a5df6fae12600a3c3a","_tpl":"578f87ad245977356274f2cc","upd":{"StackObjectsCount":1}}]}},{"probability":0.21,"template":{"Id":"container_Factory_Rework_DesignStuff_00024","IsContainer":true,"useGravity":false,"randomRotation":false,"Position":{"x":0,"y":0,"z":0},"Rotation":{"x":0,"y":0,"z":0},"IsGroupPosition":false,"GroupPositions":[],"IsAlwaysSpawn":false,"Root":"6773182c9c9a950a4c05edf1","Items":[{"_id":"6773182c9c9a950a4c05edf1","_tpl":"578f87ad245977356274f2cc","upd":{"StackObjectsCount":1}}]}},{"probability":0.14,"template":{"Id":"container_Factory_Rework_DesignStuff_00118","IsContainer":true,"useGravity":false,"randomRotation":false,"Position":{"x":0,"y":0,"z":0},"Rotation":{"x":0,"y":0,"z":0},"IsGroupPosition":false,"GroupPositions":[],"IsAlwaysSpawn":false,"Root":"6773182c9c9a950a4c05ee76","Items":[{"_id":"6773182c9c9a950a4c05ee76","_tpl":"578f87ad245977356274f2cc","upd":{"StackObjectsCount":1}}]}},{"probability":0.17,"template":{"Id":"container_Factory_Rework_DesignStuff_00046","IsContainer":true,"useGravity":false,"randomRotation":false,"Position":{"x":0,"y":0,"z":0},"Rotation":{"x":0,"y":0,"z":0},"IsGroupPosition":false,"GroupPositions":[],"IsAlwaysSpawn":false,"Root":"6773182c9c9a950a4c05eede","Items":[{"_id":"6773182c9c9a950a4c05eede","_tpl":"578f87ad245977356274f2cc","upd":{"StackObjectsCount":1}}]}},{"probability":0.28,"template":{"Id":"container_Factory_Rework_DesignStuff_00134","IsContainer":true,"useGravity":false,"randomRotation":false,"Position":{"x":0,"y":0,"z":0},"Rotation":{"x":0,"y":0,"z":0},"IsGroupPosition":false,"GroupPositions":[],"IsAlwaysSpawn":false,"Root":"6773182c9c9a950a4c05ef52","Items":[{"_id":"6773182c9c9a950a4c05ef52","_tpl":"5909d50c86f774659e6aaebe","upd":{"StackObjectsCount":1}}]}},{"probability":0.38,"template":{"Id":"container_Factory_Rework_DesignStuff_00043","IsContainer":true,"useGravity":false,"randomRotation":false,"Position":{"x":0,"y":0,"z":0},"Rotation":{"x":0,"y":0,"z":0},"IsGroupPosition":false,"GroupPositions":[],"IsAlwaysSpawn":false,"Root":"6773182c9c9a950a4c05ef68","Items":[{"_id":"6773182c9c9a950a4c05ef68","_tpl":"578f87ad245977356274f2cc","upd":{"StackObjectsCount":1}}]}},{"probability":0.45,"template":{"Id":"container_Factory_Rework_DesignStuff_00111","IsContainer":true,"useGravity":false,"randomRotation":false,"Position":{"x":0,"y":0,"z":0},"Rotation":{"x":0,"y":0,"z":0},"IsGroupPosition":false,"GroupPositions":[],"IsAlwaysSpawn":false,"Root":"6773344bbce06007c80d325d","Items":[{"_id":"6773344bbce06007c80d325d","_tpl":"578f87a3245977356274f2cb","upd":{"StackObjectsCount":1}}]}},{"probability":0.24,"template":{"Id":"container_Factory_Rework_DesignStuff_00062","IsContainer":true,"useGravity":false,"randomRotation":false,"Position":{"x":0,"y":0,"z":0},"Rotation":{"x":0,"y":0,"z":0},"IsGroupPosition":false,"GroupPositions":[],"IsAlwaysSpawn":false,"Root":"6773344bbce06007c80d338e","Items":[{"_id":"6773344bbce06007c80d338e","_tpl":"578f87ad245977356274f2cc","upd":{"StackObjectsCount":1}}]}},{"probability":0.38,"template":{"Id":"container_Factory_Rework_DesignStuff_00142","IsContainer":true,"useGravity":false,"randomRotation":false,"Position":{"x":0,"y":0,"z":0},"Rotation":{"x":0,"y":0,"z":0},"IsGroupPosition":false,"GroupPositions":[],"IsAlwaysSpawn":false,"Root":"6773344bbce06007c80d33a4","Items":[{"_id":"6773344bbce06007c80d33a4","_tpl":"578f87ad245977356274f2cc","upd":{"StackObjectsCount":1}}]}},{"probability":0.28,"template":{"Id":"container_Factory_Rework_DesignStuff_00103","IsContainer":true,"useGravity":false,"randomRotation":false,"Position":{"x":0,"y":0,"z":0},"Rotation":{"x":0,"y":0,"z":0},"IsGroupPosition":false,"GroupPositions":[],"IsAlwaysSpawn":false,"Root":"6773344bbce06007c80d3484","Items":[{"_id":"6773344bbce06007c80d3484","_tpl":"578f87ad245977356274f2cc","upd":{"StackObjectsCount":1}}]}},{"probability":0.45,"template":{"Id":"container_Factory_Rework_DesignStuff_00068","IsContainer":true,"useGravity":false,"randomRotation":false,"Position":{"x":0,"y":0,"z":0},"Rotation":{"x":0,"y":0,"z":0},"IsGroupPosition":false,"GroupPositions":[],"IsAlwaysSpawn":false,"Root":"6773344bbce06007c80d34d8","Items":[{"_id":"6773344bbce06007c80d34d8","_tpl":"578f87ad245977356274f2cc","upd":{"StackObjectsCount":1}}]}},{"probability":0.31,"template":{"Id":"container_Factory_Rework_DesignStuff_00075","IsContainer":true,"useGravity":false,"randomRotation":false,"Position":{"x":0,"y":0,"z":0},"Rotation":{"x":0,"y":0,"z":0},"IsGroupPosition":false,"GroupPositions":[],"IsAlwaysSpawn":false,"Root":"677311226ed9a745d410fd04","Items":[{"_id":"677311226ed9a745d410fd04","_tpl":"5909d50c86f774659e6aaebe","upd":{"StackObjectsCount":1}}]}},{"probability":0.24,"template":{"Id":"container_Factory_Rework_DesignStuff_00081","IsContainer":true,"useGravity":false,"randomRotation":false,"Position":{"x":0,"y":0,"z":0},"Rotation":{"x":0,"y":0,"z":0},"IsGroupPosition":false,"GroupPositions":[],"IsAlwaysSpawn":false,"Root":"67732d427141db107a0f74aa","Items":[{"_id":"67732d427141db107a0f74aa","_tpl":"578f87ad245977356274f2cc","upd":{"StackObjectsCount":1}}]}},{"probability":0.34,"template":{"Id":"container_Factory_Rework_DesignStuff_00113","IsContainer":true,"useGravity":false,"randomRotation":false,"Position":{"x":0,"y":0,"z":0},"Rotation":{"x":0,"y":0,"z":0},"IsGroupPosition":false,"GroupPositions":[],"IsAlwaysSpawn":false,"Root":"67732d427141db107a0f7643","Items":[{"_id":"67732d427141db107a0f7643","_tpl":"5909d50c86f774659e6aaebe","upd":{"StackObjectsCount":1}}]}},{"probability":0.21,"template":{"Id":"container_Factory_Rework_DesignStuff_00065","IsContainer":true,"useGravity":false,"randomRotation":false,"Position":{"x":0,"y":0,"z":0},"Rotation":{"x":0,"y":0,"z":0},"IsGroupPosition":false,"GroupPositions":[],"IsAlwaysSpawn":false,"Root":"677315d3f3ab1c4fd90d2b51","Items":[{"_id":"677315d3f3ab1c4fd90d2b51","_tpl":"578f87ad245977356274f2cc","upd":{"StackObjectsCount":1}}]}},{"probability":0.24,"template":{"Id":"container_Factory_Rework_DesignStuff_00082","IsContainer":true,"useGravity":false,"randomRotation":false,"Position":{"x":0,"y":0,"z":0},"Rotation":{"x":0,"y":0,"z":0},"IsGroupPosition":false,"GroupPositions":[],"IsAlwaysSpawn":false,"Root":"67730c7243797c70a8097500","Items":[{"_id":"67730c7243797c70a8097500","_tpl":"578f87ad245977356274f2cc","upd":{"StackObjectsCount":1}}]}},{"probability":0.24,"template":{"Id":"container_Factory_Rework_DesignStuff_00058","IsContainer":true,"useGravity":false,"randomRotation":false,"Position":{"x":0,"y":0,"z":0},"Rotation":{"x":0,"y":0,"z":0},"IsGroupPosition":false,"GroupPositions":[],"IsAlwaysSpawn":false,"Root":"67731f340d25d08c7e05f9ab","Items":[{"_id":"67731f340d25d08c7e05f9ab","_tpl":"578f87ad245977356274f2cc","upd":{"StackObjectsCount":1}}]}}],"staticForced":[]}