{
  "containersGroups": {
    "ToolBox_N13_2_shoreline": {
      "minContainers": 0,
      "maxContainers": 2
    },
    "ToolBox_N10_2_shoreline": {
      "minContainers": 0,
      "maxContainers": 2
    },
    "WeaponBox_N10_2_shoreline": {
      "minContainers": 0,
      "maxContainers": 2
    },
    "Scontainer_ammo_Grenade_N2_3_shoreline": {
      "minContainers": 0,
      "maxContainers": 2
    },
    "BagSport_N48_3_shoreline": {
      "minContainers": 0,
      "maxContainers": 2
    },
    "BagSport_N29_2_shoreline": {
      "minContainers": 0,
      "maxContainers": 2
    },
    "Plastic_suitcase_N21_3_shoreline": {
      "minContainers": 0,
      "maxContainers": 2
    },
    "MadBag_N3_2_shoreline": {
      "minContainers": 0,
      "maxContainers": 2
    },
    "jackets_extention": {
      "minContainers": 2,
      "maxContainers": 3
    },
    "BagSport_N25_3_shoreline": {
      "minContainers": 0,
      "maxContainers": 2
    },
    "bag_sport_mid_N1_3_shoreline": {
      "minContainers": 0,
      "maxContainers": 2
    },
    "BagSport_N30_2_shoreline": {
      "minContainers": 0,
      "maxContainers": 2
    },
    "BagSport_N45_3_shoreline": {
      "minContainers": 0,
      "maxContainers": 2
    },
    "MadCase_N2_2_shoreline": {
      "minContainers": 0,
      "maxContainers": 2
    },
    "ToolBox_N18_4": {
      "minContainers": 1,
      "maxContainers": 2
    },
    "Scontainer_ammo_Grenade_N3_3_shoreline": {
      "minContainers": 0,
      "maxContainers": 2
    },
    "ToolBox_N14_2_shoreline": {
      "minContainers": 0,
      "maxContainers": 2
    },
    "WeaponBox_N6_2_shoreline": {
      "minContainers": 0,
      "maxContainers": 2
    },
    "BagSport_N5_2_shoreline": {
      "minContainers": 0,
      "maxContainers": 2
    },
    "Plastic_suitcase_N19_3_shoreline": {
      "minContainers": 0,
      "maxContainers": 2
    },
    "WeaponBox_N5_2_shoreline": {
      "minContainers": 0,
      "maxContainers": 2
    },
    "BagSport_N53_2_shoreline": {
      "minContainers": 0,
      "maxContainers": 2
    },
    "ToolBox_N17_2_shoreline": {
      "minContainers": 0,
      "maxContainers": 2
    },
    "MadCase_N3_2_shoreline": {
      "minContainers": 0,
      "maxContainers": 2
    },
    "WeaponBox_N12_2_shoreline": {
      "minContainers": 0,
      "maxContainers": 2
    },
    "WeaponBox_N26_2_shoreline": {
      "minContainers": 0,
      "maxContainers": 2
    },
    "WeaponBox_N11_2_shoreline": {
      "minContainers": 0,
      "maxContainers": 2
    },
    "Plastic_suitcase_N3_2_shoreline": {
      "minContainers": 0,
      "maxContainers": 2
    },
    "BagSport_N40_4_shoreline": {
      "minContainers": 0,
      "maxContainers": 2
    },
    "BagSport_N15_4_shoreline": {
      "minContainers": 0,
      "maxContainers": 2
    },
    "ToolBox_N3_2_shoreline": {
      "minContainers": 0,
      "maxContainers": 2
    },
    "MadBag_N23_2_shoreline": {
      "minContainers": 0,
      "maxContainers": 2
    },
    "Plastic_suitcase_N26_9": {
      "minContainers": 4,
      "maxContainers": 5
    },
    "BagSport_N41_3_shoreline": {
      "minContainers": 0,
      "maxContainers": 2
    },
    "ToolBox_N12_2_shoreline": {
      "minContainers": 0,
      "maxContainers": 2
    },
    "MadBag_N18_3_shoreline": {
      "minContainers": 0,
      "maxContainers": 2
    },
    "BagSport_N51_2_shoreline": {
      "minContainers": 0,
      "maxContainers": 2
    },
    "BagSport_N12_3_shoreline": {
      "minContainers": 0,
      "maxContainers": 2
    },
    "BagSport_N37_2_shoreline": {
      "minContainers": 0,
      "maxContainers": 2
    },
    "WeaponBox_N30_2_shoreline": {
      "minContainers": 0,
      "maxContainers": 2
    },
    "BagSport_N20_4_shoreline": {
      "minContainers": 0,
      "maxContainers": 2
    },
    "Plastic_suitcase_N18_2_shoreline": {
      "minContainers": 0,
      "maxContainers": 2
    },
    "Plastic_suitcase_N23_2_shoreline": {
      "minContainers": 0,
      "maxContainers": 2
    },
    "BagSport_N34_4_shoreline": {
      "minContainers": 0,
      "maxContainers": 2
    },
    "bag_sport_varios_N1_3_shoreline": {
      "minContainers": 0,
      "maxContainers": 2
    },
    "ToolBox_N11_2_shoreline": {
      "minContainers": 0,
      "maxContainers": 2
    },
    "bag_BUG_N1_3_shoreline": {
      "minContainers": 0,
      "maxContainers": 2
    },
    "Plastic_suitcase_N8_3_shoreline": {
      "minContainers": 0,
      "maxContainers": 2
    },
    "Plastic_suitcase_N22_2_shoreline": {
      "minContainers": 0,
      "maxContainers": 2
    },
    "MadBag_N8_2_shoreline": {
      "minContainers": 0,
      "maxContainers": 2
    },
    "WeaponBox_N33_2_shoreline": {
      "minContainers": 0,
      "maxContainers": 2
    },
    "MadBag_N7_2_shoreline": {
      "minContainers": 0,
      "maxContainers": 2
    },
    "BagSport_N11_3_shoreline": {
      "minContainers": 0,
      "maxContainers": 2
    },
    "BagSport_N39_3_shoreline": {
      "minContainers": 0,
      "maxContainers": 2
    },
    "BagSport_N3_2_shoreline": {
      "minContainers": 0,
      "maxContainers": 2
    },
    "BagSport_N9_4_shoreline": {
      "minContainers": 0,
      "maxContainers": 2
    },
    "plastic_suitc_forest": {
      "minContainers": 1,
      "maxContainers": 3
    },
    "WeaponBox_N34_2_shoreline": {
      "minContainers": 0,
      "maxContainers": 2
    },
    "ToolBox_N1_3_shoreline": {
      "minContainers": 0,
      "maxContainers": 2
    },
    "Scontainer_ammo_wood_N4_4": {
      "minContainers": 1,
      "maxContainers": 2
    },
    "WeaponBox_N8_2_shoreline": {
      "minContainers": 0,
      "maxContainers": 2
    },
    "Plastic_suitcase_N6_4_shoreline": {
      "minContainers": 0,
      "maxContainers": 2
    },
    "BagSport_N27_3_shoreline": {
      "minContainers": 0,
      "maxContainers": 2
    },
    "WeaponBox_N31_2_shoreline": {
      "minContainers": 0,
      "maxContainers": 2
    },
    "BagSport_N57_3_shoreline": {
      "minContainers": 0,
      "maxContainers": 2
    },
    "Plastic_suitcase_N12_2_shoreline": {
      "minContainers": 0,
      "maxContainers": 2
    },
    "WeaponBox_N20_3_shoreline": {
      "minContainers": 0,
      "maxContainers": 2
    },
    "BagSport_N10_4_shoreline": {
      "minContainers": 0,
      "maxContainers": 2
    },
    "BagSport_N33_4_shoreline": {
      "minContainers": 0,
      "maxContainers": 2
    },
    "MadBag_N15_3_shoreline": {
      "minContainers": 0,
      "maxContainers": 2
    },
    "bag_sport_varios_N2_3_shoreline": {
      "minContainers": 0,
      "maxContainers": 2
    },
    "BagSport_N2_3_shoreline": {
      "minContainers": 0,
      "maxContainers": 2
    },
    "WeaponBox_N9_2_shoreline": {
      "minContainers": 0,
      "maxContainers": 2
    },
    "Scontainer_ammo_wood_N2_2_shoreline": {
      "minContainers": 0,
      "maxContainers": 2
    },
    "BagSport_N18_4_shoreline": {
      "minContainers": 0,
      "maxContainers": 2
    },
    "WeaponBox_N28_2_shoreline": {
      "minContainers": 0,
      "maxContainers": 2
    },
    "Plastic_suitcase_N4_3_shoreline": {
      "minContainers": 0,
      "maxContainers": 2
    },
    "Plastic_suitcase_N14_4_shoreline": {
      "minContainers": 0,
      "maxContainers": 2
    },
    "Scontainer_ammo_Grenade_N5_2_shoreline": {
      "minContainers": 0,
      "maxContainers": 2
    },
    "BagSport_N58_2_shoreline": {
      "minContainers": 0,
      "maxContainers": 2
    },
    "BagSport_N54_2_shoreline": {
      "minContainers": 0,
      "maxContainers": 2
    },
    "WeaponBox_N27_2_shoreline": {
      "minContainers": 0,
      "maxContainers": 2
    },
    "Scontainer_ammo_Grenade_N4_3_shoreline": {
      "minContainers": 0,
      "maxContainers": 2
    },
    "Plastic_suitcase_N9_2_shoreline": {
      "minContainers": 0,
      "maxContainers": 2
    },
    "WeaponBox_N7_2_shoreline": {
      "minContainers": 0,
      "maxContainers": 2
    },
    "MadBag_N22_2_shoreline": {
      "minContainers": 0,
      "maxContainers": 2
    },
    "civilian_plastic1": {
      "minContainers": 1,
      "maxContainers": 3
    },
    "MadBag_N16_3_shoreline": {
      "minContainers": 0,
      "maxContainers": 2
    },
    "WeaponBox_N23_3_shoreline": {
      "minContainers": 0,
      "maxContainers": 2
    },
    "BagSport_N22_3_shoreline": {
      "minContainers": 0,
      "maxContainers": 2
    },
    "BagSport_N52_2_shoreline": {
      "minContainers": 0,
      "maxContainers": 2
    },
    "BagSport_N17_2_shoreline": {
      "minContainers": 0,
      "maxContainers": 2
    },
    "Plastic_suitcase_N10_2_shoreline": {
      "minContainers": 0,
      "maxContainers": 2
    },
    "BagSport_N24_3_shoreline": {
      "minContainers": 0,
      "maxContainers": 2
    },
    "Plastic_suitcase_N20_3_shoreline": {
      "minContainers": 0,
      "maxContainers": 2
    },
    "Plastic_suitcase_N2_3_shoreline": {
      "minContainers": 0,
      "maxContainers": 2
    },
    "Scontainer_ammo_Grenade_N1_2_shoreline": {
      "minContainers": 0,
      "maxContainers": 2
    },
    "MadBag_N9_3_shoreline": {
      "minContainers": 0,
      "maxContainers": 2
    },
    "ToolBox_N4_2_shoreline": {
      "minContainers": 0,
      "maxContainers": 2
    },
    "BagSport_N8_2_shoreline": {
      "minContainers": 0,
      "maxContainers": 2
    },
    "WeaponBox_N13_2_shoreline": {
      "minContainers": 0,
      "maxContainers": 2
    },
    "BagSport_N42_3_shoreline": {
      "minContainers": 0,
      "maxContainers": 2
    },
    "Plastic_suitcase_N1_2_shoreline": {
      "minContainers": 0,
      "maxContainers": 2
    },
    "Plastic_suitcase_N13_2_shoreline": {
      "minContainers": 0,
      "maxContainers": 2
    },
    "BagSport_N21_5_shoreline": {
      "minContainers": 0,
      "maxContainers": 2
    },
    "ToolBox_N9_2_shoreline": {
      "minContainers": 0,
      "maxContainers": 2
    },
    "BagSport_N26_3_shoreline": {
      "minContainers": 0,
      "maxContainers": 2
    },
    "MadBag_N10_2_shoreline": {
      "minContainers": 0,
      "maxContainers": 2
    },
    "BagSport_N14_4_shoreline": {
      "minContainers": 0,
      "maxContainers": 2
    },
    "WeaponBox_N2_3_shoreline": {
      "minContainers": 0,
      "maxContainers": 2
    },
    "Plastic_suitcase_N17_2_shoreline": {
      "minContainers": 0,
      "maxContainers": 2
    },
    "bag_sport_mid_N2_3_shoreline": {
      "minContainers": 0,
      "maxContainers": 2
    },
    "Scontainer_ammo_Grenade_N6_2_shoreline": {
      "minContainers": 0,
      "maxContainers": 2
    },
    "WeaponBox_N22_2_shoreline": {
      "minContainers": 0,
      "maxContainers": 2
    },
    "MadBag_N6_2_shoreline": {
      "minContainers": 0,
      "maxContainers": 2
    },
    "WeaponBox_N16_2_shoreline": {
      "minContainers": 0,
      "maxContainers": 2
    },
    "BagSport_N50_2_shoreline": {
      "minContainers": 0,
      "maxContainers": 2
    },
    "MadBag_N20_2_shoreline": {
      "minContainers": 0,
      "maxContainers": 2
    },
    "BagSport_N43_3_shoreline": {
      "minContainers": 0,
      "maxContainers": 2
    },
    "MadBag_N5_2_shoreline": {
      "minContainers": 0,
      "maxContainers": 2
    },
    "Scontainer_ammo_wood_N1_3_shoreline": {
      "minContainers": 0,
      "maxContainers": 2
    },
    "WeaponBox_N19_3_shoreline": {
      "minContainers": 0,
      "maxContainers": 2
    },
    "BagSport_N23_4_shoreline": {
      "minContainers": 0,
      "maxContainers": 2
    },
    "BagSport_N13_5_shoreline": {
      "minContainers": 0,
      "maxContainers": 2
    },
    "MadBag_N17_2_shoreline": {
      "minContainers": 0,
      "maxContainers": 2
    },
    "Jaeger_Stash_rnd_s": {
      "minContainers": 27,
      "maxContainers": 33
    },
    "BagSport_N19_4_shoreline": {
      "minContainers": 0,
      "maxContainers": 2
    },
    "MadCase_N4_2_shoreline": {
      "minContainers": 0,
      "maxContainers": 2
    },
    "BagSport_N28_2_shoreline": {
      "minContainers": 0,
      "maxContainers": 2
    },
    "WeaponBox_N4_3_shoreline": {
      "minContainers": 0,
      "maxContainers": 2
    },
    "MadBag_N11_3_shoreline": {
      "minContainers": 0,
      "maxContainers": 2
    },
    "MadBag_N1_3_shoreline": {
      "minContainers": 0,
      "maxContainers": 2
    },
    "MadBag_N13_2_shoreline": {
      "minContainers": 0,
      "maxContainers": 2
    },
    "MadBag_N21_2_shoreline": {
      "minContainers": 0,
      "maxContainers": 2
    },
    "WeaponBox_N3_3_shoreline": {
      "minContainers": 0,
      "maxContainers": 2
    },
    "BagSport_N47_3_shoreline": {
      "minContainers": 0,
      "maxContainers": 2
    },
    "WeaponBox_N29_2_shoreline": {
      "minContainers": 0,
      "maxContainers": 2
    },
    "ToolBox_N15_2_shoreline": {
      "minContainers": 0,
      "maxContainers": 2
    },
    "WeaponBox_N21_3_shoreline": {
      "minContainers": 0,
      "maxContainers": 2
    },
    "WeaponBox_N24_2_shoreline": {
      "minContainers": 0,
      "maxContainers": 2
    },
    "BagSport_N16_4_shoreline": {
      "minContainers": 0,
      "maxContainers": 2
    },
    "Scontainer_ammo_Grenade_N7_4": {
      "minContainers": 0,
      "maxContainers": 2
    },
    "BagSport_N31_3_shoreline": {
      "minContainers": 0,
      "maxContainers": 2
    },
    "BagSport_N6_2_shoreline": {
      "minContainers": 0,
      "maxContainers": 2
    },
    "WeaponBox_N15_3_shoreline": {
      "minContainers": 0,
      "maxContainers": 2
    },
    "WeaponBox_N14_3_shoreline": {
      "minContainers": 0,
      "maxContainers": 2
    },
    "BagSport_N38_3_shoreline": {
      "minContainers": 0,
      "maxContainers": 2
    },
    "BagSport_N56_3_shoreline": {
      "minContainers": 0,
      "maxContainers": 2
    },
    "ToolBox_N16_2_shoreline": {
      "minContainers": 0,
      "maxContainers": 2
    },
    "BagSport_N7_2_shoreline": {
      "minContainers": 0,
      "maxContainers": 2
    },
    "MadBag_N14_2_shoreline": {
      "minContainers": 0,
      "maxContainers": 2
    },
    "BagSport_N32_3_shoreline": {
      "minContainers": 0,
      "maxContainers": 2
    },
    "BagSport_N55_3_shoreline": {
      "minContainers": 0,
      "maxContainers": 2
    },
    "BagSport_N49_3_shoreline": {
      "minContainers": 0,
      "maxContainers": 2
    },
    "WeaponBox_N18_3_shoreline": {
      "minContainers": 0,
      "maxContainers": 2
    },
    "ToolBox_N8_2_shoreline": {
      "minContainers": 0,
      "maxContainers": 2
    },
    "Plastic_suitcase_N15_2_shoreline": {
      "minContainers": 0,
      "maxContainers": 2
    },
    "BagSport_N4_2_shoreline": {
      "minContainers": 0,
      "maxContainers": 2
    },
    "Plastic_suitcase_N11_2_shoreline": {
      "minContainers": 0,
      "maxContainers": 2
    },
    "MadBag_N12_2_shoreline": {
      "minContainers": 0,
      "maxContainers": 2
    },
    "Plastic_suitcase_64_open_P_forest": {
      "minContainers": 3,
      "maxContainers": 4
    },
    "ToolBox_lootable_forest": {
      "minContainers": 3,
      "maxContainers": 5
    },
    "BagSport_N44_2_shoreline": {
      "minContainers": 0,
      "maxContainers": 2
    },
    "WeaponBox_N32_2_shoreline": {
      "minContainers": 0,
      "maxContainers": 2
    },
    "BagSport_N1_2_shoreline": {
      "minContainers": 0,
      "maxContainers": 2
    },
    "Plastic_suitcase_N5_4_shoreline": {
      "minContainers": 0,
      "maxContainers": 2
    },
    "Scontainer_ammo_wood_N3_2_shoreline": {
      "minContainers": 0,
      "maxContainers": 2
    },
    "WeaponBox_N1_2_shoreline": {
      "minContainers": 0,
      "maxContainers": 2
    },
    "bag_sport_varios_N3_4_shoreline": {
      "minContainers": 0,
      "maxContainers": 2
    },
    "BagSport_N59_3_shoreline": {
      "minContainers": 0,
      "maxContainers": 2
    },
    "Plastic_suitcase_N16_3_shoreline": {
      "minContainers": 0,
      "maxContainers": 2
    },
    "ToolBox_N2_2_shoreline": {
      "minContainers": 0,
      "maxContainers": 2
    },
    "vill_boxes": {
      "minContainers": 1,
      "maxContainers": 3
    },
    "BagSport_N36_2_shoreline": {
      "minContainers": 0,
      "maxContainers": 2
    },
    "Plastic_suitcase_N27_4": {
      "minContainers": 1,
      "maxContainers": 2
    },
    "ToolBox_N7_2_shoreline": {
      "minContainers": 0,
      "maxContainers": 2
    },
    "MadBag_N4_2_shoreline": {
      "minContainers": 0,
      "maxContainers": 2
    },
    "WeaponBox_N25_2_shoreline": {
      "minContainers": 0,
      "maxContainers": 2
    },
    "BagSport_N35_3_shoreline": {
      "minContainers": 0,
      "maxContainers": 2
    },
    "bag_sport_lux_N1_2_shoreline": {
      "minContainers": 0,
      "maxContainers": 2
    },
    "BagSport_N46_4_shoreline": {
      "minContainers": 0,
      "maxContainers": 2
    },
    "WeaponBox_N17_3_shoreline": {
      "minContainers": 0,
      "maxContainers": 2
    },
    "ToolBox_N5_2_shoreline": {
      "minContainers": 0,
      "maxContainers": 2
    },
    "MadCase_N1_2_shoreline": {
      "minContainers": 0,
      "maxContainers": 2
    },
    "ToolBox_N6_2_shoreline": {
      "minContainers": 0,
      "maxContainers": 2
    },
    "MadBag_N19_3_shoreline": {
      "minContainers": 0,
      "maxContainers": 2
    },
    "MadBag_N2_3_shoreline": {
      "minContainers": 0,
      "maxContainers": 2
    },
    "Plastic_suitcase_N7_4_shoreline": {
      "minContainers": 0,
      "maxContainers": 2
    }
  },
  "containers": {
    "container_Shoreline_South_00000": {
      "groupId": ""
    },
    "container_shoreline_DesignStuff_00146": {
      "groupId": ""
    },
    "Lootable_00000": {
      "groupId": "jackets_extention"
    },
    "container_shoreline_DesignStuff_00067": {
      "groupId": ""
    },
    "container_shoreline_DesignStuff_00068": {
      "groupId": ""
    },
    "container_shoreline_DesignStuff_00066": {
      "groupId": ""
    },
    "container_shoreline_DesignStuff_00065": {
      "groupId": ""
    },
    "container_shoreline_DesignStuff_00100": {
      "groupId": ""
    },
    "container_shoreline_DesignStuff_00099": {
      "groupId": ""
    },
    "container_shoreline_DesignStuff_00097": {
      "groupId": ""
    },
    "container_shoreline_DesignStuff_00098": {
      "groupId": ""
    },
    "container_shoreline_DesignStuff_00062": {
      "groupId": ""
    },
    "container_shoreline_DesignStuff_00061": {
      "groupId": ""
    },
    "container_shoreline_DesignStuff_00063": {
      "groupId": ""
    },
    "container_shoreline_DesignStuff_00064": {
      "groupId": ""
    },
    "container_shoreline_DesignStuff_00143": {
      "groupId": ""
    },
    "Lootable_00002": {
      "groupId": ""
    },
    "container_shoreline_DesignStuff_00132": {
      "groupId": ""
    },
    "container_shoreline_DesignStuff_00130": {
      "groupId": ""
    },
    "container_shoreline_DesignStuff_00686": {
      "groupId": "jackets_extention"
    },
    "container_shoreline_DesignStuff_00125": {
      "groupId": ""
    },
    "container_shoreline_DesignStuff_00145": {
      "groupId": ""
    },
    "container_shoreline_DesignStuff_00124": {
      "groupId": ""
    },
    "container_shoreline_DesignStuff_00153": {
      "groupId": ""
    },
    "Lootable_00007": {
      "groupId": ""
    },
    "Lootable_00008": {
      "groupId": ""
    },
    "Lootable_00006": {
      "groupId": ""
    },
    "Lootable_00005": {
      "groupId": ""
    },
    "container_shoreline_DesignStuff_00127": {
      "groupId": ""
    },
    "container_shoreline_DesignStuff_00074": {
      "groupId": ""
    },
    "container_shoreline_DesignStuff_00073": {
      "groupId": ""
    },
    "container_shoreline_DesignStuff_00075": {
      "groupId": ""
    },
    "container_shoreline_DesignStuff_00076": {
      "groupId": ""
    },
    "container_shoreline_DesignStuff_00144": {
      "groupId": ""
    },
    "container_shoreline_DesignStuff_00140": {
      "groupId": ""
    },
    "container_shoreline_DesignStuff_00135": {
      "groupId": ""
    },
    "container_shoreline_DesignStuff_00091": {
      "groupId": ""
    },
    "container_shoreline_DesignStuff_00092": {
      "groupId": ""
    },
    "container_shoreline_DesignStuff_00090": {
      "groupId": ""
    },
    "container_shoreline_DesignStuff_00089": {
      "groupId": ""
    },
    "Lootable_00009": {
      "groupId": "jackets_extention"
    },
    "container_shoreline_DesignStuff_00133": {
      "groupId": ""
    },
    "container_shoreline_DesignStuff_00131": {
      "groupId": ""
    },
    "container_shoreline_DesignStuff_00126": {
      "groupId": ""
    },
    "container_shoreline_DesignStuff_00070": {
      "groupId": ""
    },
    "container_shoreline_DesignStuff_00069": {
      "groupId": ""
    },
    "container_shoreline_DesignStuff_00071": {
      "groupId": ""
    },
    "container_shoreline_DesignStuff_00072": {
      "groupId": ""
    },
    "container_shoreline_DesignStuff_00148": {
      "groupId": ""
    },
    "container_shoreline_DesignStuff_00139": {
      "groupId": ""
    },
    "container_shoreline_DesignStuff_00141": {
      "groupId": ""
    },
    "container_shoreline_DesignStuff_00150": {
      "groupId": ""
    },
    "container_shoreline_DesignStuff_00149": {
      "groupId": ""
    },
    "container_shoreline_DesignStuff_00086": {
      "groupId": ""
    },
    "container_shoreline_DesignStuff_00085": {
      "groupId": ""
    },
    "container_shoreline_DesignStuff_00087": {
      "groupId": ""
    },
    "container_shoreline_DesignStuff_00088": {
      "groupId": ""
    },
    "container_shoreline_DesignStuff_00136": {
      "groupId": ""
    },
    "container_shoreline_DesignStuff_00123": {
      "groupId": ""
    },
    "container_shoreline_DesignStuff_00129": {
      "groupId": ""
    },
    "container_shoreline_DesignStuff_00137": {
      "groupId": ""
    },
    "container_shoreline_DesignStuff_00134": {
      "groupId": ""
    },
    "container_shoreline_DesignStuff_00084": {
      "groupId": ""
    },
    "container_shoreline_DesignStuff_00083": {
      "groupId": ""
    },
    "container_shoreline_DesignStuff_00081": {
      "groupId": ""
    },
    "container_shoreline_DesignStuff_00082": {
      "groupId": ""
    },
    "container_shoreline_DesignStuff_00095": {
      "groupId": ""
    },
    "container_shoreline_DesignStuff_00096": {
      "groupId": ""
    },
    "container_shoreline_DesignStuff_00094": {
      "groupId": ""
    },
    "container_shoreline_DesignStuff_00093": {
      "groupId": ""
    },
    "container_shoreline_DesignStuff_00077": {
      "groupId": ""
    },
    "container_shoreline_DesignStuff_00078": {
      "groupId": ""
    },
    "container_shoreline_DesignStuff_00080": {
      "groupId": ""
    },
    "container_shoreline_DesignStuff_00079": {
      "groupId": ""
    },
    "container_shoreline_DesignStuff_00152": {
      "groupId": ""
    },
    "container_shoreline_DesignStuff_00128": {
      "groupId": ""
    },
    "container_shoreline_DesignStuff_00138": {
      "groupId": ""
    },
    "Lootable_00001": {
      "groupId": "jackets_extention"
    },
    "container_shoreline_DesignStuff_00687": {
      "groupId": "jackets_extention"
    },
    "container_shoreline_DesignStuff_00142": {
      "groupId": ""
    },
    "container_shoreline_DesignStuff_00147": {
      "groupId": ""
    },
    "container_shoreline_DesignStuff_00151": {
      "groupId": ""
    },
    "container_shoreline_DesignStuff_00729": {
      "groupId": ""
    },
    "container_shoreline_DesignStuff_00114": {
      "groupId": ""
    },
    "container_shoreline_DesignStuff_00115": {
      "groupId": ""
    },
    "container_shoreline_DesignStuff_00116": {
      "groupId": ""
    },
    "container_shoreline_DesignStuff_00113": {
      "groupId": ""
    },
    "container_shoreline_DesignStuff_00120": {
      "groupId": ""
    },
    "container_shoreline_DesignStuff_00119": {
      "groupId": ""
    },
    "container_shoreline_DesignStuff_00121": {
      "groupId": ""
    },
    "container_shoreline_DesignStuff_00122": {
      "groupId": ""
    },
    "container_shoreline_DesignStuff_00117": {
      "groupId": ""
    },
    "container_shoreline_DesignStuff_00118": {
      "groupId": ""
    },
    "container_shoreline_DesignStuff_00040": {
      "groupId": "Jaeger_Stash_rnd_s"
    },
    "container_shoreline_DesignStuff_00003": {
      "groupId": "Jaeger_Stash_rnd_s"
    },
    "container_shoreline_DesignStuff_00005": {
      "groupId": "Jaeger_Stash_rnd_s"
    },
    "container_shoreline_DesignStuff_00044": {
      "groupId": "Jaeger_Stash_rnd_s"
    },
    "container_shoreline_DesignStuff_00009": {
      "groupId": "Jaeger_Stash_rnd_s"
    },
    "container_shoreline_DesignStuff_00019": {
      "groupId": "Jaeger_Stash_rnd_s"
    },
    "container_shoreline_DesignStuff_00052": {
      "groupId": "Jaeger_Stash_rnd_s"
    },
    "container_shoreline_DesignStuff_00001": {
      "groupId": "Jaeger_Stash_rnd_s"
    },
    "container_shoreline_DesignStuff_00010": {
      "groupId": "Jaeger_Stash_rnd_s"
    },
    "container_shoreline_DesignStuff_00002": {
      "groupId": "Jaeger_Stash_rnd_s"
    },
    "container_shoreline_DesignStuff_00011": {
      "groupId": "Jaeger_Stash_rnd_s"
    },
    "container_shoreline_DesignStuff_00049": {
      "groupId": "Jaeger_Stash_rnd_s"
    },
    "container_shoreline_DesignStuff_00012": {
      "groupId": "Jaeger_Stash_rnd_s"
    },
    "container_shoreline_DesignStuff_00014": {
      "groupId": "Jaeger_Stash_rnd_s"
    },
    "container_shoreline_DesignStuff_00042": {
      "groupId": "Jaeger_Stash_rnd_s"
    },
    "container_shoreline_DesignStuff_00013": {
      "groupId": "Jaeger_Stash_rnd_s"
    },
    "container_shoreline_DesignStuff_00006": {
      "groupId": "Jaeger_Stash_rnd_s"
    },
    "Lootable_00072": {
      "groupId": "Jaeger_Stash_rnd_s"
    },
    "container_shoreline_DesignStuff_00054": {
      "groupId": "Jaeger_Stash_rnd_s"
    },
    "container_shoreline_DesignStuff_00021": {
      "groupId": "Jaeger_Stash_rnd_s"
    },
    "container_shoreline_DesignStuff_00016": {
      "groupId": "Jaeger_Stash_rnd_s"
    },
    "container_shoreline_DesignStuff_00015": {
      "groupId": "Jaeger_Stash_rnd_s"
    },
    "container_shoreline_DesignStuff_00020": {
      "groupId": "Jaeger_Stash_rnd_s"
    },
    "container_shoreline_DesignStuff_00017": {
      "groupId": "Jaeger_Stash_rnd_s"
    },
    "container_shoreline_DesignStuff_00004": {
      "groupId": "Jaeger_Stash_rnd_s"
    },
    "container_shoreline_DesignStuff_00008": {
      "groupId": "Jaeger_Stash_rnd_s"
    },
    "container_shoreline_DesignStuff_00022": {
      "groupId": "Jaeger_Stash_rnd_s"
    },
    "container_shoreline_DesignStuff_00000": {
      "groupId": "Jaeger_Stash_rnd_s"
    },
    "container_shoreline_DesignStuff_00007": {
      "groupId": "Jaeger_Stash_rnd_s"
    },
    "container_shoreline_DesignStuff_00018": {
      "groupId": "Jaeger_Stash_rnd_s"
    },
    "container_shoreline_DesignStuff_00057": {
      "groupId": "Jaeger_Stash_rnd_s"
    },
    "container_shoreline_DesignStuff_00407": {
      "groupId": "BagSport_N25_3_shoreline"
    },
    "container_shoreline_DesignStuff_00409": {
      "groupId": "BagSport_N25_3_shoreline"
    },
    "container_shoreline_DesignStuff_00400": {
      "groupId": "BagSport_N23_4_shoreline"
    },
    "container_shoreline_DesignStuff_00496": {
      "groupId": "BagSport_N57_3_shoreline"
    },
    "container_shoreline_DesignStuff_00339": {
      "groupId": "BagSport_N5_2_shoreline"
    },
    "container_shoreline_DesignStuff_00368": {
      "groupId": "BagSport_N14_4_shoreline"
    },
    "container_shoreline_DesignStuff_00380": {
      "groupId": "BagSport_N18_4_shoreline"
    },
    "container_shoreline_DesignStuff_00498": {
      "groupId": "BagSport_N58_2_shoreline"
    },
    "container_shoreline_DesignStuff_00417": {
      "groupId": "BagSport_N28_2_shoreline"
    },
    "container_shoreline_DesignStuff_00239": {
      "groupId": "bag_sport_varios_N2_3_shoreline"
    },
    "container_shoreline_DesignStuff_00391": {
      "groupId": "BagSport_N20_4_shoreline"
    },
    "container_shoreline_DesignStuff_00464": {
      "groupId": "BagSport_N45_3_shoreline"
    },
    "container_shoreline_DesignStuff_00238": {
      "groupId": "bag_sport_varios_N1_3_shoreline"
    },
    "container_shoreline_DesignStuff_00362": {
      "groupId": "BagSport_N13_5_shoreline"
    },
    "container_shoreline_DesignStuff_00472": {
      "groupId": "BagSport_N47_3_shoreline"
    },
    "container_shoreline_DesignStuff_00428": {
      "groupId": "BagSport_N33_4_shoreline"
    },
    "container_shoreline_DesignStuff_00389": {
      "groupId": "BagSport_N20_4_shoreline"
    },
    "container_shoreline_DesignStuff_00218": {
      "groupId": ""
    },
    "container_shoreline_DesignStuff_00471": {
      "groupId": "BagSport_N47_3_shoreline"
    },
    "container_shoreline_DesignStuff_00199": {
      "groupId": "bag_sport_lux_N1_2_shoreline"
    },
    "container_shoreline_DesignStuff_00454": {
      "groupId": "BagSport_N41_3_shoreline"
    },
    "container_shoreline_DesignStuff_00361": {
      "groupId": "BagSport_N13_5_shoreline"
    },
    "container_shoreline_DesignStuff_00460": {
      "groupId": "BagSport_N43_3_shoreline"
    },
    "container_shoreline_DesignStuff_00501": {
      "groupId": "BagSport_N59_3_shoreline"
    },
    "container_shoreline_DesignStuff_00335": {
      "groupId": "BagSport_N3_2_shoreline"
    },
    "container_shoreline_DesignStuff_00495": {
      "groupId": "BagSport_N57_3_shoreline"
    },
    "container_shoreline_DesignStuff_00393": {
      "groupId": "BagSport_N21_5_shoreline"
    },
    "container_shoreline_DesignStuff_00237": {
      "groupId": "bag_sport_varios_N1_3_shoreline"
    },
    "container_shoreline_DesignStuff_00388": {
      "groupId": "BagSport_N20_4_shoreline"
    },
    "container_shoreline_DesignStuff_00372": {
      "groupId": "BagSport_N15_4_shoreline"
    },
    "container_shoreline_DesignStuff_00363": {
      "groupId": "BagSport_N13_5_shoreline"
    },
    "container_shoreline_DesignStuff_00461": {
      "groupId": "BagSport_N43_3_shoreline"
    },
    "container_shoreline_DesignStuff_00349": {
      "groupId": "BagSport_N9_4_shoreline"
    },
    "container_shoreline_DesignStuff_00415": {
      "groupId": "BagSport_N27_3_shoreline"
    },
    "container_shoreline_DesignStuff_00467": {
      "groupId": "BagSport_N46_4_shoreline"
    },
    "container_shoreline_DesignStuff_00374": {
      "groupId": "BagSport_N16_4_shoreline"
    },
    "container_shoreline_DesignStuff_00343": {
      "groupId": "BagSport_N7_2_shoreline"
    },
    "container_shoreline_DesignStuff_00432": {
      "groupId": "BagSport_N34_4_shoreline"
    },
    "container_shoreline_DesignStuff_00452": {
      "groupId": "BagSport_N40_4_shoreline"
    },
    "container_shoreline_DesignStuff_00364": {
      "groupId": "BagSport_N13_5_shoreline"
    },
    "container_shoreline_DesignStuff_00386": {
      "groupId": "BagSport_N19_4_shoreline"
    },
    "container_shoreline_DesignStuff_00414": {
      "groupId": "BagSport_N27_3_shoreline"
    },
    "container_shoreline_DesignStuff_00356": {
      "groupId": "BagSport_N11_3_shoreline"
    },
    "container_shoreline_DesignStuff_00456": {
      "groupId": "BagSport_N42_3_shoreline"
    },
    "container_shoreline_DesignStuff_00235": {
      "groupId": "bag_sport_mid_N2_3_shoreline"
    },
    "container_shoreline_DesignStuff_00431": {
      "groupId": "BagSport_N33_4_shoreline"
    },
    "container_shoreline_DesignStuff_00396": {
      "groupId": "BagSport_N21_5_shoreline"
    },
    "container_shoreline_DesignStuff_00447": {
      "groupId": "BagSport_N39_3_shoreline"
    },
    "container_shoreline_DesignStuff_00345": {
      "groupId": "BagSport_N8_2_shoreline"
    },
    "container_shoreline_DesignStuff_00344": {
      "groupId": "BagSport_N7_2_shoreline"
    },
    "container_shoreline_DesignStuff_00412": {
      "groupId": "BagSport_N26_3_shoreline"
    },
    "container_shoreline_DesignStuff_00445": {
      "groupId": "BagSport_N38_3_shoreline"
    },
    "container_shoreline_DesignStuff_00443": {
      "groupId": "BagSport_N38_3_shoreline"
    },
    "container_shoreline_DesignStuff_00352": {
      "groupId": "BagSport_N10_4_shoreline"
    },
    "container_shoreline_DesignStuff_00385": {
      "groupId": "BagSport_N19_4_shoreline"
    },
    "container_shoreline_DesignStuff_00398": {
      "groupId": "BagSport_N22_3_shoreline"
    },
    "container_shoreline_DesignStuff_00189": {
      "groupId": "bag_BUG_N1_3_shoreline"
    },
    "container_shoreline_DesignStuff_00236": {
      "groupId": "bag_sport_varios_N1_3_shoreline"
    },
    "container_shoreline_DesignStuff_00387": {
      "groupId": "BagSport_N19_4_shoreline"
    },
    "container_shoreline_DesignStuff_00340": {
      "groupId": "BagSport_N5_2_shoreline"
    },
    "container_shoreline_DesignStuff_00493": {
      "groupId": "BagSport_N56_3_shoreline"
    },
    "container_shoreline_DesignStuff_00441": {
      "groupId": "BagSport_N37_2_shoreline"
    },
    "container_shoreline_DesignStuff_00333": {
      "groupId": "BagSport_N2_3_shoreline"
    },
    "container_shoreline_DesignStuff_00440": {
      "groupId": "BagSport_N36_2_shoreline"
    },
    "container_shoreline_DesignStuff_00346": {
      "groupId": "BagSport_N8_2_shoreline"
    },
    "container_shoreline_DesignStuff_00453": {
      "groupId": "BagSport_N41_3_shoreline"
    },
    "container_shoreline_DesignStuff_00233": {
      "groupId": "bag_sport_mid_N2_3_shoreline"
    },
    "container_shoreline_DesignStuff_00457": {
      "groupId": "BagSport_N42_3_shoreline"
    },
    "container_shoreline_DesignStuff_00341": {
      "groupId": "BagSport_N6_2_shoreline"
    },
    "container_shoreline_DesignStuff_00465": {
      "groupId": "BagSport_N45_3_shoreline"
    },
    "container_shoreline_DesignStuff_00383": {
      "groupId": "BagSport_N18_4_shoreline"
    },
    "container_shoreline_DesignStuff_00375": {
      "groupId": "BagSport_N16_4_shoreline"
    },
    "container_shoreline_DesignStuff_00365": {
      "groupId": "BagSport_N13_5_shoreline"
    },
    "container_shoreline_DesignStuff_00449": {
      "groupId": "BagSport_N40_4_shoreline"
    },
    "container_shoreline_DesignStuff_00410": {
      "groupId": "BagSport_N26_3_shoreline"
    },
    "container_shoreline_DesignStuff_00442": {
      "groupId": "BagSport_N37_2_shoreline"
    },
    "container_shoreline_DesignStuff_00422": {
      "groupId": "BagSport_N31_3_shoreline"
    },
    "container_shoreline_DesignStuff_00187": {
      "groupId": "bag_BUG_N1_3_shoreline"
    },
    "container_shoreline_DesignStuff_00469": {
      "groupId": "BagSport_N46_4_shoreline"
    },
    "container_shoreline_DesignStuff_00740": {
      "groupId": "BagSport_N44_2_shoreline"
    },
    "container_shoreline_DesignStuff_00488": {
      "groupId": "BagSport_N54_2_shoreline"
    },
    "container_shoreline_DesignStuff_00408": {
      "groupId": "BagSport_N25_3_shoreline"
    },
    "container_shoreline_DesignStuff_00411": {
      "groupId": "BagSport_N26_3_shoreline"
    },
    "container_shoreline_DesignStuff_00463": {
      "groupId": "BagSport_N45_3_shoreline"
    },
    "container_shoreline_DesignStuff_00492": {
      "groupId": "BagSport_N56_3_shoreline"
    },
    "container_shoreline_DesignStuff_00435": {
      "groupId": "BagSport_N34_4_shoreline"
    },
    "container_shoreline_DesignStuff_00353": {
      "groupId": "BagSport_N10_4_shoreline"
    },
    "container_shoreline_DesignStuff_00421": {
      "groupId": "BagSport_N30_2_shoreline"
    },
    "container_shoreline_DesignStuff_00478": {
      "groupId": "BagSport_N49_3_shoreline"
    },
    "container_shoreline_DesignStuff_00348": {
      "groupId": "BagSport_N9_4_shoreline"
    },
    "container_shoreline_DesignStuff_00487": {
      "groupId": "BagSport_N54_2_shoreline"
    },
    "container_shoreline_DesignStuff_00359": {
      "groupId": "BagSport_N12_3_shoreline"
    },
    "container_shoreline_DesignStuff_00497": {
      "groupId": "BagSport_N57_3_shoreline"
    },
    "container_shoreline_DesignStuff_00240": {
      "groupId": "bag_sport_varios_N2_3_shoreline"
    },
    "container_shoreline_DesignStuff_00384": {
      "groupId": "BagSport_N19_4_shoreline"
    },
    "container_shoreline_DesignStuff_00473": {
      "groupId": "BagSport_N48_3_shoreline"
    },
    "container_shoreline_DesignStuff_00439": {
      "groupId": "BagSport_N36_2_shoreline"
    },
    "container_shoreline_DesignStuff_00330": {
      "groupId": "BagSport_N1_2_shoreline"
    },
    "container_shoreline_DesignStuff_00360": {
      "groupId": "BagSport_N12_3_shoreline"
    },
    "container_shoreline_DesignStuff_00337": {
      "groupId": "BagSport_N4_2_shoreline"
    },
    "container_shoreline_DesignStuff_00382": {
      "groupId": "BagSport_N18_4_shoreline"
    },
    "container_shoreline_DesignStuff_00241": {
      "groupId": "bag_sport_varios_N2_3_shoreline"
    },
    "container_shoreline_DesignStuff_00430": {
      "groupId": "BagSport_N33_4_shoreline"
    },
    "container_shoreline_DesignStuff_00462": {
      "groupId": "BagSport_N44_2_shoreline"
    },
    "container_shoreline_DesignStuff_00234": {
      "groupId": "bag_sport_mid_N2_3_shoreline"
    },
    "container_shoreline_DesignStuff_00357": {
      "groupId": "BagSport_N11_3_shoreline"
    },
    "container_shoreline_DesignStuff_00367": {
      "groupId": "BagSport_N14_4_shoreline"
    },
    "container_shoreline_DesignStuff_00427": {
      "groupId": "BagSport_N32_3_shoreline"
    },
    "container_shoreline_DesignStuff_00331": {
      "groupId": "BagSport_N1_2_shoreline"
    },
    "container_shoreline_DesignStuff_00489": {
      "groupId": "BagSport_N55_3_shoreline"
    },
    "container_shoreline_DesignStuff_00243": {
      "groupId": "bag_sport_varios_N3_4_shoreline"
    },
    "container_shoreline_DesignStuff_00392": {
      "groupId": "BagSport_N21_5_shoreline"
    },
    "container_shoreline_DesignStuff_00480": {
      "groupId": "BagSport_N50_2_shoreline"
    },
    "container_shoreline_DesignStuff_00219": {
      "groupId": ""
    },
    "container_shoreline_DesignStuff_00468": {
      "groupId": "BagSport_N46_4_shoreline"
    },
    "container_shoreline_DesignStuff_00470": {
      "groupId": "BagSport_N47_3_shoreline"
    },
    "container_shoreline_DesignStuff_00479": {
      "groupId": "BagSport_N50_2_shoreline"
    },
    "container_shoreline_DesignStuff_00490": {
      "groupId": "BagSport_N55_3_shoreline"
    },
    "container_shoreline_DesignStuff_00474": {
      "groupId": "BagSport_N48_3_shoreline"
    },
    "container_shoreline_DesignStuff_00444": {
      "groupId": "BagSport_N38_3_shoreline"
    },
    "container_shoreline_DesignStuff_00416": {
      "groupId": "BagSport_N28_2_shoreline"
    },
    "container_shoreline_DesignStuff_00370": {
      "groupId": "BagSport_N15_4_shoreline"
    },
    "container_shoreline_DesignStuff_00242": {
      "groupId": "bag_sport_varios_N3_4_shoreline"
    },
    "container_shoreline_DesignStuff_00230": {
      "groupId": "bag_sport_mid_N1_3_shoreline"
    },
    "container_shoreline_DesignStuff_00437": {
      "groupId": "BagSport_N35_3_shoreline"
    },
    "container_shoreline_DesignStuff_00332": {
      "groupId": "BagSport_N2_3_shoreline"
    },
    "container_shoreline_DesignStuff_00485": {
      "groupId": "BagSport_N53_2_shoreline"
    },
    "container_shoreline_DesignStuff_00466": {
      "groupId": "BagSport_N46_4_shoreline"
    },
    "container_shoreline_DesignStuff_00477": {
      "groupId": "BagSport_N49_3_shoreline"
    },
    "container_shoreline_DesignStuff_00338": {
      "groupId": "BagSport_N4_2_shoreline"
    },
    "container_shoreline_DesignStuff_00406": {
      "groupId": "BagSport_N24_3_shoreline"
    },
    "container_shoreline_DesignStuff_00491": {
      "groupId": "BagSport_N55_3_shoreline"
    },
    "container_shoreline_DesignStuff_00401": {
      "groupId": "BagSport_N23_4_shoreline"
    },
    "container_shoreline_DesignStuff_00244": {
      "groupId": "bag_sport_varios_N3_4_shoreline"
    },
    "container_shoreline_DesignStuff_00231": {
      "groupId": "bag_sport_mid_N1_3_shoreline"
    },
    "container_shoreline_DesignStuff_00450": {
      "groupId": "BagSport_N40_4_shoreline"
    },
    "container_shoreline_DesignStuff_00366": {
      "groupId": "BagSport_N14_4_shoreline"
    },
    "container_Test_for_export_00000": {
      "groupId": "BagSport_N59_3_shoreline"
    },
    "container_shoreline_DesignStuff_00419": {
      "groupId": "BagSport_N29_2_shoreline"
    },
    "container_shoreline_DesignStuff_00448": {
      "groupId": "BagSport_N39_3_shoreline"
    },
    "container_shoreline_DesignStuff_00500": {
      "groupId": "BagSport_N59_3_shoreline"
    },
    "container_shoreline_DesignStuff_00404": {
      "groupId": "BagSport_N24_3_shoreline"
    },
    "container_shoreline_DesignStuff_00342": {
      "groupId": "BagSport_N6_2_shoreline"
    },
    "container_shoreline_DesignStuff_00347": {
      "groupId": "BagSport_N9_4_shoreline"
    },
    "container_shoreline_DesignStuff_00354": {
      "groupId": "BagSport_N10_4_shoreline"
    },
    "container_shoreline_DesignStuff_00397": {
      "groupId": "BagSport_N22_3_shoreline"
    },
    "container_shoreline_DesignStuff_00232": {
      "groupId": "bag_sport_mid_N1_3_shoreline"
    },
    "container_shoreline_DesignStuff_00245": {
      "groupId": "bag_sport_varios_N3_4_shoreline"
    },
    "container_shoreline_DesignStuff_00425": {
      "groupId": "BagSport_N32_3_shoreline"
    },
    "container_shoreline_DesignStuff_00369": {
      "groupId": "BagSport_N14_4_shoreline"
    },
    "container_shoreline_DesignStuff_00402": {
      "groupId": "BagSport_N23_4_shoreline"
    },
    "container_shoreline_DesignStuff_00482": {
      "groupId": "BagSport_N51_2_shoreline"
    },
    "container_shoreline_DesignStuff_00446": {
      "groupId": "BagSport_N39_3_shoreline"
    },
    "container_shoreline_DesignStuff_00405": {
      "groupId": "BagSport_N24_3_shoreline"
    },
    "container_shoreline_DesignStuff_00436": {
      "groupId": "BagSport_N35_3_shoreline"
    },
    "container_shoreline_DesignStuff_00455": {
      "groupId": "BagSport_N41_3_shoreline"
    },
    "container_shoreline_DesignStuff_00355": {
      "groupId": "BagSport_N11_3_shoreline"
    },
    "container_shoreline_DesignStuff_00381": {
      "groupId": "BagSport_N18_4_shoreline"
    },
    "container_shoreline_DesignStuff_00376": {
      "groupId": "BagSport_N16_4_shoreline"
    },
    "container_shoreline_DesignStuff_00395": {
      "groupId": "BagSport_N21_5_shoreline"
    },
    "container_shoreline_DesignStuff_00399": {
      "groupId": "BagSport_N22_3_shoreline"
    },
    "container_shoreline_DesignStuff_00377": {
      "groupId": "BagSport_N16_4_shoreline"
    },
    "container_shoreline_DesignStuff_00334": {
      "groupId": "BagSport_N2_3_shoreline"
    },
    "container_shoreline_DesignStuff_00494": {
      "groupId": "BagSport_N56_3_shoreline"
    },
    "container_shoreline_DesignStuff_00429": {
      "groupId": "BagSport_N33_4_shoreline"
    },
    "container_shoreline_DesignStuff_00484": {
      "groupId": "BagSport_N52_2_shoreline"
    },
    "container_shoreline_DesignStuff_00499": {
      "groupId": "BagSport_N58_2_shoreline"
    },
    "container_shoreline_DesignStuff_00423": {
      "groupId": "BagSport_N31_3_shoreline"
    },
    "container_shoreline_DesignStuff_00458": {
      "groupId": "BagSport_N42_3_shoreline"
    },
    "container_shoreline_DesignStuff_00426": {
      "groupId": "BagSport_N32_3_shoreline"
    },
    "container_shoreline_DesignStuff_00188": {
      "groupId": "bag_BUG_N1_3_shoreline"
    },
    "container_shoreline_DesignStuff_00358": {
      "groupId": "BagSport_N12_3_shoreline"
    },
    "container_shoreline_DesignStuff_00373": {
      "groupId": "BagSport_N15_4_shoreline"
    },
    "container_shoreline_DesignStuff_00403": {
      "groupId": "BagSport_N23_4_shoreline"
    },
    "container_shoreline_DesignStuff_00434": {
      "groupId": "BagSport_N34_4_shoreline"
    },
    "container_shoreline_DesignStuff_00371": {
      "groupId": "BagSport_N15_4_shoreline"
    },
    "container_shoreline_DesignStuff_00351": {
      "groupId": "BagSport_N10_4_shoreline"
    },
    "container_shoreline_DesignStuff_00433": {
      "groupId": "BagSport_N34_4_shoreline"
    },
    "container_shoreline_DesignStuff_00481": {
      "groupId": "BagSport_N51_2_shoreline"
    },
    "container_shoreline_DesignStuff_00486": {
      "groupId": "BagSport_N53_2_shoreline"
    },
    "container_shoreline_DesignStuff_00390": {
      "groupId": "BagSport_N20_4_shoreline"
    },
    "container_shoreline_DesignStuff_00200": {
      "groupId": "bag_sport_lux_N1_2_shoreline"
    },
    "container_shoreline_DesignStuff_00378": {
      "groupId": "BagSport_N17_2_shoreline"
    },
    "container_shoreline_DesignStuff_00483": {
      "groupId": "BagSport_N52_2_shoreline"
    },
    "container_shoreline_DesignStuff_00336": {
      "groupId": "BagSport_N3_2_shoreline"
    },
    "container_shoreline_DesignStuff_00413": {
      "groupId": "BagSport_N27_3_shoreline"
    },
    "container_shoreline_DesignStuff_00459": {
      "groupId": "BagSport_N43_3_shoreline"
    },
    "container_shoreline_DesignStuff_00451": {
      "groupId": "BagSport_N40_4_shoreline"
    },
    "container_shoreline_DesignStuff_00476": {
      "groupId": "BagSport_N49_3_shoreline"
    },
    "container_shoreline_DesignStuff_00475": {
      "groupId": "BagSport_N48_3_shoreline"
    },
    "container_shoreline_DesignStuff_00420": {
      "groupId": "BagSport_N30_2_shoreline"
    },
    "container_shoreline_DesignStuff_00394": {
      "groupId": "BagSport_N21_5_shoreline"
    },
    "container_shoreline_DesignStuff_00350": {
      "groupId": "BagSport_N9_4_shoreline"
    },
    "container_shoreline_DesignStuff_00424": {
      "groupId": "BagSport_N31_3_shoreline"
    },
    "container_shoreline_DesignStuff_00379": {
      "groupId": "BagSport_N17_2_shoreline"
    },
    "container_shoreline_DesignStuff_00438": {
      "groupId": "BagSport_N35_3_shoreline"
    },
    "container_shoreline_DesignStuff_00035": {
      "groupId": "Jaeger_Stash_rnd_s"
    },
    "container_shoreline_DesignStuff_00031": {
      "groupId": "Jaeger_Stash_rnd_s"
    },
    "container_shoreline_DesignStuff_00055": {
      "groupId": "Jaeger_Stash_rnd_s"
    },
    "container_shoreline_DesignStuff_00058": {
      "groupId": "Jaeger_Stash_rnd_s"
    },
    "container_shoreline_DesignStuff_00043": {
      "groupId": "Jaeger_Stash_rnd_s"
    },
    "container_shoreline_DesignStuff_00045": {
      "groupId": "Jaeger_Stash_rnd_s"
    },
    "container_shoreline_DesignStuff_00025": {
      "groupId": "Jaeger_Stash_rnd_s"
    },
    "container_shoreline_DesignStuff_00029": {
      "groupId": "Jaeger_Stash_rnd_s"
    },
    "container_shoreline_DesignStuff_00046": {
      "groupId": "Jaeger_Stash_rnd_s"
    },
    "container_shoreline_DesignStuff_00026": {
      "groupId": "Jaeger_Stash_rnd_s"
    },
    "container_shoreline_DesignStuff_00041": {
      "groupId": "Jaeger_Stash_rnd_s"
    },
    "container_shoreline_DesignStuff_00051": {
      "groupId": "Jaeger_Stash_rnd_s"
    },
    "container_shoreline_DesignStuff_00048": {
      "groupId": "Jaeger_Stash_rnd_s"
    },
    "container_shoreline_DesignStuff_00059": {
      "groupId": "Jaeger_Stash_rnd_s"
    },
    "container_shoreline_DesignStuff_00053": {
      "groupId": "Jaeger_Stash_rnd_s"
    },
    "container_shoreline_DesignStuff_00034": {
      "groupId": "Jaeger_Stash_rnd_s"
    },
    "container_shoreline_DesignStuff_00047": {
      "groupId": "Jaeger_Stash_rnd_s"
    },
    "container_shoreline_DesignStuff_00027": {
      "groupId": "Jaeger_Stash_rnd_s"
    },
    "container_shoreline_DesignStuff_00036": {
      "groupId": "Jaeger_Stash_rnd_s"
    },
    "container_shoreline_DesignStuff_00023": {
      "groupId": "Jaeger_Stash_rnd_s"
    },
    "container_shoreline_DesignStuff_00039": {
      "groupId": "Jaeger_Stash_rnd_s"
    },
    "container_shoreline_DesignStuff_00037": {
      "groupId": "Jaeger_Stash_rnd_s"
    },
    "container_shoreline_DesignStuff_00038": {
      "groupId": "Jaeger_Stash_rnd_s"
    },
    "container_shoreline_DesignStuff_00033": {
      "groupId": "Jaeger_Stash_rnd_s"
    },
    "container_shoreline_DesignStuff_00030": {
      "groupId": "Jaeger_Stash_rnd_s"
    },
    "container_shoreline_DesignStuff_00024": {
      "groupId": "Jaeger_Stash_rnd_s"
    },
    "Lootable_00068": {
      "groupId": "Jaeger_Stash_rnd_s"
    },
    "container_shoreline_DesignStuff_00028": {
      "groupId": "Jaeger_Stash_rnd_s"
    },
    "container_shoreline_DesignStuff_00056": {
      "groupId": "Jaeger_Stash_rnd_s"
    },
    "container_shoreline_DesignStuff_00050": {
      "groupId": "Jaeger_Stash_rnd_s"
    },
    "container_shoreline_DesignStuff_00032": {
      "groupId": "Jaeger_Stash_rnd_s"
    },
    "container_shoreline_DesignStuff_00060": {
      "groupId": "Jaeger_Stash_rnd_s"
    },
    "container_shoreline_DesignStuff_00220": {
      "groupId": ""
    },
    "container_shoreline_DesignStuff_00559": {
      "groupId": "MadCase_N2_2_shoreline"
    },
    "container_shoreline_DesignStuff_00563": {
      "groupId": "MadCase_N4_2_shoreline"
    },
    "container_shoreline_DesignStuff_00562": {
      "groupId": "MadCase_N4_2_shoreline"
    },
    "container_shoreline_DesignStuff_00556": {
      "groupId": "MadCase_N1_2_shoreline"
    },
    "container_shoreline_DesignStuff_00557": {
      "groupId": "MadCase_N1_2_shoreline"
    },
    "container_shoreline_DesignStuff_00560": {
      "groupId": "MadCase_N3_2_shoreline"
    },
    "container_shoreline_DesignStuff_00561": {
      "groupId": "MadCase_N3_2_shoreline"
    },
    "container_shoreline_DesignStuff_00558": {
      "groupId": "MadCase_N2_2_shoreline"
    },
    "container_shoreline_DesignStuff_00723": {
      "groupId": "ToolBox_lootable_forest"
    },
    "container_shoreline_DesignStuff_00569": {
      "groupId": "ToolBox_N3_2_shoreline"
    },
    "container_shoreline_DesignStuff_00570": {
      "groupId": "ToolBox_N3_2_shoreline"
    },
    "container_shoreline_DesignStuff_00591": {
      "groupId": "ToolBox_N14_2_shoreline"
    },
    "container_shoreline_DesignStuff_00589": {
      "groupId": "ToolBox_N13_2_shoreline"
    },
    "container_shoreline_DesignStuff_00704": {
      "groupId": "ToolBox_N18_4"
    },
    "container_shoreline_DesignStuff_00584": {
      "groupId": "ToolBox_N10_2_shoreline"
    },
    "container_shoreline_DesignStuff_00582": {
      "groupId": "ToolBox_N9_2_shoreline"
    },
    "container_shoreline_DesignStuff_00578": {
      "groupId": "ToolBox_N7_2_shoreline"
    },
    "container_shoreline_DesignStuff_00568": {
      "groupId": "ToolBox_N2_2_shoreline"
    },
    "container_shoreline_DesignStuff_00588": {
      "groupId": "ToolBox_N12_2_shoreline"
    },
    "container_shoreline_DesignStuff_00702": {
      "groupId": "ToolBox_N18_4"
    },
    "container_shoreline_DesignStuff_00597": {
      "groupId": "ToolBox_N17_2_shoreline"
    },
    "container_shoreline_DesignStuff_00726": {
      "groupId": "ToolBox_lootable_forest"
    },
    "container_shoreline_DesignStuff_00583": {
      "groupId": "ToolBox_N10_2_shoreline"
    },
    "container_shoreline_DesignStuff_00594": {
      "groupId": "ToolBox_N15_2_shoreline"
    },
    "container_shoreline_DesignStuff_00566": {
      "groupId": "ToolBox_N1_3_shoreline"
    },
    "container_shoreline_DesignStuff_00593": {
      "groupId": "ToolBox_N15_2_shoreline"
    },
    "container_shoreline_DesignStuff_00727": {
      "groupId": "ToolBox_lootable_forest"
    },
    "container_shoreline_DesignStuff_00575": {
      "groupId": "ToolBox_N6_2_shoreline"
    },
    "container_shoreline_DesignStuff_00567": {
      "groupId": "ToolBox_N2_2_shoreline"
    },
    "container_shoreline_DesignStuff_00577": {
      "groupId": "ToolBox_N7_2_shoreline"
    },
    "container_shoreline_DesignStuff_00703": {
      "groupId": "ToolBox_N18_4"
    },
    "container_shoreline_DesignStuff_00722": {
      "groupId": "ToolBox_lootable_forest"
    },
    "container_shoreline_DesignStuff_00586": {
      "groupId": "ToolBox_N11_2_shoreline"
    },
    "container_shoreline_DesignStuff_00579": {
      "groupId": "ToolBox_N8_2_shoreline"
    },
    "container_shoreline_DesignStuff_00725": {
      "groupId": "ToolBox_lootable_forest"
    },
    "container_shoreline_DesignStuff_00571": {
      "groupId": "ToolBox_N4_2_shoreline"
    },
    "container_shoreline_DesignStuff_00598": {
      "groupId": "ToolBox_N17_2_shoreline"
    },
    "container_shoreline_DesignStuff_00728": {
      "groupId": "ToolBox_lootable_forest"
    },
    "container_shoreline_DesignStuff_00587": {
      "groupId": "ToolBox_N12_2_shoreline"
    },
    "container_shoreline_DesignStuff_00721": {
      "groupId": "ToolBox_lootable_forest"
    },
    "container_shoreline_DesignStuff_00724": {
      "groupId": "ToolBox_lootable_forest"
    },
    "container_shoreline_DesignStuff_00572": {
      "groupId": "ToolBox_N4_2_shoreline"
    },
    "container_shoreline_DesignStuff_00592": {
      "groupId": "ToolBox_N14_2_shoreline"
    },
    "container_shoreline_DesignStuff_00590": {
      "groupId": "ToolBox_N13_2_shoreline"
    },
    "container_shoreline_DesignStuff_00576": {
      "groupId": "ToolBox_N6_2_shoreline"
    },
    "container_shoreline_DesignStuff_00732": {
      "groupId": ""
    },
    "container_shoreline_DesignStuff_00595": {
      "groupId": "ToolBox_N16_2_shoreline"
    },
    "container_shoreline_DesignStuff_00580": {
      "groupId": "ToolBox_N8_2_shoreline"
    },
    "container_shoreline_DesignStuff_00574": {
      "groupId": "ToolBox_N5_2_shoreline"
    },
    "container_shoreline_DesignStuff_00701": {
      "groupId": "ToolBox_N18_4"
    },
    "container_shoreline_DesignStuff_00734": {
      "groupId": ""
    },
    "container_shoreline_DesignStuff_00221": {
      "groupId": ""
    },
    "container_shoreline_DesignStuff_00585": {
      "groupId": "ToolBox_N11_2_shoreline"
    },
    "container_shoreline_DesignStuff_00581": {
      "groupId": "ToolBox_N9_2_shoreline"
    },
    "container_shoreline_DesignStuff_00596": {
      "groupId": "ToolBox_N16_2_shoreline"
    },
    "container_shoreline_DesignStuff_00564": {
      "groupId": "ToolBox_N1_3_shoreline"
    },
    "container_shoreline_DesignStuff_00565": {
      "groupId": "ToolBox_N1_3_shoreline"
    },
    "container_shoreline_DesignStuff_00573": {
      "groupId": "ToolBox_N5_2_shoreline"
    },
    "container_shoreline_DesignStuff_00672": {
      "groupId": "WeaponBox_N32_2_shoreline"
    },
    "container_shoreline_DesignStuff_00226": {
      "groupId": ""
    },
    "container_shoreline_DesignStuff_00661": {
      "groupId": "WeaponBox_N26_2_shoreline"
    },
    "container_shoreline_DesignStuff_00678": {
      "groupId": "vill_boxes"
    },
    "container_shoreline_DesignStuff_00675": {
      "groupId": "WeaponBox_N33_2_shoreline"
    },
    "container_shoreline_DesignStuff_00667": {
      "groupId": "WeaponBox_N29_2_shoreline"
    },
    "container_shoreline_DesignStuff_00228": {
      "groupId": ""
    },
    "container_shoreline_DesignStuff_00676": {
      "groupId": "WeaponBox_N34_2_shoreline"
    },
    "container_shoreline_DesignStuff_00665": {
      "groupId": "WeaponBox_N28_2_shoreline"
    },
    "container_shoreline_DesignStuff_00664": {
      "groupId": "WeaponBox_N28_2_shoreline"
    },
    "container_shoreline_DesignStuff_00681": {
      "groupId": "vill_boxes"
    },
    "container_shoreline_DesignStuff_00674": {
      "groupId": "WeaponBox_N33_2_shoreline"
    },
    "container_shoreline_DesignStuff_00680": {
      "groupId": "vill_boxes"
    },
    "container_shoreline_DesignStuff_00677": {
      "groupId": "WeaponBox_N34_2_shoreline"
    },
    "container_shoreline_DesignStuff_00659": {
      "groupId": "WeaponBox_N25_2_shoreline"
    },
    "container_shoreline_DesignStuff_00670": {
      "groupId": "WeaponBox_N31_2_shoreline"
    },
    "container_shoreline_DesignStuff_00229": {
      "groupId": ""
    },
    "container_shoreline_DesignStuff_00660": {
      "groupId": "WeaponBox_N26_2_shoreline"
    },
    "container_shoreline_DesignStuff_00662": {
      "groupId": "WeaponBox_N27_2_shoreline"
    },
    "container_shoreline_DesignStuff_00663": {
      "groupId": "WeaponBox_N27_2_shoreline"
    },
    "container_shoreline_DesignStuff_00669": {
      "groupId": "WeaponBox_N30_2_shoreline"
    },
    "container_shoreline_DesignStuff_00224": {
      "groupId": ""
    },
    "container_shoreline_DesignStuff_00668": {
      "groupId": "WeaponBox_N30_2_shoreline"
    },
    "container_shoreline_DesignStuff_00671": {
      "groupId": "WeaponBox_N31_2_shoreline"
    },
    "container_shoreline_DesignStuff_00658": {
      "groupId": "WeaponBox_N25_2_shoreline"
    },
    "container_shoreline_DesignStuff_00225": {
      "groupId": ""
    },
    "container_shoreline_DesignStuff_00666": {
      "groupId": "WeaponBox_N29_2_shoreline"
    },
    "container_shoreline_DesignStuff_00673": {
      "groupId": "WeaponBox_N32_2_shoreline"
    },
    "container_shoreline_DesignStuff_00227": {
      "groupId": ""
    },
    "container_shoreline_DesignStuff_00679": {
      "groupId": "vill_boxes"
    },
    "container_shoreline_DesignStuff_00733": {
      "groupId": ""
    },
    "container_shoreline_DesignStuff_00213": {
      "groupId": ""
    },
    "container_shoreline_DesignStuff_00211": {
      "groupId": ""
    },
    "container_shoreline_DesignStuff_00207": {
      "groupId": ""
    },
    "container_shoreline_DesignStuff_00209": {
      "groupId": ""
    },
    "container_shoreline_DesignStuff_00215": {
      "groupId": ""
    },
    "container_shoreline_DesignStuff_00210": {
      "groupId": ""
    },
    "Lootable_00004": {
      "groupId": ""
    },
    "container_shoreline_DesignStuff_00212": {
      "groupId": ""
    },
    "container_shoreline_DesignStuff_00214": {
      "groupId": ""
    },
    "container_shoreline_DesignStuff_00208": {
      "groupId": ""
    },
    "container_shoreline_DesignStuff_00109": {
      "groupId": ""
    },
    "container_shoreline_DesignStuff_00107": {
      "groupId": ""
    },
    "container_shoreline_DesignStuff_00110": {
      "groupId": ""
    },
    "Lootable_00010": {
      "groupId": ""
    },
    "container_shoreline_DesignStuff_00105": {
      "groupId": ""
    },
    "container_shoreline_DesignStuff_00101": {
      "groupId": ""
    },
    "container_shoreline_DesignStuff_00111": {
      "groupId": ""
    },
    "container_shoreline_DesignStuff_00103": {
      "groupId": ""
    },
    "container_shoreline_DesignStuff_00106": {
      "groupId": ""
    },
    "container_shoreline_DesignStuff_00102": {
      "groupId": ""
    },
    "container_shoreline_DesignStuff_00104": {
      "groupId": ""
    },
    "container_shoreline_DesignStuff_00112": {
      "groupId": ""
    },
    "container_shoreline_DesignStuff_00108": {
      "groupId": ""
    },
    "container_shoreline_DesignStuff_00735": {
      "groupId": ""
    },
    "00012": {
      "groupId": ""
    },
    "container_shoreline_DesignStuff_00731": {
      "groupId": ""
    },
    "container_shoreline_DesignStuff_00730": {
      "groupId": ""
    },
    "container_shoreline_DesignStuff_00551": {
      "groupId": "MadBag_N21_2_shoreline"
    },
    "container_shoreline_DesignStuff_00555": {
      "groupId": "MadBag_N23_2_shoreline"
    },
    "container_shoreline_DesignStuff_00535": {
      "groupId": "MadBag_N15_3_shoreline"
    },
    "container_shoreline_DesignStuff_00553": {
      "groupId": "MadBag_N22_2_shoreline"
    },
    "container_shoreline_DesignStuff_00541": {
      "groupId": "MadBag_N17_2_shoreline"
    },
    "container_shoreline_DesignStuff_00503": {
      "groupId": "MadBag_N1_3_shoreline"
    },
    "container_shoreline_DesignStuff_00524": {
      "groupId": "MadBag_N10_2_shoreline"
    },
    "container_shoreline_DesignStuff_00513": {
      "groupId": "MadBag_N5_2_shoreline"
    },
    "container_shoreline_DesignStuff_00540": {
      "groupId": "MadBag_N17_2_shoreline"
    },
    "container_shoreline_DesignStuff_00523": {
      "groupId": "MadBag_N10_2_shoreline"
    },
    "container_shoreline_DesignStuff_00516": {
      "groupId": "MadBag_N7_2_shoreline"
    },
    "container_shoreline_DesignStuff_00520": {
      "groupId": "MadBag_N9_3_shoreline"
    },
    "container_shoreline_DesignStuff_00514": {
      "groupId": "MadBag_N6_2_shoreline"
    },
    "container_shoreline_DesignStuff_00528": {
      "groupId": "MadBag_N12_2_shoreline"
    },
    "container_shoreline_DesignStuff_00554": {
      "groupId": "MadBag_N23_2_shoreline"
    },
    "container_shoreline_DesignStuff_00534": {
      "groupId": "MadBag_N15_3_shoreline"
    },
    "container_shoreline_DesignStuff_00505": {
      "groupId": "MadBag_N2_3_shoreline"
    },
    "container_shoreline_DesignStuff_00542": {
      "groupId": "MadBag_N18_3_shoreline"
    },
    "container_shoreline_DesignStuff_00502": {
      "groupId": "MadBag_N1_3_shoreline"
    },
    "container_shoreline_DesignStuff_00544": {
      "groupId": "MadBag_N18_3_shoreline"
    },
    "container_shoreline_DesignStuff_00504": {
      "groupId": "MadBag_N1_3_shoreline"
    },
    "container_shoreline_DesignStuff_00509": {
      "groupId": "MadBag_N3_2_shoreline"
    },
    "container_shoreline_DesignStuff_00521": {
      "groupId": "MadBag_N9_3_shoreline"
    },
    "container_shoreline_DesignStuff_00536": {
      "groupId": "MadBag_N15_3_shoreline"
    },
    "container_shoreline_DesignStuff_00508": {
      "groupId": "MadBag_N3_2_shoreline"
    },
    "container_shoreline_DesignStuff_00506": {
      "groupId": "MadBag_N2_3_shoreline"
    },
    "container_shoreline_DesignStuff_00511": {
      "groupId": "MadBag_N4_2_shoreline"
    },
    "container_shoreline_DesignStuff_00533": {
      "groupId": "MadBag_N14_2_shoreline"
    },
    "container_shoreline_DesignStuff_00507": {
      "groupId": "MadBag_N2_3_shoreline"
    },
    "container_shoreline_DesignStuff_00517": {
      "groupId": "MadBag_N7_2_shoreline"
    },
    "container_shoreline_DesignStuff_00547": {
      "groupId": "MadBag_N19_3_shoreline"
    },
    "container_shoreline_DesignStuff_00545": {
      "groupId": "MadBag_N19_3_shoreline"
    },
    "container_shoreline_DesignStuff_00531": {
      "groupId": "MadBag_N13_2_shoreline"
    },
    "container_shoreline_DesignStuff_00510": {
      "groupId": "MadBag_N4_2_shoreline"
    },
    "container_shoreline_DesignStuff_00518": {
      "groupId": "MadBag_N8_2_shoreline"
    },
    "container_shoreline_DesignStuff_00546": {
      "groupId": "MadBag_N19_3_shoreline"
    },
    "container_shoreline_DesignStuff_00526": {
      "groupId": "MadBag_N11_3_shoreline"
    },
    "container_shoreline_DesignStuff_00550": {
      "groupId": "MadBag_N21_2_shoreline"
    },
    "container_shoreline_DesignStuff_00549": {
      "groupId": "MadBag_N20_2_shoreline"
    },
    "container_shoreline_DesignStuff_00537": {
      "groupId": "MadBag_N16_3_shoreline"
    },
    "container_shoreline_DesignStuff_00522": {
      "groupId": "MadBag_N9_3_shoreline"
    },
    "container_shoreline_DesignStuff_00512": {
      "groupId": "MadBag_N5_2_shoreline"
    },
    "container_shoreline_DesignStuff_00525": {
      "groupId": "MadBag_N11_3_shoreline"
    },
    "container_shoreline_DesignStuff_00529": {
      "groupId": "MadBag_N12_2_shoreline"
    },
    "container_shoreline_DesignStuff_00530": {
      "groupId": "MadBag_N13_2_shoreline"
    },
    "container_shoreline_DesignStuff_00527": {
      "groupId": "MadBag_N11_3_shoreline"
    },
    "container_shoreline_DesignStuff_00538": {
      "groupId": "MadBag_N16_3_shoreline"
    },
    "container_shoreline_DesignStuff_00543": {
      "groupId": "MadBag_N18_3_shoreline"
    },
    "container_shoreline_DesignStuff_00519": {
      "groupId": "MadBag_N8_2_shoreline"
    },
    "container_shoreline_DesignStuff_00539": {
      "groupId": "MadBag_N16_3_shoreline"
    },
    "container_shoreline_DesignStuff_00548": {
      "groupId": "MadBag_N20_2_shoreline"
    },
    "container_shoreline_DesignStuff_00515": {
      "groupId": "MadBag_N6_2_shoreline"
    },
    "container_shoreline_DesignStuff_00552": {
      "groupId": "MadBag_N22_2_shoreline"
    },
    "container_shoreline_DesignStuff_00532": {
      "groupId": "MadBag_N14_2_shoreline"
    },
    "container_shoreline_DesignStuff_00709": {
      "groupId": "Scontainer_ammo_wood_N4_4"
    },
    "container_shoreline_DesignStuff_00325": {
      "groupId": "Scontainer_ammo_wood_N1_3_shoreline"
    },
    "container_shoreline_DesignStuff_00710": {
      "groupId": "Scontainer_ammo_wood_N4_4"
    },
    "container_shoreline_DesignStuff_00217": {
      "groupId": ""
    },
    "n1": {
      "groupId": "Scontainer_ammo_wood_N4_4"
    },
    "container_shoreline_DesignStuff_00329": {
      "groupId": "Scontainer_ammo_wood_N3_2_shoreline"
    },
    "container_shoreline_DesignStuff_00327": {
      "groupId": "Scontainer_ammo_wood_N2_2_shoreline"
    },
    "container_shoreline_DesignStuff_00323": {
      "groupId": "Scontainer_ammo_wood_N1_3_shoreline"
    },
    "container_shoreline_DesignStuff_00326": {
      "groupId": "Scontainer_ammo_wood_N2_2_shoreline"
    },
    "container_shoreline_DesignStuff_00711": {
      "groupId": "Scontainer_ammo_wood_N4_4"
    },
    "container_shoreline_DesignStuff_00324": {
      "groupId": "Scontainer_ammo_wood_N1_3_shoreline"
    },
    "container_shoreline_DesignStuff_00328": {
      "groupId": "Scontainer_ammo_wood_N3_2_shoreline"
    },
    "container_shoreline_DesignStuff_00204": {
      "groupId": ""
    },
    "container_shoreline_DesignStuff_00193": {
      "groupId": ""
    },
    "container_shoreline_DesignStuff_00203": {
      "groupId": ""
    },
    "container_shoreline_DesignStuff_00205": {
      "groupId": ""
    },
    "container_shoreline_DesignStuff_00198": {
      "groupId": ""
    },
    "container_shoreline_DesignStuff_00206": {
      "groupId": ""
    },
    "container_shoreline_DesignStuff_00197": {
      "groupId": ""
    },
    "container_shoreline_DesignStuff_00202": {
      "groupId": ""
    },
    "container_shoreline_DesignStuff_00201": {
      "groupId": ""
    },
    "container_shoreline_DesignStuff_00192": {
      "groupId": ""
    },
    "container_shoreline_DesignStuff_00196": {
      "groupId": ""
    },
    "container_shoreline_DesignStuff_00195": {
      "groupId": ""
    },
    "container_shoreline_DesignStuff_00194": {
      "groupId": ""
    },
    "container_shoreline_DesignStuff_00157": {
      "groupId": ""
    },
    "container_shoreline_DesignStuff_00162": {
      "groupId": ""
    },
    "container_shoreline_DesignStuff_00164": {
      "groupId": ""
    },
    "container_shoreline_DesignStuff_00158": {
      "groupId": ""
    },
    "container_shoreline_DesignStuff_00178": {
      "groupId": ""
    },
    "container_shoreline_DesignStuff_00171": {
      "groupId": ""
    },
    "container_shoreline_DesignStuff_00156": {
      "groupId": ""
    },
    "container_shoreline_DesignStuff_00161": {
      "groupId": ""
    },
    "container_shoreline_DesignStuff_00155": {
      "groupId": ""
    },
    "container_shoreline_DesignStuff_00159": {
      "groupId": ""
    },
    "container_shoreline_DesignStuff_00168": {
      "groupId": ""
    },
    "container_shoreline_DesignStuff_00175": {
      "groupId": ""
    },
    "container_shoreline_DesignStuff_00154": {
      "groupId": ""
    },
    "container_shoreline_DesignStuff_00172": {
      "groupId": ""
    },
    "container_shoreline_DesignStuff_00167": {
      "groupId": ""
    },
    "container_shoreline_DesignStuff_00176": {
      "groupId": ""
    },
    "container_shoreline_DesignStuff_00165": {
      "groupId": ""
    },
    "container_shoreline_DesignStuff_00177": {
      "groupId": ""
    },
    "container_shoreline_DesignStuff_00173": {
      "groupId": ""
    },
    "container_shoreline_DesignStuff_00174": {
      "groupId": ""
    },
    "container_shoreline_DesignStuff_00163": {
      "groupId": ""
    },
    "container_shoreline_DesignStuff_00160": {
      "groupId": ""
    },
    "container_shoreline_DesignStuff_00166": {
      "groupId": ""
    },
    "container_shoreline_DesignStuff_00170": {
      "groupId": ""
    },
    "container_shoreline_DesignStuff_00169": {
      "groupId": ""
    },
    "container_shoreline_DesignStuff_00738": {
      "groupId": ""
    },
    "container_shoreline_DesignStuff_00685": {
      "groupId": "civilian_plastic1"
    },
    "container_shoreline_DesignStuff_00684": {
      "groupId": "civilian_plastic1"
    },
    "container_shoreline_DesignStuff_00683": {
      "groupId": "civilian_plastic1"
    },
    "container_shoreline_DesignStuff_00222": {
      "groupId": ""
    },
    "container_shoreline_DesignStuff_00712": {
      "groupId": "plastic_suitc_forest"
    },
    "container_shoreline_DesignStuff_00714": {
      "groupId": "plastic_suitc_forest"
    },
    "container_shoreline_DesignStuff_00682": {
      "groupId": "civilian_plastic1"
    },
    "container_shoreline_DesignStuff_00713": {
      "groupId": "plastic_suitc_forest"
    },
    "container_shoreline_DesignStuff_00614": {
      "groupId": "WeaponBox_N7_2_shoreline"
    },
    "container_shoreline_DesignStuff_00615": {
      "groupId": "WeaponBox_N7_2_shoreline"
    },
    "container_shoreline_DesignStuff_00599": {
      "groupId": "WeaponBox_N1_2_shoreline"
    },
    "container_shoreline_DesignStuff_00641": {
      "groupId": "WeaponBox_N18_3_shoreline"
    },
    "container_shoreline_DesignStuff_00617": {
      "groupId": "WeaponBox_N8_2_shoreline"
    },
    "container_shoreline_DesignStuff_00654": {
      "groupId": "WeaponBox_N23_3_shoreline"
    },
    "container_shoreline_DesignStuff_00608": {
      "groupId": "WeaponBox_N4_3_shoreline"
    },
    "container_shoreline_DesignStuff_00634": {
      "groupId": "WeaponBox_N16_2_shoreline"
    },
    "container_shoreline_DesignStuff_00631": {
      "groupId": "WeaponBox_N15_3_shoreline"
    },
    "container_shoreline_DesignStuff_00603": {
      "groupId": "WeaponBox_N2_3_shoreline"
    },
    "container_shoreline_DesignStuff_00647": {
      "groupId": "WeaponBox_N20_3_shoreline"
    },
    "container_shoreline_DesignStuff_00621": {
      "groupId": "WeaponBox_N10_2_shoreline"
    },
    "container_shoreline_DesignStuff_00626": {
      "groupId": "WeaponBox_N13_2_shoreline"
    },
    "container_shoreline_DesignStuff_00602": {
      "groupId": "WeaponBox_N2_3_shoreline"
    },
    "container_shoreline_DesignStuff_00627": {
      "groupId": "WeaponBox_N13_2_shoreline"
    },
    "container_shoreline_DesignStuff_00642": {
      "groupId": "WeaponBox_N19_3_shoreline"
    },
    "container_shoreline_DesignStuff_00637": {
      "groupId": "WeaponBox_N17_3_shoreline"
    },
    "container_shoreline_DesignStuff_00613": {
      "groupId": "WeaponBox_N6_2_shoreline"
    },
    "container_shoreline_DesignStuff_00644": {
      "groupId": "WeaponBox_N19_3_shoreline"
    },
    "container_shoreline_DesignStuff_00612": {
      "groupId": "WeaponBox_N6_2_shoreline"
    },
    "container_shoreline_DesignStuff_00604": {
      "groupId": "WeaponBox_N3_3_shoreline"
    },
    "container_shoreline_DesignStuff_00616": {
      "groupId": "WeaponBox_N8_2_shoreline"
    },
    "container_shoreline_DesignStuff_00636": {
      "groupId": "WeaponBox_N17_3_shoreline"
    },
    "container_shoreline_DesignStuff_00624": {
      "groupId": "WeaponBox_N12_2_shoreline"
    },
    "container_shoreline_DesignStuff_00623": {
      "groupId": "WeaponBox_N11_2_shoreline"
    },
    "Lootable_00003": {
      "groupId": ""
    },
    "container_shoreline_DesignStuff_00628": {
      "groupId": "WeaponBox_N14_3_shoreline"
    },
    "container_shoreline_DesignStuff_00629": {
      "groupId": "WeaponBox_N14_3_shoreline"
    },
    "container_shoreline_DesignStuff_00649": {
      "groupId": "WeaponBox_N21_3_shoreline"
    },
    "container_shoreline_DesignStuff_00619": {
      "groupId": "WeaponBox_N9_2_shoreline"
    },
    "container_shoreline_DesignStuff_00609": {
      "groupId": "WeaponBox_N4_3_shoreline"
    },
    "container_shoreline_DesignStuff_00643": {
      "groupId": "WeaponBox_N19_3_shoreline"
    },
    "container_shoreline_DesignStuff_00651": {
      "groupId": "WeaponBox_N22_2_shoreline"
    },
    "container_shoreline_DesignStuff_00653": {
      "groupId": "WeaponBox_N23_3_shoreline"
    },
    "container_shoreline_DesignStuff_00633": {
      "groupId": "WeaponBox_N15_3_shoreline"
    },
    "container_shoreline_DesignStuff_00622": {
      "groupId": "WeaponBox_N11_2_shoreline"
    },
    "container_shoreline_DesignStuff_00656": {
      "groupId": "WeaponBox_N24_2_shoreline"
    },
    "container_shoreline_DesignStuff_00607": {
      "groupId": "WeaponBox_N4_3_shoreline"
    },
    "container_shoreline_DesignStuff_00640": {
      "groupId": "WeaponBox_N18_3_shoreline"
    },
    "container_shoreline_DesignStuff_00625": {
      "groupId": "WeaponBox_N12_2_shoreline"
    },
    "container_shoreline_DesignStuff_00645": {
      "groupId": "WeaponBox_N20_3_shoreline"
    },
    "container_shoreline_DesignStuff_00638": {
      "groupId": "WeaponBox_N17_3_shoreline"
    },
    "container_shoreline_DesignStuff_00611": {
      "groupId": "WeaponBox_N5_2_shoreline"
    },
    "container_shoreline_DesignStuff_00632": {
      "groupId": "WeaponBox_N15_3_shoreline"
    },
    "container_shoreline_DesignStuff_00606": {
      "groupId": "WeaponBox_N3_3_shoreline"
    },
    "container_shoreline_DesignStuff_00618": {
      "groupId": "WeaponBox_N9_2_shoreline"
    },
    "container_shoreline_DesignStuff_00639": {
      "groupId": "WeaponBox_N18_3_shoreline"
    },
    "container_shoreline_DesignStuff_00630": {
      "groupId": "WeaponBox_N14_3_shoreline"
    },
    "container_shoreline_DesignStuff_00648": {
      "groupId": "WeaponBox_N21_3_shoreline"
    },
    "container_shoreline_DesignStuff_00650": {
      "groupId": "WeaponBox_N21_3_shoreline"
    },
    "container_shoreline_DesignStuff_00610": {
      "groupId": "WeaponBox_N5_2_shoreline"
    },
    "container_shoreline_DesignStuff_00646": {
      "groupId": "WeaponBox_N20_3_shoreline"
    },
    "container_shoreline_DesignStuff_00655": {
      "groupId": "WeaponBox_N23_3_shoreline"
    },
    "container_shoreline_DesignStuff_00620": {
      "groupId": "WeaponBox_N10_2_shoreline"
    },
    "container_shoreline_DesignStuff_00605": {
      "groupId": "WeaponBox_N3_3_shoreline"
    },
    "container_shoreline_DesignStuff_00223": {
      "groupId": ""
    },
    "container_shoreline_DesignStuff_00601": {
      "groupId": "WeaponBox_N2_3_shoreline"
    },
    "container_shoreline_DesignStuff_00652": {
      "groupId": "WeaponBox_N22_2_shoreline"
    },
    "container_shoreline_DesignStuff_00635": {
      "groupId": "WeaponBox_N16_2_shoreline"
    },
    "container_shoreline_DesignStuff_00657": {
      "groupId": "WeaponBox_N24_2_shoreline"
    },
    "container_shoreline_DesignStuff_00600": {
      "groupId": "WeaponBox_N1_2_shoreline"
    },
    "container_Test_for_export_00001": {
      "groupId": ""
    },
    "container_shoreline_DesignStuff_00708": {
      "groupId": "Scontainer_ammo_Grenade_N7_4"
    },
    "container_shoreline_DesignStuff_00216": {
      "groupId": ""
    },
    "container_shoreline_DesignStuff_00319": {
      "groupId": "Scontainer_ammo_Grenade_N5_2_shoreline"
    },
    "container_shoreline_DesignStuff_00318": {
      "groupId": "Scontainer_ammo_Grenade_N4_3_shoreline"
    },
    "container_shoreline_DesignStuff_00312": {
      "groupId": "Scontainer_ammo_Grenade_N2_3_shoreline"
    },
    "container_shoreline_DesignStuff_00309": {
      "groupId": "Scontainer_ammo_Grenade_N1_2_shoreline"
    },
    "container_shoreline_DesignStuff_00308": {
      "groupId": "Scontainer_ammo_Grenade_N1_2_shoreline"
    },
    "container_shoreline_DesignStuff_00321": {
      "groupId": "Scontainer_ammo_Grenade_N6_2_shoreline"
    },
    "container_shoreline_DesignStuff_00311": {
      "groupId": "Scontainer_ammo_Grenade_N2_3_shoreline"
    },
    "container_shoreline_DesignStuff_00314": {
      "groupId": "Scontainer_ammo_Grenade_N3_3_shoreline"
    },
    "container_shoreline_DesignStuff_00320": {
      "groupId": "Scontainer_ammo_Grenade_N5_2_shoreline"
    },
    "container_shoreline_DesignStuff_00316": {
      "groupId": "Scontainer_ammo_Grenade_N4_3_shoreline"
    },
    "container_shoreline_DesignStuff_00706": {
      "groupId": "Scontainer_ammo_Grenade_N7_4"
    },
    "container_shoreline_DesignStuff_00705": {
      "groupId": "Scontainer_ammo_Grenade_N7_4"
    },
    "container_shoreline_DesignStuff_00313": {
      "groupId": "Scontainer_ammo_Grenade_N3_3_shoreline"
    },
    "container_shoreline_DesignStuff_00310": {
      "groupId": "Scontainer_ammo_Grenade_N2_3_shoreline"
    },
    "container_shoreline_DesignStuff_00317": {
      "groupId": "Scontainer_ammo_Grenade_N4_3_shoreline"
    },
    "container_shoreline_DesignStuff_00322": {
      "groupId": "Scontainer_ammo_Grenade_N6_2_shoreline"
    },
    "container_shoreline_DesignStuff_00315": {
      "groupId": "Scontainer_ammo_Grenade_N3_3_shoreline"
    },
    "container_shoreline_DesignStuff_00707": {
      "groupId": "Scontainer_ammo_Grenade_N7_4"
    },
    "container_shoreline_DesignStuff_00186": {
      "groupId": ""
    },
    "container_shoreline_DesignStuff_00184": {
      "groupId": ""
    },
    "container_shoreline_DesignStuff_00181": {
      "groupId": ""
    },
    "container_shoreline_DesignStuff_00185": {
      "groupId": ""
    },
    "container_shoreline_DesignStuff_00183": {
      "groupId": ""
    },
    "container_shoreline_DesignStuff_00182": {
      "groupId": ""
    },
    "container_shoreline_DesignStuff_00190": {
      "groupId": ""
    },
    "container_shoreline_DesignStuff_00180": {
      "groupId": ""
    },
    "container_shoreline_DesignStuff_00179": {
      "groupId": ""
    },
    "container_shoreline_DesignStuff_00418": {
      "groupId": ""
    },
    "container_shoreline_DesignStuff_00264": {
      "groupId": "Plastic_suitcase_N7_4_shoreline"
    },
    "container_shoreline_DesignStuff_00248": {
      "groupId": "Plastic_suitcase_N2_3_shoreline"
    },
    "container_shoreline_DesignStuff_00690": {
      "groupId": "Plastic_suitcase_N26_9"
    },
    "container_shoreline_DesignStuff_00694": {
      "groupId": "Plastic_suitcase_N26_9"
    },
    "container_shoreline_DesignStuff_00258": {
      "groupId": "Plastic_suitcase_N5_4_shoreline"
    },
    "container_shoreline_DesignStuff_00253": {
      "groupId": "Plastic_suitcase_N4_3_shoreline"
    },
    "container_shoreline_DesignStuff_00254": {
      "groupId": "Plastic_suitcase_N4_3_shoreline"
    },
    "container_shoreline_DesignStuff_00249": {
      "groupId": "Plastic_suitcase_N2_3_shoreline"
    },
    "container_shoreline_DesignStuff_00719": {
      "groupId": "Plastic_suitcase_64_open_P_forest"
    },
    "container_shoreline_DesignStuff_00250": {
      "groupId": "Plastic_suitcase_N2_3_shoreline"
    },
    "container_shoreline_DesignStuff_00262": {
      "groupId": "Plastic_suitcase_N6_4_shoreline"
    },
    "container_shoreline_DesignStuff_00265": {
      "groupId": "Plastic_suitcase_N7_4_shoreline"
    },
    "container_shoreline_DesignStuff_00267": {
      "groupId": "Plastic_suitcase_N7_4_shoreline"
    },
    "container_shoreline_DesignStuff_00715": {
      "groupId": "Plastic_suitcase_64_open_P_forest"
    },
    "container_shoreline_DesignStuff_00696": {
      "groupId": "Plastic_suitcase_N26_9"
    },
    "container_shoreline_DesignStuff_00688": {
      "groupId": "Plastic_suitcase_N26_9"
    },
    "container_shoreline_DesignStuff_00692": {
      "groupId": "Plastic_suitcase_N26_9"
    },
    "container_shoreline_DesignStuff_00717": {
      "groupId": "Plastic_suitcase_64_open_P_forest"
    },
    "container_shoreline_DesignStuff_00693": {
      "groupId": "Plastic_suitcase_N26_9"
    },
    "container_Test_for_export_00002": {
      "groupId": "Plastic_suitcase_64_open_P_forest"
    },
    "container_shoreline_DesignStuff_00695": {
      "groupId": "Plastic_suitcase_N26_9"
    },
    "container_shoreline_DesignStuff_00261": {
      "groupId": "Plastic_suitcase_N6_4_shoreline"
    },
    "container_shoreline_DesignStuff_00255": {
      "groupId": "Plastic_suitcase_N4_3_shoreline"
    },
    "container_shoreline_DesignStuff_00720": {
      "groupId": "Plastic_suitcase_64_open_P_forest"
    },
    "container_shoreline_DesignStuff_00252": {
      "groupId": "Plastic_suitcase_N3_2_shoreline"
    },
    "container_shoreline_DesignStuff_00716": {
      "groupId": "Plastic_suitcase_64_open_P_forest"
    },
    "container_shoreline_DesignStuff_00691": {
      "groupId": "Plastic_suitcase_N26_9"
    },
    "container_shoreline_DesignStuff_00259": {
      "groupId": "Plastic_suitcase_N5_4_shoreline"
    },
    "container_shoreline_DesignStuff_00266": {
      "groupId": "Plastic_suitcase_N7_4_shoreline"
    },
    "container_shoreline_DesignStuff_00718": {
      "groupId": "Plastic_suitcase_64_open_P_forest"
    },
    "container_shoreline_DesignStuff_00263": {
      "groupId": "Plastic_suitcase_N6_4_shoreline"
    },
    "container_shoreline_DesignStuff_00260": {
      "groupId": "Plastic_suitcase_N6_4_shoreline"
    },
    "container_shoreline_DesignStuff_00247": {
      "groupId": "Plastic_suitcase_N1_2_shoreline"
    },
    "container_shoreline_DesignStuff_00689": {
      "groupId": "Plastic_suitcase_N26_9"
    },
    "container_shoreline_DesignStuff_00256": {
      "groupId": "Plastic_suitcase_N5_4_shoreline"
    },
    "container_shoreline_DesignStuff_00257": {
      "groupId": "Plastic_suitcase_N5_4_shoreline"
    },
    "container_shoreline_DesignStuff_00251": {
      "groupId": "Plastic_suitcase_N3_2_shoreline"
    },
    "container_shoreline_DesignStuff_00246": {
      "groupId": "Plastic_suitcase_N1_2_shoreline"
    },
    "container_shoreline_DesignStuff_00276": {
      "groupId": "Plastic_suitcase_N11_2_shoreline"
    },
    "container_shoreline_DesignStuff_00296": {
      "groupId": "Plastic_suitcase_N19_3_shoreline"
    },
    "container_shoreline_DesignStuff_00307": {
      "groupId": "Plastic_suitcase_N23_2_shoreline"
    },
    "container_shoreline_DesignStuff_00287": {
      "groupId": "Plastic_suitcase_N16_3_shoreline"
    },
    "container_shoreline_DesignStuff_00268": {
      "groupId": "Plastic_suitcase_N8_3_shoreline"
    },
    "container_shoreline_DesignStuff_00272": {
      "groupId": "Plastic_suitcase_N9_2_shoreline"
    },
    "container_shoreline_DesignStuff_00279": {
      "groupId": "Plastic_suitcase_N13_2_shoreline"
    },
    "container_shoreline_DesignStuff_00297": {
      "groupId": "Plastic_suitcase_N19_3_shoreline"
    },
    "container_shoreline_DesignStuff_00284": {
      "groupId": "Plastic_suitcase_N14_4_shoreline"
    },
    "container_shoreline_DesignStuff_00299": {
      "groupId": "Plastic_suitcase_N20_3_shoreline"
    },
    "container_shoreline_DesignStuff_00304": {
      "groupId": "Plastic_suitcase_N22_2_shoreline"
    },
    "container_shoreline_DesignStuff_00270": {
      "groupId": "Plastic_suitcase_N8_3_shoreline"
    },
    "container_shoreline_DesignStuff_00302": {
      "groupId": "Plastic_suitcase_N21_3_shoreline"
    },
    "container_shoreline_DesignStuff_00273": {
      "groupId": "Plastic_suitcase_N10_2_shoreline"
    },
    "container_shoreline_DesignStuff_00292": {
      "groupId": "Plastic_suitcase_N17_2_shoreline"
    },
    "container_shoreline_DesignStuff_00274": {
      "groupId": "Plastic_suitcase_N10_2_shoreline"
    },
    "container_shoreline_DesignStuff_00300": {
      "groupId": "Plastic_suitcase_N20_3_shoreline"
    },
    "container_shoreline_DesignStuff_00290": {
      "groupId": "Plastic_suitcase_N17_2_shoreline"
    },
    "container_shoreline_DesignStuff_00278": {
      "groupId": "Plastic_suitcase_N12_2_shoreline"
    },
    "container_shoreline_DesignStuff_00286": {
      "groupId": "Plastic_suitcase_N15_2_shoreline"
    },
    "container_shoreline_DesignStuff_00289": {
      "groupId": "Plastic_suitcase_N16_3_shoreline"
    },
    "container_shoreline_DesignStuff_00280": {
      "groupId": "Plastic_suitcase_N13_2_shoreline"
    },
    "container_shoreline_DesignStuff_00306": {
      "groupId": "Plastic_suitcase_N23_2_shoreline"
    },
    "container_shoreline_DesignStuff_00298": {
      "groupId": "Plastic_suitcase_N20_3_shoreline"
    },
    "container_shoreline_DesignStuff_00269": {
      "groupId": "Plastic_suitcase_N8_3_shoreline"
    },
    "container_shoreline_DesignStuff_00191": {
      "groupId": ""
    },
    "container_shoreline_DesignStuff_00699": {
      "groupId": "Plastic_suitcase_N27_4"
    },
    "container_shoreline_DesignStuff_00271": {
      "groupId": "Plastic_suitcase_N9_2_shoreline"
    },
    "container_shoreline_DesignStuff_00697": {
      "groupId": "Plastic_suitcase_N27_4"
    },
    "container_shoreline_DesignStuff_00288": {
      "groupId": "Plastic_suitcase_N16_3_shoreline"
    },
    "container_shoreline_DesignStuff_00295": {
      "groupId": "Plastic_suitcase_N19_3_shoreline"
    },
    "container_shoreline_DesignStuff_00275": {
      "groupId": "Plastic_suitcase_N11_2_shoreline"
    },
    "container_shoreline_DesignStuff_00303": {
      "groupId": "Plastic_suitcase_N21_3_shoreline"
    },
    "container_shoreline_DesignStuff_00285": {
      "groupId": "Plastic_suitcase_N15_2_shoreline"
    },
    "container_shoreline_DesignStuff_00277": {
      "groupId": "Plastic_suitcase_N12_2_shoreline"
    },
    "container_shoreline_DesignStuff_00698": {
      "groupId": "Plastic_suitcase_N27_4"
    },
    "container_shoreline_DesignStuff_00293": {
      "groupId": "Plastic_suitcase_N18_2_shoreline"
    },
    "container_shoreline_DesignStuff_00305": {
      "groupId": "Plastic_suitcase_N22_2_shoreline"
    },
    "container_shoreline_DesignStuff_00283": {
      "groupId": "Plastic_suitcase_N14_4_shoreline"
    },
    "container_shoreline_DesignStuff_00282": {
      "groupId": "Plastic_suitcase_N14_4_shoreline"
    },
    "container_shoreline_DesignStuff_00700": {
      "groupId": "Plastic_suitcase_N27_4"
    },
    "container_shoreline_DesignStuff_00291": {
      "groupId": "Plastic_suitcase_N17_2_shoreline"
    },
    "container_shoreline_DesignStuff_00301": {
      "groupId": "Plastic_suitcase_N21_3_shoreline"
    },
    "container_shoreline_DesignStuff_00281": {
      "groupId": "Plastic_suitcase_N14_4_shoreline"
    },
    "container_shoreline_DesignStuff_00294": {
      "groupId": "Plastic_suitcase_N18_2_shoreline"
    }
  }
}