{
	    "5d25dae186f77443e55d2f78": {
        "QuestName": "The survivalist path. Zatoichi",
        "_id": "5d25dae186f77443e55d2f78",
        "canShowNotificationsInGame": true,
        "conditions": {
            "AvailableForFinish": [{
                    "_parent": "CounterCreator",
                    "_props": {
                        "counter": {
                            "conditions": [{
                                    "_parent": "Kills",
                                    "_props": {
                                        "compareMethod": ">=",
                                        "id": "5d25dc3486f77408251c4bf8",
                                        "target": "AnyPmc",
                                        "value": "1"
                                    }
                                }, {
                                    "_parent": "HealthEffect",
                                    "_props": {
                                        "bodyPartsWithEffects": [{
                                                "bodyParts": ["Head", "Chest", "Stomach", "LeftArm", "RightArm", "LeftLeg", "RightLeg"],
                                                "effects": ["Stun"]
                                            }
                                        ],
                                        "id": "5d25dfb686f77444001e2e47"
                                    }
                                }
                            ],
                            "id": "5d25dc2286f77443e7549027"
                        },
                        "id": "5d25dc2286f77443e7549028",
                        "index": 0,
                        "parentId": "",
                        "type": "Elimination",
                        "value": "2"
                    }
                }
            ],
            "AvailableForStart": [{
                    "_parent": "Quest",
                    "_props": {
                        "id": "",
                        "index": 0,
                        "parentId": "",
                        "status": [4],
                        "target": "5d25d2c186f77443e35162e5"
                    }
                }
            ],
            "Fail": []
        },
        "image": "/files/quest/icon/5d67b66186f774266f0867b5.jpg",
        "instantComplete": false,
        "isKey": false,
        "location": "any",
        "min_level": 0,
        "restartable": false,
        "rewards": {
            "Fail": [],
            "Started": [],
            "Success": [{
                    "id": "5d66724a86f774368e1b7862",
                    "index": 0,
                    "type": "Experience",
                    "value": "12000"
                }, {
                    "id": "5d66727886f774131e206b37",
                    "index": 1,
                    "items": [{
                            "_id": "5e02be602a251a095227110b",
                            "_tpl": "5449016a4bdc2d6f028b456f",
                            "upd": {
                                "StackObjectsCount": 30000
                            }
                        }
                    ],
                    "target": "5e02be602a251a095227110b",
                    "type": "Item",
                    "value": "30000"
                }, {
                    "id": "5d77cf9186f7745041358b52",
                    "index": 2,
                    "target": "5c0647fdd443bc2504c2d371",
                    "type": "TraderStanding",
                    "value": "0.03"
                }, {
                    "id": "5db2e34086f7742c9714d6f7",
                    "index": 3,
                    "items": [{
                            "_id": "5e02be602a251a095227110c",
                            "_tpl": "5c0d591486f7744c505b416f",
                            "upd": {
                                "StackObjectsCount": 30
                            }
                        }
                    ],
                    "target": "5e02be602a251a095227110c",
                    "type": "Item",
                    "value": "30"
                }, {
                    "id": "5db2fd7c86f7743a177e96c3",
                    "index": 4,
                    "items": [{
                            "_id": "5e02be602a251a095227110d",
                            "_tpl": "5c0d5ae286f7741e46554302",
                            "upd": {
                                "StackObjectsCount": 80
                            }
                        }
                    ],
                    "target": "5e02be602a251a095227110d",
                    "type": "Item",
                    "value": "80"
                }
            ]
        },
        "secretQuest": false,
        "traderId": "5c0647fdd443bc2504c2d371",
        "type": "Completion"
    },
	"636a2f5759cb834f8a5825d6": {
    "QuestName": "Letters",
    "_id": "636a2f5759cb834f8a5825d6",
    "canShowNotificationsInGame": true,
    "changeQuestMessageText": "636a2f5759cb834f8a5825d6 changeQuestMessageText",
    "conditions": {
      "AvailableForFinish": [
        {
          "_parent": "CounterCreator",
          "_props": {
            "counter": {
              "conditions": [
                {
                  "_parent": "Kills",
                  "_props": {
                    "id": "636a3023550cde781e0ac375",
                    "savageRole": [
                      "bossSanitar"
                    ],
                    "target": "Savage",
                    "weapon": [
                      "628a60ae6b1d481ff772e9c8",
                      "5cadfbf7ae92152ac412eeef",
                      "5ac66cb05acfc40198510a10",
                      "5ac66d015acfc400180ae6e4",
                      "5ac66d2e5acfc43b321d4b53",
                      "5ac66d725acfc43b321d4b60",
                      "5ac66d9b5acfc4001633997a",
                      "5bf3e03b0db834001d2c4a9c",
                      "5ac4cd105acfc40016339859",
                      "5644bd2b4bdc2d3b4c8b4572",
                      "59d6088586f774275f37482f",
                      "5a0ec13bfcdbcb00165aa685",
                      "59ff346386f77477562ff5e2",
                      "5abcbc27d8ce8700182eceeb",
                      "5bf3e0490db83400196199af",
                      "5ab8e9fcd8ce870019439434",
                      "57dc2fa62459775949412633",
                      "5839a40f24597726f856b511",
                      "583990e32459771419544dd2",
                      "57c44b372459772d2b39b8ce",
                      "606587252535c57a13424cfd",
                      "5447a9cd4bdc2dbd208b4567",
                      "5b0bbe4e5acfc40dc528a72d",
                      "5c488a752e221602b412af63",
                      "5dcbd56fdbd3d91b3e5468d5",
                      "6183afd850224f204c1da514",
                      "6165ac306ef05c2ce828ef74",
                      "6184055050224f204c1da540",
                      "618428466ef05c2ce828f218",
                      "5bb2475ed4351e00853264e3",
                      "623063e994fc3f7b302a9696",
                      "5fbcc1d9016cce60e8341ab3"
                    ]
                  }
                }
              ],
              "id": "636a2fbfaa5efe6e055057d8"
            },
            "doNotResetIfCounterCompleted": false,
            "dynamicLocale": false,
            "id": "636a2fbfaa5efe6e055057d7",
            "index": 0,
            "oneSessionOnly": false,
            "parentId": "",
            "type": "Elimination",
            "value": "1",
            "visibilityConditions": []
          },
          "dynamicLocale": false
        },
        {
          "_parent": "CounterCreator",
          "_props": {
            "counter": {
              "conditions": [
                {
                  "_parent": "Kills",
                  "_props": {
                    "id": "636a3079c7ed455bc71e3997",
                    "savageRole": [
                      "bossSanitar"
                    ],
                    "target": "Savage",
                    "weapon": [
                      "5f2a9575926fd9352339381f",
                      "5c07c60e0db834002330051f",
                      "5d43021ca4b9362eab4b5e25",
                      "628b5638ad252a16da6dd245",
                      "628b9c37a733087d0d7fe84b",
                      "5c501a4d2e221602b412b540",
                      "59e6152586f77473dc057aa1",
                      "59e6687d86f77411d949b251",
                      "574d967124597745970e7c94",
                      "587e02ff24597743df3deaeb"
                    ]
                  }
                }
              ],
              "id": "636a305ac7ed455bc71e3996"
            },
            "doNotResetIfCounterCompleted": false,
            "dynamicLocale": false,
            "id": "636a305ac7ed455bc71e3995",
            "index": 1,
            "oneSessionOnly": false,
            "parentId": "",
            "type": "Elimination",
            "value": "1",
            "visibilityConditions": []
          },
          "dynamicLocale": false
        },
        {
          "_parent": "CounterCreator",
          "_props": {
            "counter": {
              "conditions": [
                {
                  "_parent": "Kills",
                  "_props": {
                    "id": "636a30e6c6a62737bd4fcf25",
                    "savageRole": [
                      "bossSanitar"
                    ],
                    "target": "Savage",
                    "weapon": [
                      "5beed0f50db834001c062b12"
                    ]
                  }
                }
              ],
              "id": "636a30d002e62c4d853d3f46"
            },
            "doNotResetIfCounterCompleted": false,
            "dynamicLocale": false,
            "id": "636a30d002e62c4d853d3f45",
            "index": 2,
            "oneSessionOnly": false,
            "parentId": "",
            "type": "Elimination",
            "value": "1",
            "visibilityConditions": []
          },
          "dynamicLocale": false
        },
        {
          "_parent": "CounterCreator",
          "_props": {
            "counter": {
              "conditions": [
                {
                  "_parent": "Kills",
                  "_props": {
                    "id": "636a316a02e62c4d853d3f47",
                    "savageRole": [
                      "bossSanitar"
                    ],
                    "target": "Savage",
                    "weapon": [
                      "59f9cabd86f7743a10721f46",
                      "60339954d62c9b14ed777c06",
                      "5e00903ae9dc277128008b87",
                      "5de7bd7bfd6b4e6e2276dc25",
                      "5cc82d76e24e8d00134b4b83",
                      "5926bb2186f7744b1c6c6e60",
                      "5d2f0d8048f0356c925bc3b0",
                      "5ba26383d4351e00334c93d9",
                      "5bd70322209c4d00d7167b8f",
                      "5fc3e272f8b6a877a729eac5",
                      "58948c8e86f77409493f7266",
                      "5fb64bc92b1b027b1f50bcf2",
                      "5fc3f2d5900b1d5091531e57",
                      "59984ab886f7743e98271174",
                      "57f4c844245977379d5c14d1",
                      "57d14d2524597714373db789",
                      "57f3c6bd24597738e730fa2f",
                      "5ea03f7400685063ec28bfa8"
                    ]
                  }
                }
              ],
              "id": "636a31590860a46670082e67"
            },
            "doNotResetIfCounterCompleted": false,
            "dynamicLocale": false,
            "id": "636a31590860a46670082e66",
            "index": 3,
            "oneSessionOnly": false,
            "parentId": "",
            "type": "Elimination",
            "value": "1",
            "visibilityConditions": []
          },
          "dynamicLocale": false
        },
        {
          "_parent": "CounterCreator",
          "_props": {
            "counter": {
              "conditions": [
                {
                  "_parent": "Kills",
                  "_props": {
                    "id": "636b82dac0e68626dd2b2ba5",
                    "savageRole": [
                      "bossSanitar"
                    ],
                    "target": "Savage",
                    "weapon": [
                      "5a38e6bac4a2826c6e06d79b",
                      "5580223e4bdc2d1c128b457f",
                      "61f7c9e189e6fb1a5e3ea78d",
                      "54491c4f4bdc2db1078b4568",
                      "5e870397991fd70db46995c8",
                      "5a7828548dc32e5a9c28b516",
                      "5e848cc2988a8701445df1e8",
                      "6259b864ebedf17603599e88",
                      "60db29ce99594040e04c4a27",
                      "56dee2bdd2720bc8328b4567",
                      "606dae0ab0e443224b421bb7",
                      "576165642459773c7a400233"
                    ]
                  }
                }
              ],
              "id": "636b82a5c7ed455bc71e3999"
            },
            "doNotResetIfCounterCompleted": false,
            "dynamicLocale": false,
            "id": "636b82a5c7ed455bc71e3998",
            "index": 4,
            "oneSessionOnly": false,
            "parentId": "",
            "type": "Elimination",
            "value": "1",
            "visibilityConditions": []
          },
          "dynamicLocale": false
        },
        {
          "_parent": "CounterCreator",
          "_props": {
            "counter": {
              "conditions": [
                {
                  "_parent": "Kills",
                  "_props": {
                    "id": "636b82f959cb834f8a5825d7",
                    "savageRole": [
                      "bossSanitar"
                    ],
                    "target": "Savage",
                    "weapon": [
                      "5aafa857e5b5b00018480968",
                      "57838ad32459774a17445cd2",
                      "6176aca650224f204c1da3fb",
                      "5df8ce05b11454561e39243b",
                      "5a367e5dc4a282000e49738f",
                      "5fc22d7c187fea44d52eda44",
                      "5c46fbd72e2216398b5a8c9c"
                    ]
                  }
                }
              ],
              "id": "636b82e4550cde781e0ac378"
            },
            "doNotResetIfCounterCompleted": false,
            "dynamicLocale": false,
            "id": "636b82e4550cde781e0ac377",
            "index": 5,
            "oneSessionOnly": false,
            "parentId": "",
            "type": "Elimination",
            "value": "1",
            "visibilityConditions": []
          },
          "dynamicLocale": false
        },
        {
          "_parent": "CounterCreator",
          "_props": {
            "counter": {
              "conditions": [
                {
                  "_parent": "Kills",
                  "_props": {
                    "id": "636b8874c0e68626dd2b2ba6",
                    "savageRole": [
                      "bossSanitar"
                    ],
                    "target": "Savage",
                    "weapon": [
                      "5de652c31b7e3716273428be",
                      "5ae08f0a5acfc408fb1398a1",
                      "627e14b21713922ded6f2c15",
                      "588892092459774ac91d4b11",
                      "55801eed4bdc2d89578b4588",
                      "5bfd297f0db834001a669119",
                      "5bfea6e90db834001b7347f3",
                      "5df24cf80dee1b22f862e9bc"
                    ]
                  }
                }
              ],
              "id": "636b8864c7ed455bc71e399b"
            },
            "doNotResetIfCounterCompleted": false,
            "dynamicLocale": false,
            "id": "636b8864c7ed455bc71e399a",
            "index": 6,
            "oneSessionOnly": false,
            "parentId": "",
            "type": "Elimination",
            "value": "1",
            "visibilityConditions": []
          },
          "dynamicLocale": false
        },
        {
          "_parent": "CounterCreator",
          "_props": {
            "counter": {
              "conditions": [
                {
                  "_parent": "Kills",
                  "_props": {
                    "id": "636b891259cb834f8a5825d8",
                    "savageRole": [
                      "bossSanitar"
                    ],
                    "target": "Savage",
                    "weapon": [
                      "5e81ebcd8e146c7080625e15",
                      "6275303a9f372d6ea97f9ec7"
                    ]
                  }
                }
              ],
              "id": "636b88ff550cde781e0ac37a"
            },
            "doNotResetIfCounterCompleted": false,
            "dynamicLocale": false,
            "id": "636b88ff550cde781e0ac379",
            "index": 7,
            "oneSessionOnly": false,
            "parentId": "",
            "type": "Elimination",
            "value": "1",
            "visibilityConditions": []
          },
          "dynamicLocale": false
        },
        {
          "_parent": "CounterCreator",
          "_props": {
            "counter": {
              "conditions": [
                {
                  "_parent": "Kills",
                  "_props": {
                    "id": "636b89ee0860a46670082e6d",
                    "savageRole": [
                      "bossSanitar"
                    ],
                    "target": "Savage",
                    "weapon": [
                      "5abccb7dd8ce87001773e277",
                      "5a17f98cfcdbcb0980087290",
                      "5cadc190ae921500103bb3b6",
                      "5e81c3cbac2bb513793cdc75",
                      "5f36a0e5fbf956000b716b65",
                      "5d3eb3b0a4b93615055e84d2",
                      "5d67abc1a4b93614ec50137f",
                      "5a7ae0c351dfba0017554310",
                      "5b1fa9b25acfc40018633c01",
                      "6193a720f8ee7e52e42109ed",
                      "56d59856d2720bd8418b456a",
                      "56e0598dd2720bb5668b45a6",
                      "602a9740da11d6478d5a06dc",
                      "579204f224597773d619e051",
                      "5448bd6b4bdc2dfc2f8b4569",
                      "59f98b4986f7746f546d2cef",
                      "571a12c42459771f627b58a0",
                      "5b3b713c5acfc4330140bd8d",
                      "576a581d2459771e7b1bc4f1",
                      "624c2e8614da335f1e034d8c",
                      "61a4c8884f95bc3b2c5dc96f"
                    ]
                  }
                }
              ],
              "id": "636b89dfc0e68626dd2b2ba8"
            },
            "doNotResetIfCounterCompleted": false,
            "dynamicLocale": false,
            "id": "636b89dfc0e68626dd2b2ba7",
            "index": 8,
            "oneSessionOnly": false,
            "parentId": "",
            "type": "Elimination",
            "value": "1",
            "visibilityConditions": []
          },
          "dynamicLocale": false
        },
        {
          "_parent": "CounterCreator",
          "_props": {
            "counter": {
              "conditions": [
                {
                  "_parent": "Kills",
                  "_props": {
                    "dynamicLocale": false,
                    "id": "636cc8d746480934981ce1e7",
                    "savageRole": [
                      "bossSanitar"
                    ],
                    "target": "Savage",
                    "weapon": [
                      "54491bb74bdc2d09088b4567",
                      "57cd379a24597778e7682ecf",
                      "57e26ea924597715ca604a09",
                      "57e26fc7245977162a14b800",
                      "5bc9c1e2d4351e00367fbcf0",
                      "5bead2e00db834001c062938",
                      "5bffe7930db834001b734a39",
                      "5bffdd7e0db834001b734a1a",
                      "5bffdc370db834001d23eca8",
                      "5c012ffc0db834001d23f03f",
                      "5c010e350db83400232feec7",
                      "5c0126f40db834002a125382",
                      "5c07df7f0db834001b73588a",
                      "5fc64ea372b0dd78d51159dc",
                      "601948682627df266209af05"
                    ]
                  }
                }
              ],
              "id": "636cc7d546480934981ce1e6"
            },
            "doNotResetIfCounterCompleted": false,
            "dynamicLocale": false,
            "id": "636cc7d546480934981ce1e5",
            "index": 10,
            "oneSessionOnly": false,
            "parentId": "",
            "type": "Elimination",
            "value": "1",
            "visibilityConditions": []
          },
          "dynamicLocale": false
        },
        {
          "_parent": "CounterCreator",
          "_props": {
            "counter": {
              "conditions": [
                {
                  "_parent": "Kills",
                  "_props": {
                    "dynamicLocale": false,
                    "id": "636cc9b483a5a64d7e4164b5",
                    "savageRole": [
                      "bossSanitar"
                    ],
                    "target": "Savage",
                    "weapon": [
                      "5448be9a4bdc2dfd2f8b456a",
                      "5710c24ad2720bc3458b45a3",
                      "58d3db5386f77426186285a0",
                      "618a431df1eb8e24b8741deb",
                      "617fd91e5539a84ec44ce155",
                      "5a0c27731526d80618476ac4",
                      "5a2a57cfc4a2826c6e06d44a",
                      "5e340dcdcb6d5863cc5e5efb",
                      "5e32f56fcb6d5863cc5e5ee4",
                      "617aa4dd8166f034d57de9c5",
                      "619256e5f8af2c1a4e1f5d92"
                    ]
                  }
                }
              ],
              "id": "636cc91b314c901c6632f717"
            },
            "doNotResetIfCounterCompleted": false,
            "dynamicLocale": false,
            "id": "636cc91b314c901c6632f716",
            "index": 11,
            "oneSessionOnly": false,
            "parentId": "",
            "type": "Elimination",
            "value": "1",
            "visibilityConditions": []
          },
          "dynamicLocale": false
        }
      ],
      "AvailableForStart": [
        {
          "_parent": "Level",
          "_props": {
            "compareMethod": ">=",
            "dynamicLocale": false,
            "id": "51a926948657747aab09b77c",
            "index": 0,
            "parentId": "",
            "value": 15,
            "visibilityConditions": []
          },
          "dynamicLocale": false
        }
      ],
      "Fail": []
    },
    "description": "636a2f5759cb834f8a5825d6 description",
    "failMessageText": "636a2f5759cb834f8a5825d6 failMessageText",
    "image": "/files/quest/icon/636d298d32e6427e443ba62a.png",
    "instantComplete": false,
    "isKey": false,
    "location": "any",
    "name": "636a2f5759cb834f8a5825d6 name",
    "note": "636a2f5759cb834f8a5825d6 note",
    "restartable": false,
    "rewards": {
      "Fail": [],
      "Started": [],
      "Success": [
        {
          "id": "636be8174e661f662d548d14",
          "index": 0,
          "target": "5a7c2eca46aef81a7ca2145d",
          "type": "TraderStanding",
          "unknown": false,
          "value": "0.15"
        },
        {
          "findInRaid": true,
          "id": "636e22ec1eaec72c170e04e2",
          "index": 1,
          "items": [
            {
              "_id": "6373ea5d588289b7ab0e5671",
              "_tpl": "5aa7e373e5b5b000137b76f0",
              "upd": {
                "StackObjectsCount": 1
              }
            }
          ],
          "target": "6373ea5d588289b7ab0e5671",
          "type": "Item",
          "unknown": false,
          "value": "1"
        },
        {
          "findInRaid": true,
          "id": "636e22fd1eaec72c170e04e3",
          "index": 2,
          "items": [
            {
              "_id": "6373ea5d588289b7ab0e5672",
              "_tpl": "59e3577886f774176a362503",
              "upd": {
                "StackObjectsCount": 1
              }
            }
          ],
          "target": "6373ea5d588289b7ab0e5672",
          "type": "Item",
          "unknown": false,
          "value": "1"
        },
        {
          "findInRaid": true,
          "id": "636e2365938429500c01a6b2",
          "index": 3,
          "items": [
            {
              "_id": "6373ea5d588289b7ab0e5673",
              "_tpl": "5ed5166ad380ab312177c100",
              "upd": {
                "StackObjectsCount": 2
              }
            }
          ],
          "target": "6373ea5d588289b7ab0e5673",
          "type": "Item",
          "unknown": false,
          "value": "2"
        },
        {
          "findInRaid": true,
          "id": "636e24888c3265320e0d5f25",
          "index": 4,
          "items": [
            {
              "_id": "6373ea5d588289b7ab0e5674",
              "_tpl": "5e208b9842457a4a7a33d074",
              "upd": {
                "StackObjectsCount": 1
              }
            }
          ],
          "target": "6373ea5d588289b7ab0e5674",
          "type": "Item",
          "unknown": false,
          "value": "1"
        }
      ]
    },
    "secretQuest": false,
    "side": "Pmc",
    "startedMessageText": "636a2f5759cb834f8a5825d6 startedMessageText",
    "successMessageText": "636a2f5759cb834f8a5825d6 successMessageText",
    "templateId": "636a2f5759cb834f8a5825d6",
    "traderId": "5a7c2eca46aef81a7ca2145d",
    "type": "Elimination"
  },
  "5a5642ce86f77445c63c3419": {
    "QuestName": "Hippocratic Oath",
    "_id": "5a5642ce86f77445c63c3419",
    "canShowNotificationsInGame": false,
    "changeQuestMessageText": "5a5642ce86f77445c63c3419 changeQuestMessageText",
    "conditions": {
      "AvailableForFinish": [
        {
          "conditionType": "HandoverItem",
          "dogtagLevel": 0,
          "dynamicLocale": false,
          "globalQuestCounterId": "",
          "id": "5a56489d86f7740cfe70eba2",
          "index": 0,
          "minDurability": 0,
          "parentId": "",
          "target": [
            "5696686a4bdc2da3298b456a"
          ],
          "value": "500"
        }
      ],
      "AvailableForStart": [
        {
          "conditionType": "Quest",
          "dynamicLocale": false,
          "globalQuestCounterId": "",
          "id": "",
          "index": 0,
          "parentId": "",
          "status": [
            4
          ],
          "target": "596a218586f77420d232807c"
        },
        {
          "conditionType": "Quest",
          "dynamicLocale": false,
          "globalQuestCounterId": "",
          "id": "",
          "index": 1,
          "parentId": "",
          "status": [
            4
          ],
          "target": "596b455186f77457cb50eccb"
        }
      ],
      "Fail": []
    },
    "declinePlayerMessage": "5a5642ce86f77445c63c3419 declinePlayerMessage",
    "description": "5a5642ce86f77445c63c3419 description",
    "failMessageText": "5a5642ce86f77445c63c3419 failMessageText",
    "image": "/files/quest/icon/59c2742286f77475ec568d92.jpg",
    "instantComplete": false,
    "isKey": false,
    "location": "any",
    "name": "5a5642ce86f77445c63c3419 name",
    "note": "5a5642ce86f77445c63c3419 note",
    "restartable": false,
    "rewards": {
      "Fail": [],
      "Started": [],
      "Success": [
        {
          "id": "5a57272286f7743d8b6ccaca",
          "index": 0,
          "target": "54cb57776803fa99248b456e",
          "type": "TraderStanding",
          "value": "0.2"
        }
      ]
    },
    "secretQuest": false,
    "side": "Pmc",
    "startedMessageText": "5a5642ce86f77445c63c3419 startedMessageText",
    "successMessageText": "5a5642ce86f77445c63c3419 successMessageText",
    "traderId": "54cb57776803fa99248b456e",
    "type": "Completion"
  },
  "64edbb1317ab941a6f7cc247": {
    "QuestName": "Out Of Time",
    "_id": "64edbb1317ab941a6f7cc247",
    "canShowNotificationsInGame": true,
    "acceptPlayerMessage": "64edbb1317ab941a6f7cc247 acceptPlayerMessage",
    "changeQuestMessageText": "64edbb1317ab941a6f7cc247 changeQuestMessageText",
    "completePlayerMessage": "64edbb1317ab941a6f7cc247 completePlayerMessage",
    "conditions": {
      "AvailableForFinish": [
        {
          "conditionType": "FindItem",
          "dogtagLevel": 0,
          "id": "64edbe9926cfa02c506f893f",
          "index": 0,
          "maxDurability": 100,
          "minDurability": 0,
          "parentId": "",
          "isEncoded": false,
          "onlyFoundInRaid": false,
          "dynamicLocale": false,
          "target": [
            "64e73909cd54ef0580746af3"
          ],
          "countInRaid": false,
          "globalQuestCounterId": "",
          "value": "1",
          "visibilityConditions": []
        },
        {
          "conditionType": "HandoverItem",
          "dogtagLevel": 0,
          "id": "64edbeae9878a0569d6ec747",
          "index": 1,
          "maxDurability": 100,
          "minDurability": 0,
          "parentId": "",
          "isEncoded": false,
          "onlyFoundInRaid": false,
          "dynamicLocale": false,
          "target": [
            "64e73909cd54ef0580746af3"
          ],
          "globalQuestCounterId": "",
          "value": "1",
          "visibilityConditions": [
            {
              "conditionType": "CompleteCondition",
              "id": "64edbf399878a0569d6ec748",
              "target": "64edbe9926cfa02c506f893f"
            }
          ]
        },
        {
          "conditionType": "FindItem",
          "dogtagLevel": 0,
          "id": "64edce2d1a5f313cb144bf83",
          "index": 2,
          "maxDurability": 100,
          "minDurability": 0,
          "parentId": "",
          "isEncoded": false,
          "onlyFoundInRaid": false,
          "dynamicLocale": false,
          "target": [
            "64e74a186393886f74114a96"
          ],
          "countInRaid": false,
          "globalQuestCounterId": "",
          "value": "1",
          "visibilityConditions": []
        },
        {
          "conditionType": "HandoverItem",
          "dogtagLevel": 0,
          "id": "64edce599878a0569d6ec749",
          "index": 3,
          "maxDurability": 100,
          "minDurability": 0,
          "parentId": "",
          "isEncoded": false,
          "onlyFoundInRaid": false,
          "dynamicLocale": false,
          "target": [
            "64e74a186393886f74114a96"
          ],
          "globalQuestCounterId": "",
          "value": "1",
          "visibilityConditions": [
            {
              "conditionType": "CompleteCondition",
              "id": "64edd0c552fc01298e2c5e20",
              "target": "64edce2d1a5f313cb144bf83"
            }
          ]
        },
        {
          "conditionType": "FindItem",
          "dogtagLevel": 0,
          "id": "64edce90403fc9681a4b7d5e",
          "index": 4,
          "maxDurability": 100,
          "minDurability": 0,
          "parentId": "",
          "isEncoded": false,
          "onlyFoundInRaid": false,
          "dynamicLocale": false,
          "target": [
            "64e74a1faac4cd0a7264ecd9"
          ],
          "countInRaid": false,
          "globalQuestCounterId": "",
          "value": "1",
          "visibilityConditions": []
        },
        {
          "conditionType": "HandoverItem",
          "dogtagLevel": 0,
          "id": "64edce82496db64f9b7a442c",
          "index": 5,
          "maxDurability": 100,
          "minDurability": 0,
          "parentId": "",
          "isEncoded": false,
          "onlyFoundInRaid": false,
          "dynamicLocale": false,
          "target": [
            "64e74a1faac4cd0a7264ecd9"
          ],
          "globalQuestCounterId": "",
          "value": "1",
          "visibilityConditions": [
            {
              "conditionType": "CompleteCondition",
              "id": "64edd0d69878a0569d6ec74b",
              "target": "64edce90403fc9681a4b7d5e"
            }
          ]
        },
        {
          "conditionType": "FindItem",
          "dogtagLevel": 0,
          "id": "64edcea1b63b74469b6c131a",
          "index": 6,
          "maxDurability": 100,
          "minDurability": 0,
          "parentId": "",
          "isEncoded": false,
          "onlyFoundInRaid": false,
          "dynamicLocale": false,
          "target": [
            "64e74a274d49d23b2c39d317"
          ],
          "countInRaid": false,
          "globalQuestCounterId": "",
          "value": "1",
          "visibilityConditions": []
        },
        {
          "conditionType": "HandoverItem",
          "dogtagLevel": 0,
          "id": "64edceac67e11a7c6206dcd7",
          "index": 7,
          "maxDurability": 100,
          "minDurability": 0,
          "parentId": "",
          "isEncoded": false,
          "onlyFoundInRaid": false,
          "dynamicLocale": false,
          "target": [
            "64e74a274d49d23b2c39d317"
          ],
          "globalQuestCounterId": "",
          "value": "1",
          "visibilityConditions": [
            {
              "conditionType": "CompleteCondition",
              "id": "64edd0de1180874bb93e857f",
              "target": "64edcea1b63b74469b6c131a"
            }
          ]
        },
        {
          "conditionType": "FindItem",
          "dogtagLevel": 0,
          "id": "64edcebb496db64f9b7a442d",
          "index": 8,
          "maxDurability": 100,
          "minDurability": 0,
          "parentId": "",
          "isEncoded": false,
          "onlyFoundInRaid": false,
          "dynamicLocale": false,
          "target": [
            "64e74a2fc2b4f829615ec332"
          ],
          "countInRaid": false,
          "globalQuestCounterId": "",
          "value": "1",
          "visibilityConditions": []
        },
        {
          "conditionType": "HandoverItem",
          "dogtagLevel": 0,
          "id": "64edcec4a2a5bb727b61c25e",
          "index": 9,
          "maxDurability": 100,
          "minDurability": 0,
          "parentId": "",
          "isEncoded": false,
          "onlyFoundInRaid": false,
          "dynamicLocale": false,
          "target": [
            "64e74a2fc2b4f829615ec332"
          ],
          "globalQuestCounterId": "",
          "value": "1",
          "visibilityConditions": [
            {
              "conditionType": "CompleteCondition",
              "id": "64edd0e7bf4c727e9c7bdb95",
              "target": "64edcebb496db64f9b7a442d"
            }
          ]
        },
        {
          "conditionType": "FindItem",
          "dogtagLevel": 0,
          "id": "64edcecd1a5f313cb144bf84",
          "index": 10,
          "maxDurability": 100,
          "minDurability": 0,
          "parentId": "",
          "isEncoded": false,
          "onlyFoundInRaid": false,
          "dynamicLocale": false,
          "target": [
            "64e74a35aac4cd0a7264ecdb"
          ],
          "countInRaid": false,
          "globalQuestCounterId": "",
          "value": "1",
          "visibilityConditions": []
        },
        {
          "conditionType": "HandoverItem",
          "dogtagLevel": 0,
          "id": "64edced69878a0569d6ec74a",
          "index": 11,
          "maxDurability": 100,
          "minDurability": 0,
          "parentId": "",
          "isEncoded": false,
          "onlyFoundInRaid": false,
          "dynamicLocale": false,
          "target": [
            "64e74a35aac4cd0a7264ecdb"
          ],
          "globalQuestCounterId": "",
          "value": "1",
          "visibilityConditions": [
            {
              "conditionType": "CompleteCondition",
              "id": "64edd0ed403fc9681a4b7d60",
              "target": "64edcecd1a5f313cb144bf84"
            }
          ]
        },
        {
          "conditionType": "FindItem",
          "dogtagLevel": 0,
          "id": "64edcee01180874bb93e857e",
          "index": 12,
          "maxDurability": 100,
          "minDurability": 0,
          "parentId": "",
          "isEncoded": false,
          "onlyFoundInRaid": false,
          "dynamicLocale": false,
          "target": [
            "64e74a3d4d49d23b2c39d319"
          ],
          "countInRaid": false,
          "globalQuestCounterId": "",
          "value": "1",
          "visibilityConditions": []
        },
        {
          "conditionType": "HandoverItem",
          "dogtagLevel": 0,
          "id": "64edcee7403fc9681a4b7d5f",
          "index": 13,
          "maxDurability": 100,
          "minDurability": 0,
          "parentId": "",
          "isEncoded": false,
          "onlyFoundInRaid": false,
          "dynamicLocale": false,
          "target": [
            "64e74a3d4d49d23b2c39d319"
          ],
          "globalQuestCounterId": "",
          "value": "1",
          "visibilityConditions": [
            {
              "conditionType": "CompleteCondition",
              "id": "64edd0f29a4f905106514fbf",
              "target": "64edcee01180874bb93e857e"
            }
          ]
        },
        {
          "conditionType": "FindItem",
          "dogtagLevel": 0,
          "id": "64edcf0039e45b527a7c3fed",
          "index": 14,
          "maxDurability": 100,
          "minDurability": 0,
          "parentId": "",
          "isEncoded": false,
          "onlyFoundInRaid": false,
          "dynamicLocale": false,
          "target": [
            "64e74a44c2b4f829615ec334"
          ],
          "countInRaid": false,
          "globalQuestCounterId": "",
          "value": "1",
          "visibilityConditions": []
        },
        {
          "conditionType": "HandoverItem",
          "dogtagLevel": 0,
          "id": "64edcf0932bed22c3e0c741d",
          "index": 15,
          "maxDurability": 100,
          "minDurability": 0,
          "parentId": "",
          "isEncoded": false,
          "onlyFoundInRaid": false,
          "dynamicLocale": false,
          "target": [
            "64e74a44c2b4f829615ec334"
          ],
          "globalQuestCounterId": "",
          "value": "1",
          "visibilityConditions": [
            {
              "conditionType": "CompleteCondition",
              "id": "64edd0fb1a5f313cb144bf86",
              "target": "64edcf0039e45b527a7c3fed"
            }
          ]
        },
        {
          "conditionType": "FindItem",
          "dogtagLevel": 0,
          "id": "64edcf27bf4c727e9c7bdb94",
          "index": 16,
          "maxDurability": 100,
          "minDurability": 0,
          "parentId": "",
          "isEncoded": false,
          "onlyFoundInRaid": false,
          "dynamicLocale": false,
          "target": [
            "64e74a4baac4cd0a7264ecdd"
          ],
          "countInRaid": false,
          "globalQuestCounterId": "",
          "value": "1",
          "visibilityConditions": []
        },
        {
          "conditionType": "HandoverItem",
          "dogtagLevel": 0,
          "id": "64edcf2f9a4f905106514fbe",
          "index": 17,
          "maxDurability": 100,
          "minDurability": 0,
          "parentId": "",
          "isEncoded": false,
          "onlyFoundInRaid": false,
          "dynamicLocale": false,
          "target": [
            "64e74a4baac4cd0a7264ecdd"
          ],
          "globalQuestCounterId": "",
          "value": "1",
          "visibilityConditions": [
            {
              "conditionType": "CompleteCondition",
              "id": "64edd10239e45b527a7c3fee",
              "target": "64edcf27bf4c727e9c7bdb94"
            }
          ]
        },
        {
          "conditionType": "FindItem",
          "dogtagLevel": 0,
          "id": "64edcf48b63b74469b6c131b",
          "index": 18,
          "maxDurability": 100,
          "minDurability": 0,
          "parentId": "",
          "isEncoded": false,
          "onlyFoundInRaid": false,
          "dynamicLocale": false,
          "target": [
            "64e74a534d49d23b2c39d31b"
          ],
          "countInRaid": false,
          "globalQuestCounterId": "",
          "value": "1",
          "visibilityConditions": []
        },
        {
          "conditionType": "HandoverItem",
          "dogtagLevel": 0,
          "id": "64edcf5067e11a7c6206dcd8",
          "index": 19,
          "maxDurability": 100,
          "minDurability": 0,
          "parentId": "",
          "isEncoded": false,
          "onlyFoundInRaid": false,
          "dynamicLocale": false,
          "target": [
            "64e74a534d49d23b2c39d31b"
          ],
          "globalQuestCounterId": "",
          "value": "1",
          "visibilityConditions": [
            {
              "conditionType": "CompleteCondition",
              "id": "64edd11c67e11a7c6206dcd9",
              "target": "64edcf48b63b74469b6c131b"
            }
          ]
        },
        {
          "conditionType": "FindItem",
          "dogtagLevel": 0,
          "id": "64edcf5c496db64f9b7a442e",
          "index": 20,
          "maxDurability": 100,
          "minDurability": 0,
          "parentId": "",
          "isEncoded": false,
          "onlyFoundInRaid": false,
          "dynamicLocale": false,
          "target": [
            "64e74a5ac2b4f829615ec336"
          ],
          "countInRaid": false,
          "globalQuestCounterId": "",
          "value": "1",
          "visibilityConditions": []
        },
        {
          "conditionType": "HandoverItem",
          "dogtagLevel": 0,
          "id": "64edcf62a2a5bb727b61c25f",
          "index": 21,
          "maxDurability": 100,
          "minDurability": 0,
          "parentId": "",
          "isEncoded": false,
          "onlyFoundInRaid": false,
          "dynamicLocale": false,
          "target": [
            "64e74a5ac2b4f829615ec336"
          ],
          "globalQuestCounterId": "",
          "value": "1",
          "visibilityConditions": [
            {
              "conditionType": "CompleteCondition",
              "id": "64edd12132bed22c3e0c741e",
              "target": "64edcf5c496db64f9b7a442e"
            }
          ]
        },
        {
          "conditionType": "FindItem",
          "dogtagLevel": 0,
          "id": "64edcf711a5f313cb144bf85",
          "index": 22,
          "maxDurability": 100,
          "minDurability": 0,
          "parentId": "",
          "isEncoded": false,
          "onlyFoundInRaid": false,
          "dynamicLocale": false,
          "target": [
            "64e74a64aac4cd0a7264ecdf"
          ],
          "countInRaid": false,
          "globalQuestCounterId": "",
          "value": "1",
          "visibilityConditions": []
        },
        {
          "conditionType": "HandoverItem",
          "dogtagLevel": 0,
          "id": "64edcf7b496db64f9b7a442f",
          "index": 23,
          "maxDurability": 100,
          "minDurability": 0,
          "parentId": "",
          "isEncoded": false,
          "onlyFoundInRaid": false,
          "dynamicLocale": false,
          "target": [
            "64e74a64aac4cd0a7264ecdf"
          ],
          "globalQuestCounterId": "",
          "value": "1",
          "visibilityConditions": [
            {
              "conditionType": "CompleteCondition",
              "id": "64edd126496db64f9b7a4430",
              "target": "64edcf711a5f313cb144bf85"
            }
          ]
        }
      ],
      "AvailableForStart": [
        {
          "conditionType": "Quest",
          "id": "64f8d0d257e97a7623720832",
          "index": 0,
          "parentId": "",
          "dynamicLocale": false,
          "target": "639135a7e705511c8a4a1b78",
          "status": [
            4
          ],
          "globalQuestCounterId": "",
          "availableAfter": 0,
          "dispersion": 0,
          "visibilityConditions": []
        },
        {
          "conditionType": "Quest",
          "id": "64f8d0d6c8626c7d46040669",
          "index": 1,
          "parentId": "",
          "dynamicLocale": false,
          "target": "5c112d7e86f7740d6f647486",
          "status": [
            4
          ],
          "globalQuestCounterId": "",
          "availableAfter": 0,
          "dispersion": 0,
          "visibilityConditions": []
        }
      ],
      "Fail": []
    },
    "description": "64edbb1317ab941a6f7cc247 description",
    "failMessageText": "64edbb1317ab941a6f7cc247 failMessageText",
    "declinePlayerMessage": "64edbb1317ab941a6f7cc247 declinePlayerMessage",
    "name": "64edbb1317ab941a6f7cc247 name",
    "note": "64edbb1317ab941a6f7cc247 note",
    "traderId": "5ac3b934156ae10c4430e83c",
    "location": "any",
    "image": "/files/quest/icon/63aaec53e842787ad21356a3.jpg",
    "type": "Completion",
    "isKey": false,
    "restartable": false,
    "instantComplete": false,
    "secretQuest": false,
    "startedMessageText": "64edbb1317ab941a6f7cc247 startedMessageText",
    "successMessageText": "64edbb1317ab941a6f7cc247 successMessageText",
    "rewards": {
      "Started": [],
      "Success": [
        {
          "value": 25700,
          "id": "64f8cec8b4918f39d363e404",
          "type": "Experience",
          "index": 1
        },
        {
          "value": "0.03",
          "id": "64f8d0e8a9c59f365c4eaeeb",
          "type": "TraderStanding",
          "index": 2,
          "target": "5ac3b934156ae10c4430e83c"
        },
        {
          "value": "1000000",
          "id": "64f8d0fa7d39ff0e7624cfab",
          "type": "Item",
          "index": 3,
          "target": "64f9c4d2bf50026687012ffa",
          "findInRaid": true,
          "items": [
            {
              "_id": "64f9c4d2bf50026687012ffa",
              "_tpl": "5449016a4bdc2d6f028b456f",
              "upd": {
                "StackObjectsCount": 1000000
              }
            }
          ]
        },
        {
          "value": "3",
          "id": "64f8cef4c8626c7d4604042b",
          "type": "Item",
          "index": 4,
          "target": "64f9c4d2bf50026687012ffb",
          "findInRaid": true,
          "items": [
            {
              "_id": "64f9c4d2bf50026687012ffb",
              "_tpl": "5e9dacf986f774054d6b89f4",
              "upd": {
                "StackObjectsCount": 3
              }
            }
          ]
        },
        {
          "id": "64f8d10c7d39ff0e7624cfac",
          "type": "AssortmentUnlock",
          "index": 5,
          "target": "64f9c4d2bf50026687012ffc",
          "items": [
            {
              "_id": "64f9c4d2bf50026687012ffc",
              "_tpl": "639346cc1c8f182ad90c8972"
            }
          ],
          "loyaltyLevel": 3,
          "traderId": "5ac3b934156ae10c4430e83c"
        }
      ],
      "Fail": []
    },
    "side": "Pmc"
  },
  "65e85198e32da31f2b30978e": {
    "QuestName": "Evil Spirits - Event",
    "_id": "65e85198e32da31f2b30978e",
    "canShowNotificationsInGame": true,
    "acceptPlayerMessage": "65e85198e32da31f2b30978e acceptPlayerMessage",
    "changeQuestMessageText": "65e85198e32da31f2b30978e changeQuestMessageText",
    "completePlayerMessage": "65e85198e32da31f2b30978e completePlayerMessage",
    "conditions": {
      "AvailableForFinish": [
        {
          "completeInSeconds": 0,
          "conditionType": "CounterCreator",
          "counter": {
            "id": "65e869e9304b9f90aa352d01",
            "conditions": [
              {
                "id": "65e869f95f1f315678e8e70f",
                "dynamicLocale": false,
                "target": [
                  "Buffs_Frostbite"
                ],
                "conditionType": "HealthBuff"
              },
              {
                "id": "65e9dbb88415a57420051568",
                "dynamicLocale": false,
                "bodyPartsWithEffects": [
                  {
                    "bodyParts": [
                      "Head"
                    ],
                    "effects": [
                      "Existence"
                    ]
                  },
                  {
                    "bodyParts": [
                      "Chest"
                    ],
                    "effects": [
                      "Existence"
                    ]
                  }
                ],
                "energy": {
                  "value": 0,
                  "compareMethod": ">="
                },
                "hydration": {
                  "value": 0,
                  "compareMethod": ">="
                },
                "time": {
                  "value": 1,
                  "compareMethod": ">="
                },
                "conditionType": "HealthEffect"
              }
            ]
          },
          "id": "65e869e9e52beab502ad8566",
          "index": 0,
          "parentId": "",
          "oneSessionOnly": false,
          "dynamicLocale": false,
          "type": "Exploration",
          "doNotResetIfCounterCompleted": false,
          "globalQuestCounterId": "",
          "value": 1,
          "visibilityConditions": []
        },
        {
          "completeInSeconds": 0,
          "conditionType": "CounterCreator",
          "counter": {
            "id": "65e86c10d3df102e89a28c28",
            "conditions": [
              {
                "id": "65e86c1f32edbb1241cdc6e7",
                "dynamicLocale": false,
                "target": "Savage",
                "compareMethod": ">=",
                "value": 0,
                "weapon": [],
                "distance": {
                  "value": 0,
                  "compareMethod": ">="
                },
                "weaponModsInclusive": [],
                "weaponModsExclusive": [],
                "enemyEquipmentInclusive": [],
                "enemyEquipmentExclusive": [],
                "weaponCaliber": [],
                "savageRole": [
                  "spiritSpring",
                  "spiritWinter"
                ],
                "bodyPart": [],
                "daytime": {
                  "from": 0,
                  "to": 0
                },
                "enemyHealthEffects": [],
                "resetOnSessionEnd": false,
                "conditionType": "Kills"
              }
            ]
          },
          "id": "65e86c10d9b24dcaf94f834c",
          "index": 1,
          "parentId": "",
          "oneSessionOnly": false,
          "dynamicLocale": false,
          "type": "Elimination",
          "doNotResetIfCounterCompleted": false,
          "globalQuestCounterId": "",
          "value": 1,
          "visibilityConditions": []
        }
      ],
      "AvailableForStart": [
        {
          "conditionType": "Quest",
          "id": "65f185470ec6e18937637e89",
          "index": 0,
          "parentId": "",
          "dynamicLocale": false,
          "target": "657315df034d76585f032e01",
          "status": [
            2,
            4,
            5
          ],
          "globalQuestCounterId": "",
          "availableAfter": 0,
          "dispersion": 0,
          "visibilityConditions": []
        }
      ],
      "Fail": []
    },
    "description": "65e85198e32da31f2b30978e description",
    "failMessageText": "65e85198e32da31f2b30978e failMessageText",
    "declinePlayerMessage": "65e85198e32da31f2b30978e declinePlayerMessage",
    "name": "65e85198e32da31f2b30978e name",
    "note": "65e85198e32da31f2b30978e note",
    "traderId": "54cb50c76803fa8b248b4571",
    "location": "any",
    "image": "/files/quest/icon/65f773082e9cf257e2717145.jpg",
    "type": "Exploration",
    "isKey": false,
    "restartable": false,
    "instantComplete": false,
    "secretQuest": false,
    "startedMessageText": "65e85198e32da31f2b30978e startedMessageText",
    "successMessageText": "65e85198e32da31f2b30978e successMessageText",
    "rewards": {
      "Started": [],
      "Success": [
        {
          "value": "2400",
          "id": "65e85cd01ff5961ee517c085",
          "type": "Experience",
          "index": 0
        },
        {
          "value": "0.01",
          "id": "65e9c074f44fc40f623cc50e",
          "type": "TraderStanding",
          "index": 1,
          "target": "54cb50c76803fa8b248b4571"
        },
        {
          "value": "16500",
          "id": "65e9c0a00bf3353cb40a8d4f",
          "type": "Item",
          "index": 2,
          "target": "6605abbd77680dbd040b1300",
          "findInRaid": true,
          "items": [
            {
              "_id": "6605abbd77680dbd040b1300",
              "_tpl": "5449016a4bdc2d6f028b456f",
              "upd": {
                "StackObjectsCount": 16500
              }
            }
          ]
        },
        {
          "value": "2",
          "id": "65e9c0b8f7a2123f32100b98",
          "type": "Item",
          "index": 3,
          "target": "6605abbd77680dbd040b1301",
          "findInRaid": true,
          "items": [
            {
              "_id": "6605abbd77680dbd040b1301",
              "_tpl": "5d40407c86f774318526545a",
              "upd": {
                "StackObjectsCount": 2
              }
            }
          ]
        },
        {
          "value": "2",
          "id": "65e9c0c3f249652c730756eb",
          "type": "Item",
          "index": 4,
          "target": "6605abbd77680dbd040b1302",
          "findInRaid": true,
          "items": [
            {
              "_id": "6605abbd77680dbd040b1302",
              "_tpl": "635a758bfefc88a93f021b8a",
              "upd": {
                "StackObjectsCount": 2
              }
            }
          ]
        }
      ],
      "Fail": []
    },
    "side": "Pmc"
  },
  "65e851a98f0b5f70ff393d90": {
    "QuestName": "Unknown quest",
    "_id": "65e851a98f0b5f70ff393d90",
    "acceptPlayerMessage": "65e851a98f0b5f70ff393d90 acceptPlayerMessage",
    "canShowNotificationsInGame": true,
    "changeQuestMessageText": "65e851a98f0b5f70ff393d90 changeQuestMessageText",
    "completePlayerMessage": "65e851a98f0b5f70ff393d90 completePlayerMessage",
    "conditions": {
      "AvailableForFinish": [
        {
          "completeInSeconds": 0,
          "conditionType": "CounterCreator",
          "counter": {
            "conditions": [
              {
                "bodyPart": [],
                "compareMethod": ">=",
                "conditionType": "Kills",
                "daytime": {
                  "from": 0,
                  "to": 0
                },
                "distance": {
                  "compareMethod": ">=",
                  "value": 0
                },
                "dynamicLocale": false,
                "enemyEquipmentExclusive": [],
                "enemyEquipmentInclusive": [],
                "enemyHealthEffects": [],
                "id": "65e86c8d6f37b61f9188f850",
                "resetOnSessionEnd": false,
                "savageRole": [
                  "spiritSpring",
                  "spiritWinter"
                ],
                "target": "Savage",
                "value": 0,
                "weapon": [],
                "weaponCaliber": [],
                "weaponModsExclusive": [],
                "weaponModsInclusive": []
              }
            ],
            "id": "65e86c7f3816f5eb6c616b28"
          },
          "doNotResetIfCounterCompleted": false,
          "dynamicLocale": false,
          "globalQuestCounterId": "",
          "id": "65e86c7f40eb7a553a55e805",
          "index": 0,
          "oneSessionOnly": false,
          "parentId": "",
          "type": "Elimination",
          "value": 50,
          "visibilityConditions": []
        }
      ],
      "AvailableForStart": [
        {
          "availableAfter": 0,
          "conditionType": "Quest",
          "dispersion": 0,
          "dynamicLocale": false,
          "globalQuestCounterId": "",
          "id": "65e9c2174341a11df600bdf7",
          "index": 0,
          "parentId": "",
          "status": [
            4
          ],
          "target": "65e85198e32da31f2b30978e",
          "visibilityConditions": []
        }
      ],
      "Fail": []
    },
    "declinePlayerMessage": "65e851a98f0b5f70ff393d90 declinePlayerMessage",
    "description": "65e851a98f0b5f70ff393d90 description",
    "failMessageText": "65e851a98f0b5f70ff393d90 failMessageText",
    "image": "/files/quest/icon/65f77467dc590c28aa443875.jpg",
    "instantComplete": false,
    "isKey": false,
    "location": "any",
    "name": "65e851a98f0b5f70ff393d90 name",
    "note": "65e851a98f0b5f70ff393d90 note",
    "restartable": false,
    "rewards": {
      "Fail": [],
      "Started": [],
      "Success": [
        {
          "id": "65e85cc875ea99590e6fc9a1",
          "index": 0,
          "type": "Experience",
          "value": "22000"
        },
        {
          "id": "65e9c6f7f44fc40f623cd796",
          "index": 1,
          "target": "54cb50c76803fa8b248b4571",
          "type": "TraderStanding",
          "value": "0.05"
        },
        {
          "findInRaid": true,
          "id": "65e9c71a109d5440b03a3f19",
          "index": 2,
          "items": [
            {
              "_id": "6607343337202496420e44fc",
              "_tpl": "5449016a4bdc2d6f028b456f",
              "upd": {
                "StackObjectsCount": 165000
              }
            }
          ],
          "target": "6607343337202496420e44fc",
          "type": "Item",
          "value": "165000"
        },
        {
          "findInRaid": true,
          "id": "65e9c758f7a2123f32101392",
          "index": 3,
          "items": [
            {
              "_id": "6607343337202496420e44fd",
              "_tpl": "657023b1cfc010a0f50069e5",
              "upd": {
                "StackObjectsCount": 3
              }
            }
          ],
          "target": "6607343337202496420e44fd",
          "type": "Item",
          "value": "3"
        },
        {
          "findInRaid": true,
          "id": "65e9c76e3e1cb842de6227ac",
          "index": 4,
          "items": [
            {
              "_id": "6607343337202496420e44fe",
              "_tpl": "55d4887d4bdc2d962f8b4570",
              "upd": {
                "StackObjectsCount": 3
              }
            }
          ],
          "target": "6607343337202496420e44fe",
          "type": "Item",
          "value": "3"
        },
        {
          "findInRaid": true,
          "id": "65e9c8237cd8ac481c662724",
          "index": 5,
          "items": [
            {
              "_id": "6607343337202496420e44ff",
              "_tpl": "5fbcc1d9016cce60e8341ab3",
              "upd": {
                "FireMode": {
                  "FireMode": "single"
                },
                "StackObjectsCount": 2
              }
            },
            {
              "_id": "6607343337202496420e4500",
              "_tpl": "5fbcbd6c187fea44d52eda14",
              "parentId": "6607343337202496420e44ff",
              "slotId": "mod_pistol_grip"
            },
            {
              "_id": "6607343337202496420e4501",
              "_tpl": "55d4887d4bdc2d962f8b4570",
              "parentId": "6607343337202496420e44ff",
              "slotId": "mod_magazine"
            },
            {
              "_id": "6607343337202496420e4502",
              "_tpl": "5fbcc3e4d6fa9c00c571bb58",
              "parentId": "6607343337202496420e44ff",
              "slotId": "mod_reciever"
            },
            {
              "_id": "6607343337202496420e4503",
              "_tpl": "5fbbfacda56d053a3543f799",
              "parentId": "6607343337202496420e4502",
              "slotId": "mod_barrel"
            },
            {
              "_id": "6607343337202496420e4504",
              "_tpl": "5fbc22ccf24b94483f726483",
              "parentId": "6607343337202496420e4503",
              "slotId": "mod_muzzle"
            },
            {
              "_id": "6607343337202496420e4505",
              "_tpl": "5fbcbd10ab884124df0cd563",
              "parentId": "6607343337202496420e4504",
              "slotId": "mod_muzzle_000"
            },
            {
              "_id": "6607343337202496420e4506",
              "_tpl": "5fbc210bf24b94483f726481",
              "parentId": "6607343337202496420e4503",
              "slotId": "mod_gas_block"
            },
            {
              "_id": "6607343337202496420e4507",
              "_tpl": "5fbc226eca32ed67276c155d",
              "parentId": "6607343337202496420e4502",
              "slotId": "mod_handguard"
            },
            {
              "_id": "6607343337202496420e4508",
              "_tpl": "5fc0fa362770a0045c59c677",
              "parentId": "6607343337202496420e4507",
              "slotId": "mod_sight_front"
            },
            {
              "_id": "6607343337202496420e4509",
              "_tpl": "5fc0fa957283c4046c58147e",
              "parentId": "6607343337202496420e4502",
              "slotId": "mod_sight_rear"
            },
            {
              "_id": "6607343337202496420e450a",
              "_tpl": "5fbcc437d724d907e2077d5c",
              "parentId": "6607343337202496420e44ff",
              "slotId": "mod_stock"
            },
            {
              "_id": "6607343337202496420e450b",
              "_tpl": "5fbcc640016cce60e8341acc",
              "parentId": "6607343337202496420e44ff",
              "slotId": "mod_charge"
            }
          ],
          "target": "6607343337202496420e44ff",
          "type": "Item",
          "value": "2"
        }
      ]
    },
    "secretQuest": false,
    "side": "Pmc",
    "startedMessageText": "65e851a98f0b5f70ff393d90 startedMessageText",
    "successMessageText": "65e851a98f0b5f70ff393d90 successMessageText",
    "traderId": "54cb50c76803fa8b248b4571",
    "type": "Elimination"
  }
}