{
	"locations": {},
	"paths": [{
                "Destination": "5714dc692459777137212e12",
                "Event": false,
                "Source": "653e6760052c01c1c805532f"
            }, {
                "Destination": "5714dc692459777137212e12",
                "Event": false,
                "Source": "5b0fc42d86f7744a585f9105"
            }, {
                "Destination": "5714dbc024597771384a510d",
                "Event": false,
                "Source": "5714dc692459777137212e12"
            }, {
                "Destination": "56f40101d2720b2a4d8b45d6",
                "Event": false,
                "Source": "5714dbc024597771384a510d"
            }, {
                "Destination": "55f2d3fd4bdc2d5f408b4567",
                "Event": false,
                "Source": "56f40101d2720b2a4d8b45d6"
            }, {
                "Destination": "5704e3c2d2720bac5b8b4567",
                "Event": false,
                "Source": "55f2d3fd4bdc2d5f408b4567"
            }, {
                "Destination": "5704e5fad2720bc05b8b4567",
                "Event": false,
                "Source": "5704e3c2d2720bac5b8b4567"
            }, {
                "Destination": "5704e4dad2720bb55b8b4567",
                "Event": false,
                "Source": "5704e5fad2720bc05b8b4567"
            }, {
                "Destination": "5704e554d2720bac5b8b456e",
                "Event": false,
                "Source": "5704e4dad2720bb55b8b4567"
            }, {
                "Destination": "5704e3c2d2720bac5b8b4567",
                "Event": false,
                "Source": "5704e4dad2720bb55b8b4567"
            }, {
                "Destination": "56f40101d2720b2a4d8b45d6",
                "Event": false,
                "Source": "5704e5fad2720bc05b8b4567"
            }, {
                "Destination": "5b0fc42d86f7744a585f9105",
                "Event": false,
                "Source": "55f2d3fd4bdc2d5f408b4567"
            }, {
                "Destination": "56f40101d2720b2a4d8b45d6",
                "Event": true,
                "Source": "5704e3c2d2720bac5b8b4567"
            }, {
                "Destination": "5714dbc024597771384a510d",
                "Event": true,
                "Source": "56f40101d2720b2a4d8b45d6"
            }, {
                "Destination": "5704e4dad2720bb55b8b4567",
                "Event": true,
                "Source": "5704e554d2720bac5b8b456e"
            }, {
                "Destination": "5704e5fad2720bc05b8b4567",
                "Event": true,
                "Source": "5704e4dad2720bb55b8b4567"
            }, {
                "Destination": "5704e3c2d2720bac5b8b4567",
                "Event": true,
                "Source": "5704e5fad2720bc05b8b4567"
            }
        ]
}