{
  "appearance": {
    "body": {
      "5df8a10486f77412672a1e3a": 1
    },
    "feet": {
      "5f5e410c6bdad616ad46d60b": 1
    },
    "hands": {
      "5df8eac086f77412640e2ea7": 1
    },
    "head": {
      "5cc2e4d014c02e000d0115f8": 1
    },
    "voice": {
      "SectantPriest": 1
    }
  },
  "chances": {
    "equipment": {
      "ArmBand": 100,
      "ArmorVest": 100,
      "Backpack": 100,
      "Earpiece": 100,
      "Eyewear": 100,
      "FaceCover": 100,
      "FirstPrimaryWeapon": 100,
      "Headwear": 100,
      "Holster": 100,
      "Pockets": 100,
      "Scabbard": 100,
      "SecondPrimaryWeapon": 100,
      "SecuredContainer": 100,
      "TacticalVest": 100
    },
    "equipmentMods": {},
    "weaponMods": {
      "mod_charge": 100,
      "mod_equipment": 100,
      "mod_foregrip": 100,
      "mod_launcher": 0,
      "mod_magazine": 100,
      "mod_mount": 0,
      "mod_mount_000": 100,
      "mod_mount_001": 100,
      "mod_mount_002": 100,
      "mod_mount_003": 0,
      "mod_mount_004": 0,
      "mod_muzzle": 100,
      "mod_nvg": 0,
      "mod_reciever": 100,
      "mod_scope": 100,
      "mod_sight_front": 0,
      "mod_sight_rear": 100,
      "mod_stock": 100,
      "mod_stock_000": 100,
      "mod_tactical": 100,
      "mod_tactical_001": 100,
      "mod_tactical_002": 100
    }
  },
  "difficulty": {
    "easy": {
      "Aiming": {
        "AIMING_TYPE": 2,
        "ANYTIME_LIGHT_WHEN_AIM_100": 40,
        "ANY_PART_SHOOT_TIME": 5,
        "BASE_HIT_AFFECTION_DELAY_SEC": 0.07,
        "BASE_HIT_AFFECTION_MAX_ANG": 4,
        "BASE_HIT_AFFECTION_MIN_ANG": 2,
        "BASE_SHIEF": 0.03,
        "BASE_SHIEF_STATIONARY_GRENADE": 0.15,
        "BETTER_PRECICING_COEF": 0.9,
        "BOTTOM_COEF": 0.01,
        "BOT_MOVE_IF_DELTA": 3.01,
        "COEF_FROM_COVER": 0.35,
        "COEF_IF_MOVE": 1,
        "DAMAGE_PANIC_TIME": 5,
        "DAMAGE_TO_DISCARD_AIM_0_100": 86,
        "DANGER_UP_POINT": 1.3,
        "DIST_TO_SHOOT_NO_OFFSET": 3,
        "DIST_TO_SHOOT_TO_CENTER": 3,
        "FIRST_CONTACT_ADD_CHANCE_100": 40,
        "FIRST_CONTACT_ADD_SEC": 0.01,
        "HARD_AIM": 0.75,
        "MAX_AIMING_UPGRADE_BY_TIME": 0.25,
        "MAX_AIM_PRECICING": 1,
        "MAX_AIM_TIME": 1.1,
        "MAX_TIME_DISCARD_AIM_SEC": 0.6,
        "MIN_DAMAGE_TO_GET_HIT_AFFETS": 1,
        "MIN_TIME_DISCARD_AIM_SEC": 0.3,
        "NEXT_SHOT_MISS_CHANCE_100": 10,
        "NEXT_SHOT_MISS_Y_OFFSET": 0.1,
        "OFFSET_RECAL_ANYWAY_TIME": 1,
        "PANIC_ACCURATY_COEF": 1.2,
        "PANIC_COEF": 1.2,
        "PANIC_TIME": 1,
        "RECALC_DIST": 0.7,
        "RECALC_MUST_TIME": 2,
        "RECALC_SQR_DIST": 0.48999998,
        "SCATTERING_DIST_MODIF": 0.47,
        "SCATTERING_DIST_MODIF_CLOSE": 0.6,
        "SCATTERING_HAVE_DAMAGE_COEF": 1.2,
        "SHOOT_TO_CHANGE_PRIORITY": 5525,
        "SHPERE_FRIENDY_FIRE_SIZE": -0.1,
        "TIME_COEF_IF_MOVE": 1.05,
        "WEAPON_ROOT_OFFSET": 0.35,
        "XZ_COEF": 0.01,
        "XZ_COEF_STATIONARY_GRENADE": 0.2
      },
      "Boss": {
        "BOSS_DIST_TO_SHOOT": 10,
        "BOSS_DIST_TO_SHOOT_SQRT": 100,
        "BOSS_DIST_TO_WARNING": 20,
        "BOSS_DIST_TO_WARNING_OUT": 35,
        "BOSS_DIST_TO_WARNING_OUT_SQRT": 625,
        "BOSS_DIST_TO_WARNING_SQRT": 400,
        "CHANCE_TO_SEND_GRENADE_100": 100,
        "CHANCE_USE_RESERVE_PATROL_100": 30,
        "COVER_TO_SEND": true,
        "DELTA_SEARCH_TIME": 18,
        "KILLA_AFTER_GRENADE_SUPPRESS_DELAY": 2,
        "KILLA_BULLET_TO_RELOAD": 15,
        "KILLA_CLOSEATTACK_DELAY": 10,
        "KILLA_CLOSEATTACK_TIMES": 3,
        "KILLA_CLOSE_ATTACK_DIST": 8,
        "KILLA_CONTUTION_TIME": 5,
        "KILLA_DEF_DIST_SQRT": 225,
        "KILLA_DIST_TO_GO_TO_SUPPRESS": 6,
        "KILLA_DITANCE_TO_BE_ENEMY_BOSS": 45,
        "KILLA_ENEMIES_TO_ATTACK": 3,
        "KILLA_HOLD_DELAY": 5,
        "KILLA_LARGE_ATTACK_DIST": 41,
        "KILLA_MIDDLE_ATTACK_DIST": 22,
        "KILLA_ONE_IS_CLOSE": 30,
        "KILLA_SEARCH_METERS": 30,
        "KILLA_SEARCH_SEC_STOP_AFTER_COMING": 25,
        "KILLA_START_SEARCH_SEC": 40,
        "KILLA_TRIGGER_DOWN_DELAY": 1,
        "KILLA_WAIT_IN_COVER_COEF": 1,
        "KILLA_Y_DELTA_TO_BE_ENEMY_BOSS": 5,
        "MAX_DIST_COVER_BOSS": 65,
        "MAX_DIST_COVER_BOSS_SQRT": 4225,
        "MAX_DIST_DECIDER_TO_SEND": 35,
        "MAX_DIST_DECIDER_TO_SEND_SQRT": 1225,
        "NOT_ADD_TO_ENEMY_ON_KILLS": true,
        "PERSONS_SEND": 2,
        "SHALL_WARN": true,
        "TIME_AFTER_LOSE": 15,
        "TIME_AFTER_LOSE_DELTA": 60,
        "WAIT_NO_ATTACK_SAVAGE": 10
      },
      "Change": {
        "FLASH_ACCURATY": 1.6,
        "FLASH_GAIN_SIGHT": 1.8,
        "FLASH_HEARING": 1,
        "FLASH_LAY_CHANCE": 1,
        "FLASH_PRECICING": 1.6,
        "FLASH_SCATTERING": 1.6,
        "FLASH_VISION_DIST": 0.05,
        "SMOKE_ACCURATY": 1.6,
        "SMOKE_GAIN_SIGHT": 1.6,
        "SMOKE_HEARING": 1,
        "SMOKE_LAY_CHANCE": 1.6,
        "SMOKE_PRECICING": 1.6,
        "SMOKE_SCATTERING": 1.6,
        "SMOKE_VISION_DIST": 0.6,
        "STUN_HEARING": 0.01
      },
      "Core": {
        "AccuratySpeed": 0.15,
        "AimingType": "normal",
        "CanGrenade": true,
        "CanRun": true,
        "DamageCoeff": 1,
        "GainSightCoef": 0.05,
        "HearingSense": 10.9,
        "PistolFireDistancePref": 35,
        "RifleFireDistancePref": 100,
        "ScatteringClosePerMeter": 0.12,
        "ScatteringPerMeter": 0.045,
        "ShotgunFireDistancePref": 50,
        "VisibleAngle": 180,
        "VisibleDistance": 262,
        "WaitInCoverBetweenShotsSec": 0.35
      },
      "Cover": {
        "CHANGE_RUN_TO_COVER_SEC": 5,
        "CHANGE_RUN_TO_COVER_SEC_GREANDE": 0.6,
        "CHECK_COVER_ENEMY_LOOK": false,
        "CLOSE_DIST_POINT_SQRT": 4,
        "DELTA_SEEN_FROM_COVE_LAST_POS": 15,
        "DEPENDS_Y_DIST_TO_BOT": false,
        "DIST_CANT_CHANGE_WAY": 5,
        "DIST_CANT_CHANGE_WAY_SQR": 25,
        "DIST_CHECK_SFETY": 9,
        "DOG_FIGHT_AFTER_LEAVE": 4,
        "ENEMY_DIST_TO_GO_OUT": 1,
        "GOOD_DIST_TO_POINT_COEF": 9999,
        "HIDE_TO_COVER_TIME": 1.5,
        "HITS_TO_LEAVE_COVER": 1,
        "HITS_TO_LEAVE_COVER_UNKNOWN": 1,
        "LOOK_LAST_ENEMY_POS_LOOKAROUND": 45,
        "LOOK_LAST_ENEMY_POS_MOVING": 1.5,
        "LOOK_TO_HIT_POINT_IF_LAST_ENEMY": 3,
        "MAX_DIST_OF_COVER": 4,
        "MAX_DIST_OF_COVER_SQR": 16,
        "MAX_SPOTTED_TIME_SEC": 55,
        "MIN_DEFENCE_LEVEL": 5,
        "MIN_DIST_TO_ENEMY": 9,
        "MOVE_TO_COVER_WHEN_TARGET": false,
        "NOT_LOOK_AT_WALL_IS_DANGER": true,
        "OFFSET_LOOK_ALONG_WALL_ANG": 20,
        "RETURN_TO_ATTACK_AFTER_AMBUSH_MAX": 50,
        "RETURN_TO_ATTACK_AFTER_AMBUSH_MIN": 20,
        "RUN_COVER_IF_CAN_AND_NO_ENEMIES": false,
        "RUN_IF_FAR": 10,
        "RUN_IF_FAR_SQRT": 225,
        "SHOOT_NEAR_SEC_PERIOD": 0.5,
        "SHOOT_NEAR_TO_LEAVE": 2,
        "SOUND_TO_GET_SPOTTED": 2,
        "SPOTTED_COVERS_RADIUS": 2.5,
        "SPOTTED_GRENADE_RADIUS": 16,
        "SPOTTED_GRENADE_TIME": 7,
        "STATIONARY_WEAPON_MAX_DIST_TO_USE": 25,
        "STATIONARY_WEAPON_NO_ENEMY_GETUP": 15,
        "STAY_IF_FAR": 25,
        "STAY_IF_FAR_SQRT": 625,
        "TIME_CHECK_SAFE": 2,
        "TIME_TO_MOVE_TO_COVER": 15,
        "WAIT_INT_COVER_FINDING_ENEMY": 2
      },
      "Grenade": {
        "ADD_GRENADE_AS_DANGER": 65,
        "ADD_GRENADE_AS_DANGER_SQR": 4225,
        "AMBUSH_IF_SMOKE_IN_ZONE_100": 40,
        "AMBUSH_IF_SMOKE_RETURN_TO_ATTACK_SEC": 30,
        "ANG_TYPE": 4,
        "BEWARE_TYPE": 2,
        "BE_ATTENTION_COEF": 4,
        "CAN_THROW_STRAIGHT_CONTACT": true,
        "CHANCE_RUN_FLASHED_100": 100,
        "CHANCE_TO_NOTIFY_ENEMY_GR_100": 100,
        "CHEAT_START_GRENADE_PLACE": false,
        "CLOSE_TO_SMOKE_TIME_DELTA": 5,
        "CLOSE_TO_SMOKE_TO_SHOOT": 10,
        "CLOSE_TO_SMOKE_TO_SHOOT_SQRT": 100,
        "DAMAGE_GRENADE_SUPPRESS_DELTA": 8,
        "DELTA_GRENADE_START_TIME": 0.01,
        "DELTA_NEXT_ATTEMPT": 10,
        "DELTA_NEXT_ATTEMPT_FROM_COVER": 5,
        "FLASH_GRENADE_TIME_COEF": 0.25,
        "GrenadePerMeter": 0.15,
        "GrenadePrecision": 0.1,
        "MAX_FLASHED_DIST_TO_SHOOT": 10,
        "MAX_FLASHED_DIST_TO_SHOOT_SQRT": 100,
        "MAX_THROW_POWER": 18.7,
        "MIN_DIST_NOT_TO_THROW": 8,
        "MIN_DIST_NOT_TO_THROW_SQR": 64,
        "MIN_THROW_DIST_PERCENT_0_1": 0.7,
        "MIN_THROW_GRENADE_DIST": 12,
        "MIN_THROW_GRENADE_DIST_SQRT": 144,
        "NEAR_DELTA_THROW_TIME_SEC": 2,
        "NO_RUN_FROM_AI_GRENADES": true,
        "REQUEST_DIST_MUST_THROW": 3,
        "REQUEST_DIST_MUST_THROW_SQRT": 9,
        "RUN_AWAY": 22,
        "RUN_AWAY_SQR": 484,
        "SHOOT_TO_SMOKE_CHANCE_100": 50,
        "SIZE_SPOTTED_COEF": 2,
        "SMOKE_CHECK_DELTA": 1,
        "SMOKE_SUPPRESS_DELTA": 20,
        "STOP_WHEN_THROW_GRENADE": true,
        "STRAIGHT_CONTACT_DELTA_SEC": -1,
        "STUN_SUPPRESS_DELTA": 9,
        "TIME_SHOOT_TO_FLASH": 4,
        "WAIT_TIME_TURN_AWAY": 0.2
      },
      "Hearing": {
        "BOT_CLOSE_PANIC_DIST": 1,
        "CHANCE_TO_HEAR_SIMPLE_SOUND_0_1": 0.99,
        "CLOSE_DIST": 96,
        "DEAD_BODY_SOUND_RAD": 30,
        "DISPERSION_COEF": 20,
        "DIST_PLACE_TO_FIND_POINT": 70,
        "FAR_DIST": 176,
        "HEAR_DELAY_WHEN_HAVE_SMT": 0,
        "HEAR_DELAY_WHEN_PEACE": 0,
        "LOOK_ONLY_DANGER": false,
        "LOOK_ONLY_DANGER_DELTA": 9,
        "RESET_TIMER_DIST": 17,
        "SOUND_DIR_DEEFREE": 30
      },
      "Lay": {
        "ATTACK_LAY_CHANCE": 25,
        "CHECK_SHOOT_WHEN_LAYING": false,
        "CLEAR_POINTS_OF_SCARE_SEC": 20,
        "DAMAGE_TIME_TO_GETUP": 3,
        "DELTA_AFTER_GETUP": 10,
        "DELTA_GETUP": 2.7,
        "DELTA_LAY_CHECK": 2,
        "DELTA_WANT_LAY_CHECL_SEC": 5,
        "DIST_ENEMY_CAN_LAY": 15,
        "DIST_ENEMY_CAN_LAY_SQRT": 225,
        "DIST_ENEMY_GETUP_LAY": 10,
        "DIST_ENEMY_GETUP_LAY_SQRT": 100,
        "DIST_ENEMY_NULL_DANGER_LAY": 15,
        "DIST_ENEMY_NULL_DANGER_LAY_SQRT": 225,
        "DIST_GRASS_TERRAIN_SQRT": 0.160000011,
        "DIST_TO_COVER_TO_LAY": 3.5,
        "DIST_TO_COVER_TO_LAY_SQRT": 12.25,
        "LAY_AIM": 0.6,
        "LAY_CHANCE_DANGER": 40,
        "MAX_CAN_LAY_DIST": 200,
        "MAX_CAN_LAY_DIST_SQRT": 40000,
        "MAX_LAY_TIME": 35,
        "MIN_CAN_LAY_DIST": 11,
        "MIN_CAN_LAY_DIST_SQRT": 121
      },
      "Look": {
        "BODY_DELTA_TIME_SEARCH_SEC": 1.7,
        "CAN_LOOK_TO_WALL": true,
        "COME_TO_BODY_DIST": 1.2,
        "CloseDeltaTimeSec": 0.1,
        "DIST_CHECK_WALL": 20,
        "DIST_NOT_TO_IGNORE_WALL": 15,
        "ENEMY_LIGHT_ADD": 48,
        "ENEMY_LIGHT_START_DIST": 90,
        "FAR_DISTANCE": 260,
        "FarDeltaTimeSec": 3,
        "GOAL_TO_FULL_DISSAPEAR": 0.2,
        "GOAL_TO_FULL_DISSAPEAR_SHOOT": 0.03,
        "LOOK_AROUND_DELTA": 1.1,
        "LOOK_LAST_POSENEMY_IF_NO_DANGER_SEC": 25,
        "LightOnVisionDistance": 95,
        "MARKSMAN_VISIBLE_DIST_COEF": 1.15,
        "MAX_VISION_GRASS_METERS": 0.8,
        "MAX_VISION_GRASS_METERS_FLARE": 8,
        "MAX_VISION_GRASS_METERS_FLARE_OPT": 0.125,
        "MAX_VISION_GRASS_METERS_OPT": 0.9090909,
        "MIDDLE_DIST": 90,
        "MIN_LOOK_AROUD_TIME": 20,
        "MiddleDeltaTimeSec": 1,
        "OLD_TIME_POINT": 11,
        "OPTIMIZE_TO_ONLY_BODY": true,
        "POSIBLE_VISION_SPACE": 1.2,
        "VISIBLE_DISNACE_WITH_LIGHT": 100,
        "WAIT_NEW_SENSOR": 2.1,
        "WAIT_NEW__LOOK_SENSOR": 7.8
      },
      "Mind": {
        "AGGRESSOR_LOYALTY_BONUS": 0,
        "AI_POWER_COEF": 120,
        "AMBUSH_WHEN_UNDER_FIRE": true,
        "AMBUSH_WHEN_UNDER_FIRE_TIME_RESIST": 60,
        "ATTACK_ENEMY_IF_PROTECT_DELTA_LAST_TIME_SEEN": 1.5,
        "ATTACK_IMMEDIATLY_CHANCE_0_100": 40,
        "BULLET_FEEL_CLOSE_SDIST": 1,
        "BULLET_FEEL_DIST": 360,
        "CAN_PANIC_IS_PROTECT": false,
        "CAN_RECIVE_PLAYER_REQUESTS": true,
        "CAN_STAND_BY": false,
        "CAN_TAKE_ANY_ITEM": true,
        "CAN_TAKE_ITEMS": true,
        "CAN_THROW_REQUESTS": true,
        "CAN_USE_MEDS": true,
        "CHANCE_FUCK_YOU_ON_CONTACT_100": 0.01,
        "CHANCE_SHOOT_WHEN_WARN_PLAYER_100": 25,
        "CHANCE_TO_RUN_CAUSE_DAMAGE_0_100": 35,
        "CHANCE_TO_STAY_WHEN_WARN_PLAYER_100": 80,
        "COVER_DIST_COEF": 1.5,
        "COVER_SECONDS_AFTER_LOSE_VISION": 10,
        "COVER_SELF_ALWAYS_IF_DAMAGED": false,
        "DAMAGE_REDUCTION_TIME_SEC": 20,
        "DANGER_POINT_CHOOSE_COEF": 1,
        "DEFAULT_BEAR_BEHAVIOUR": "Neutral",
        "DEFAULT_ENEMY_BEAR": false,
        "DEFAULT_ENEMY_SAVAGE": false,
        "DEFAULT_ENEMY_USEC": false,
        "DEFAULT_SAVAGE_BEHAVIOUR": "Neutral",
        "DEFAULT_USEC_BEHAVIOUR": "Neutral",
        "DIST_TO_ENEMY_YO_CAN_HEAL": 30,
        "DIST_TO_FOUND_SQRT": 400,
        "DIST_TO_STOP_RUN_ENEMY": 15,
        "DOG_FIGHT_IN": 3,
        "DOG_FIGHT_OUT": 6,
        "ENEMY_BOT_TYPES": [],
        "ENEMY_BY_GROUPS_PMC_PLAYERS": false,
        "ENEMY_BY_GROUPS_SAVAGE_PLAYERS": false,
        "ENEMY_LOOK_AT_ME_ANG": 15,
        "FIND_COVER_TO_GET_POSITION_WITH_SHOOT": 2,
        "FRIENDLY_BOT_TYPES": [],
        "FRIEND_AGR_KILL": 0.2,
        "FRIEND_DEAD_AGR_LOW": -0.2,
        "GROUP_ANY_PHRASE_DELAY": 20,
        "GROUP_EXACTLY_PHRASE_DELAY": 20,
        "HEAL_DELAY_SEC": 5,
        "HIT_DELAY_WHEN_HAVE_SMT": -1,
        "HIT_DELAY_WHEN_PEACE": -1,
        "HIT_POINT_DETECTION": 4,
        "HOLD_IF_PROTECT_DELTA_LAST_TIME_SEEN": 8.5,
        "LASTSEEN_POINT_CHOOSE_COEF": 0.2,
        "LAST_ENEMY_LOOK_TO": 40,
        "MAX_AGGRO_BOT_DIST": 100,
        "MAX_AGGRO_BOT_DIST_SQR": 10000,
        "MAX_SHOOTS_TIME": 4,
        "MAX_START_AGGRESION_COEF": 3,
        "MIN_DAMAGE_SCARE": 20,
        "MIN_SHOOTS_TIME": 2,
        "MIN_START_AGGRESION_COEF": 1,
        "NO_RUN_AWAY_FOR_SAFE": true,
        "PART_PERCENT_TO_HEAL": 0.65,
        "PISTOL_SHOTGUN_AMBUSH_DIST": 30,
        "PROTECT_DELTA_HEAL_SEC": 10,
        "PROTECT_TIME_REAL": true,
        "SEC_TO_MORE_DIST_TO_RUN": 10,
        "SHOOT_INSTEAD_DOG_FIGHT": 9,
        "SIMPLE_POINT_CHOOSE_COEF": 0.4,
        "STANDART_AMBUSH_DIST": 100,
        "SUSPETION_POINT_CHANCE_ADD100": 0,
        "TALK_WITH_QUERY": true,
        "TIME_TO_FIND_ENEMY": 22,
        "TIME_TO_FORGOR_ABOUT_ENEMY_SEC": 52,
        "TIME_TO_RUN_TO_COVER_CAUSE_SHOOT_SEC": 15,
        "WARN_BOT_TYPES": []
      },
      "Move": {
        "BASESTART_SLOW_DIST": 1.1,
        "BASE_ROTATE_SPEED": 270,
        "BASE_SQRT_START_SERACH": 1225,
        "BASE_START_SERACH": 35,
        "CHANCE_TO_RUN_IF_NO_AMMO_0_100": 100,
        "DELTA_LAST_SEEN_ENEMY": 20,
        "DIST_TO_CAN_CHANGE_WAY": 8,
        "DIST_TO_CAN_CHANGE_WAY_SQR": 64,
        "DIST_TO_START_RAYCAST": 15,
        "DIST_TO_START_RAYCAST_SQR": 225,
        "FAR_DIST": 4,
        "FAR_DIST_SQR": 16,
        "REACH_DIST": 0.5,
        "REACH_DIST_COVER": 2,
        "REACH_DIST_RUN": 0.8,
        "RUN_IF_CANT_SHOOT": false,
        "RUN_IF_GAOL_FAR_THEN": 10,
        "RUN_TO_COVER_MIN": 2,
        "SEC_TO_CHANGE_TO_RUN": 3,
        "SLOW_COEF": 7,
        "START_SLOW_DIST": 1.5,
        "UPDATE_TIME_RECAL_WAY": 7,
        "Y_APPROXIMATION": 0.7
      },
      "Patrol": {
        "CHANCE_TO_CHANGE_WAY_0_100": 30,
        "CHANCE_TO_CUT_WAY_0_100": 75,
        "CHANCE_TO_SHOOT_DEADBODY": 52,
        "CHANGE_WAY_TIME": 325.1,
        "CLOSE_TO_SELECT_RESERV_WAY": 25,
        "CUT_WAY_MAX_0_1": 0.65,
        "CUT_WAY_MIN_0_1": 0.4,
        "FRIEND_SEARCH_SEC": 12,
        "LOOK_TIME_BASE": 12,
        "MAX_YDIST_TO_START_WARN_REQUEST_TO_REQUESTER": 5,
        "MIN_DIST_TO_CLOSE_TALK": 5,
        "MIN_DIST_TO_CLOSE_TALK_SQR": 25,
        "MIN_TALK_DELAY": 35,
        "PICKUP_ITEMS_TO_BACKPACK_OR_CONTAINER": true,
        "RESERVE_OUT_TIME": 60,
        "RESERVE_TIME_STAY": 72,
        "SUSPETION_PLACE_LIFETIME": 7,
        "TALK_DELAY": 1.1,
        "TALK_DELAY_BIG": 45.1,
        "VISION_DIST_COEF_PEACE": 0.75
      },
      "Scattering": {
        "AMPLITUDE_FACTOR": 0.25,
        "AMPLITUDE_SPEED": 0.1,
        "BloodFall": 1.45,
        "Caution": 0.3,
        "DIST_FROM_OLD_POINT_TO_NOT_AIM": 15,
        "DIST_FROM_OLD_POINT_TO_NOT_AIM_SQRT": 225,
        "DIST_NOT_TO_SHOOT": 0.3,
        "FromShot": 0.001,
        "HandDamageAccuracySpeed": 1.3,
        "HandDamageScatteringMinMax": 0.7,
        "LayFactor": 0.1,
        "MaxScatter": 0.2,
        "MinScatter": 0.01,
        "MovingSlowCoef": 1.5,
        "PoseChnageCoef": 0.1,
        "RecoilControlCoefShootDone": 0.0003,
        "RecoilControlCoefShootDoneAuto": 0.00015,
        "RecoilYCoef": 0.0005,
        "RecoilYCoefSppedDown": -0.52,
        "RecoilYMax": 1,
        "SpeedDown": -0.3,
        "SpeedUp": 0.3,
        "SpeedUpAim": 1.4,
        "ToCaution": 0.6,
        "ToLowBotAngularSpeed": 80,
        "ToLowBotSpeed": 2.4,
        "ToSlowBotSpeed": 1.5,
        "ToStopBotAngularSpeed": 40,
        "ToUpBotSpeed": 3.6,
        "TracerCoef": 1.3,
        "WorkingScatter": 0.02
      },
      "Shoot": {
        "AUTOMATIC_FIRE_SCATTERING_COEF": 1.1,
        "BASE_AUTOMATIC_TIME": 0.25,
        "CAN_SHOOTS_TIME_TO_AMBUSH": 993,
        "CHANCE_TO_CHANGE_TO_AUTOMATIC_FIRE_100": 99,
        "CHANCE_TO_CHANGE_WEAPON": 80,
        "CHANCE_TO_CHANGE_WEAPON_WITH_HELMET": 40,
        "DELAY_BEFORE_EXAMINE_MALFUNCTION": 0.5,
        "DELAY_BEFORE_FIX_MALFUNCTION": 0.5,
        "FAR_DIST_ENEMY": 20,
        "FAR_DIST_ENEMY_SQR": 400,
        "FAR_DIST_TO_CHANGE_WEAPON": 30,
        "FINGER_HOLD_SINGLE_SHOT": 0.14,
        "FINGER_HOLD_STATIONARY_GRENADE": 0.3,
        "HORIZONT_RECOIL_COEF": 0.04,
        "LOW_DIST_TO_CHANGE_WEAPON": 5,
        "MARKSMAN_DIST_SEK_COEF": 44,
        "MAX_DIST_COEF": 1.35,
        "MAX_RECOIL_PER_METER": 0.04,
        "NOT_TO_SEE_ENEMY_TO_WANT_RELOAD_PERCENT": 0.5,
        "NOT_TO_SEE_ENEMY_TO_WANT_RELOAD_SEC": 2,
        "RECOIL_DELTA_PRESS": 0.15,
        "RECOIL_PER_METER": 0.01,
        "RECOIL_TIME_NORMALIZE": 0.3,
        "RELOAD_PECNET_NO_ENEMY": 0.6,
        "REPAIR_MALFUNCTION_IMMEDIATE_CHANCE": 25,
        "RUN_DIST_NO_AMMO": 25,
        "RUN_DIST_NO_AMMO_SQRT": 625,
        "SHOOT_FROM_COVER": 4,
        "SUPPRESS_BY_SHOOT_TIME": 6,
        "SUPPRESS_TRIGGERS_DOWN": 3,
        "VALIDATE_MALFUNCTION_CHANCE": 100,
        "WAIT_NEXT_SINGLE_SHOT": 0.2,
        "WAIT_NEXT_SINGLE_SHOT_LONG_MAX": 3.3,
        "WAIT_NEXT_SINGLE_SHOT_LONG_MIN": 0.4,
        "WAIT_NEXT_STATIONARY_GRENADE": 1
      }
    },
    "hard": {
      "Aiming": {
        "AIMING_TYPE": 2,
        "ANYTIME_LIGHT_WHEN_AIM_100": 40,
        "ANY_PART_SHOOT_TIME": 5,
        "BASE_HIT_AFFECTION_DELAY_SEC": 0.07,
        "BASE_HIT_AFFECTION_MAX_ANG": 4,
        "BASE_HIT_AFFECTION_MIN_ANG": 2,
        "BASE_SHIEF": 0.03,
        "BASE_SHIEF_STATIONARY_GRENADE": 0.15,
        "BETTER_PRECICING_COEF": 0.9,
        "BOTTOM_COEF": 0.01,
        "BOT_MOVE_IF_DELTA": 3.01,
        "COEF_FROM_COVER": 0.35,
        "COEF_IF_MOVE": 1,
        "DAMAGE_PANIC_TIME": 5,
        "DAMAGE_TO_DISCARD_AIM_0_100": 86,
        "DANGER_UP_POINT": 1.3,
        "DIST_TO_SHOOT_NO_OFFSET": 3,
        "DIST_TO_SHOOT_TO_CENTER": 3,
        "FIRST_CONTACT_ADD_CHANCE_100": 40,
        "FIRST_CONTACT_ADD_SEC": 0.01,
        "HARD_AIM": 0.75,
        "MAX_AIMING_UPGRADE_BY_TIME": 0.25,
        "MAX_AIM_PRECICING": 1,
        "MAX_AIM_TIME": 1.1,
        "MAX_TIME_DISCARD_AIM_SEC": 0.6,
        "MIN_DAMAGE_TO_GET_HIT_AFFETS": 1,
        "MIN_TIME_DISCARD_AIM_SEC": 0.3,
        "NEXT_SHOT_MISS_CHANCE_100": 10,
        "NEXT_SHOT_MISS_Y_OFFSET": 0.1,
        "OFFSET_RECAL_ANYWAY_TIME": 1,
        "PANIC_ACCURATY_COEF": 1.2,
        "PANIC_COEF": 1.2,
        "PANIC_TIME": 1,
        "RECALC_DIST": 0.7,
        "RECALC_MUST_TIME": 2,
        "RECALC_SQR_DIST": 0.48999998,
        "SCATTERING_DIST_MODIF": 0.47,
        "SCATTERING_DIST_MODIF_CLOSE": 0.6,
        "SCATTERING_HAVE_DAMAGE_COEF": 1.2,
        "SHOOT_TO_CHANGE_PRIORITY": 5525,
        "SHPERE_FRIENDY_FIRE_SIZE": -0.1,
        "TIME_COEF_IF_MOVE": 1.05,
        "WEAPON_ROOT_OFFSET": 0.35,
        "XZ_COEF": 0.01,
        "XZ_COEF_STATIONARY_GRENADE": 0.2
      },
      "Boss": {
        "BOSS_DIST_TO_SHOOT": 10,
        "BOSS_DIST_TO_SHOOT_SQRT": 100,
        "BOSS_DIST_TO_WARNING": 20,
        "BOSS_DIST_TO_WARNING_OUT": 35,
        "BOSS_DIST_TO_WARNING_OUT_SQRT": 625,
        "BOSS_DIST_TO_WARNING_SQRT": 400,
        "CHANCE_TO_SEND_GRENADE_100": 100,
        "CHANCE_USE_RESERVE_PATROL_100": 30,
        "COVER_TO_SEND": true,
        "DELTA_SEARCH_TIME": 18,
        "KILLA_AFTER_GRENADE_SUPPRESS_DELAY": 2,
        "KILLA_BULLET_TO_RELOAD": 15,
        "KILLA_CLOSEATTACK_DELAY": 10,
        "KILLA_CLOSEATTACK_TIMES": 3,
        "KILLA_CLOSE_ATTACK_DIST": 8,
        "KILLA_CONTUTION_TIME": 5,
        "KILLA_DEF_DIST_SQRT": 225,
        "KILLA_DIST_TO_GO_TO_SUPPRESS": 6,
        "KILLA_DITANCE_TO_BE_ENEMY_BOSS": 45,
        "KILLA_ENEMIES_TO_ATTACK": 3,
        "KILLA_HOLD_DELAY": 5,
        "KILLA_LARGE_ATTACK_DIST": 41,
        "KILLA_MIDDLE_ATTACK_DIST": 22,
        "KILLA_ONE_IS_CLOSE": 30,
        "KILLA_SEARCH_METERS": 30,
        "KILLA_SEARCH_SEC_STOP_AFTER_COMING": 25,
        "KILLA_START_SEARCH_SEC": 40,
        "KILLA_TRIGGER_DOWN_DELAY": 1,
        "KILLA_WAIT_IN_COVER_COEF": 1,
        "KILLA_Y_DELTA_TO_BE_ENEMY_BOSS": 5,
        "MAX_DIST_COVER_BOSS": 65,
        "MAX_DIST_COVER_BOSS_SQRT": 4225,
        "MAX_DIST_DECIDER_TO_SEND": 35,
        "MAX_DIST_DECIDER_TO_SEND_SQRT": 1225,
        "NOT_ADD_TO_ENEMY_ON_KILLS": true,
        "PERSONS_SEND": 2,
        "SHALL_WARN": true,
        "TIME_AFTER_LOSE": 15,
        "TIME_AFTER_LOSE_DELTA": 60,
        "WAIT_NO_ATTACK_SAVAGE": 10
      },
      "Change": {
        "FLASH_ACCURATY": 1.6,
        "FLASH_GAIN_SIGHT": 1.8,
        "FLASH_HEARING": 1,
        "FLASH_LAY_CHANCE": 1,
        "FLASH_PRECICING": 1.6,
        "FLASH_SCATTERING": 1.6,
        "FLASH_VISION_DIST": 0.05,
        "SMOKE_ACCURATY": 1.6,
        "SMOKE_GAIN_SIGHT": 1.6,
        "SMOKE_HEARING": 1,
        "SMOKE_LAY_CHANCE": 1.6,
        "SMOKE_PRECICING": 1.6,
        "SMOKE_SCATTERING": 1.6,
        "SMOKE_VISION_DIST": 0.6,
        "STUN_HEARING": 0.01
      },
      "Core": {
        "AccuratySpeed": 0.15,
        "AimingType": "normal",
        "CanGrenade": true,
        "CanRun": true,
        "DamageCoeff": 1,
        "GainSightCoef": 0.05,
        "HearingSense": 10.9,
        "PistolFireDistancePref": 35,
        "RifleFireDistancePref": 100,
        "ScatteringClosePerMeter": 0.12,
        "ScatteringPerMeter": 0.045,
        "ShotgunFireDistancePref": 50,
        "VisibleAngle": 180,
        "VisibleDistance": 262,
        "WaitInCoverBetweenShotsSec": 0.35
      },
      "Cover": {
        "CHANGE_RUN_TO_COVER_SEC": 5,
        "CHANGE_RUN_TO_COVER_SEC_GREANDE": 0.6,
        "CHECK_COVER_ENEMY_LOOK": false,
        "CLOSE_DIST_POINT_SQRT": 4,
        "DELTA_SEEN_FROM_COVE_LAST_POS": 15,
        "DEPENDS_Y_DIST_TO_BOT": false,
        "DIST_CANT_CHANGE_WAY": 5,
        "DIST_CANT_CHANGE_WAY_SQR": 25,
        "DIST_CHECK_SFETY": 9,
        "DOG_FIGHT_AFTER_LEAVE": 4,
        "ENEMY_DIST_TO_GO_OUT": 1,
        "GOOD_DIST_TO_POINT_COEF": 9999,
        "HIDE_TO_COVER_TIME": 1.5,
        "HITS_TO_LEAVE_COVER": 1,
        "HITS_TO_LEAVE_COVER_UNKNOWN": 1,
        "LOOK_LAST_ENEMY_POS_LOOKAROUND": 45,
        "LOOK_LAST_ENEMY_POS_MOVING": 1.5,
        "LOOK_TO_HIT_POINT_IF_LAST_ENEMY": 3,
        "MAX_DIST_OF_COVER": 4,
        "MAX_DIST_OF_COVER_SQR": 16,
        "MAX_SPOTTED_TIME_SEC": 55,
        "MIN_DEFENCE_LEVEL": 5,
        "MIN_DIST_TO_ENEMY": 9,
        "MOVE_TO_COVER_WHEN_TARGET": false,
        "NOT_LOOK_AT_WALL_IS_DANGER": true,
        "OFFSET_LOOK_ALONG_WALL_ANG": 20,
        "RETURN_TO_ATTACK_AFTER_AMBUSH_MAX": 50,
        "RETURN_TO_ATTACK_AFTER_AMBUSH_MIN": 20,
        "RUN_COVER_IF_CAN_AND_NO_ENEMIES": false,
        "RUN_IF_FAR": 10,
        "RUN_IF_FAR_SQRT": 225,
        "SHOOT_NEAR_SEC_PERIOD": 0.5,
        "SHOOT_NEAR_TO_LEAVE": 2,
        "SOUND_TO_GET_SPOTTED": 2,
        "SPOTTED_COVERS_RADIUS": 2.5,
        "SPOTTED_GRENADE_RADIUS": 16,
        "SPOTTED_GRENADE_TIME": 7,
        "STATIONARY_WEAPON_MAX_DIST_TO_USE": 25,
        "STATIONARY_WEAPON_NO_ENEMY_GETUP": 15,
        "STAY_IF_FAR": 25,
        "STAY_IF_FAR_SQRT": 625,
        "TIME_CHECK_SAFE": 2,
        "TIME_TO_MOVE_TO_COVER": 15,
        "WAIT_INT_COVER_FINDING_ENEMY": 2
      },
      "Grenade": {
        "ADD_GRENADE_AS_DANGER": 65,
        "ADD_GRENADE_AS_DANGER_SQR": 4225,
        "AMBUSH_IF_SMOKE_IN_ZONE_100": 40,
        "AMBUSH_IF_SMOKE_RETURN_TO_ATTACK_SEC": 30,
        "ANG_TYPE": 4,
        "BEWARE_TYPE": 2,
        "BE_ATTENTION_COEF": 4,
        "CAN_THROW_STRAIGHT_CONTACT": true,
        "CHANCE_RUN_FLASHED_100": 100,
        "CHANCE_TO_NOTIFY_ENEMY_GR_100": 100,
        "CHEAT_START_GRENADE_PLACE": false,
        "CLOSE_TO_SMOKE_TIME_DELTA": 5,
        "CLOSE_TO_SMOKE_TO_SHOOT": 10,
        "CLOSE_TO_SMOKE_TO_SHOOT_SQRT": 100,
        "DAMAGE_GRENADE_SUPPRESS_DELTA": 8,
        "DELTA_GRENADE_START_TIME": 0.01,
        "DELTA_NEXT_ATTEMPT": 10,
        "DELTA_NEXT_ATTEMPT_FROM_COVER": 5,
        "FLASH_GRENADE_TIME_COEF": 0.25,
        "GrenadePerMeter": 0.15,
        "GrenadePrecision": 0.1,
        "MAX_FLASHED_DIST_TO_SHOOT": 10,
        "MAX_FLASHED_DIST_TO_SHOOT_SQRT": 100,
        "MAX_THROW_POWER": 18.7,
        "MIN_DIST_NOT_TO_THROW": 8,
        "MIN_DIST_NOT_TO_THROW_SQR": 64,
        "MIN_THROW_DIST_PERCENT_0_1": 0.7,
        "MIN_THROW_GRENADE_DIST": 12,
        "MIN_THROW_GRENADE_DIST_SQRT": 144,
        "NEAR_DELTA_THROW_TIME_SEC": 2,
        "NO_RUN_FROM_AI_GRENADES": true,
        "REQUEST_DIST_MUST_THROW": 3,
        "REQUEST_DIST_MUST_THROW_SQRT": 9,
        "RUN_AWAY": 22,
        "RUN_AWAY_SQR": 484,
        "SHOOT_TO_SMOKE_CHANCE_100": 50,
        "SIZE_SPOTTED_COEF": 2,
        "SMOKE_CHECK_DELTA": 1,
        "SMOKE_SUPPRESS_DELTA": 20,
        "STOP_WHEN_THROW_GRENADE": true,
        "STRAIGHT_CONTACT_DELTA_SEC": -1,
        "STUN_SUPPRESS_DELTA": 9,
        "TIME_SHOOT_TO_FLASH": 4,
        "WAIT_TIME_TURN_AWAY": 0.2
      },
      "Hearing": {
        "BOT_CLOSE_PANIC_DIST": 1,
        "CHANCE_TO_HEAR_SIMPLE_SOUND_0_1": 0.99,
        "CLOSE_DIST": 96,
        "DEAD_BODY_SOUND_RAD": 30,
        "DISPERSION_COEF": 20,
        "DIST_PLACE_TO_FIND_POINT": 70,
        "FAR_DIST": 176,
        "HEAR_DELAY_WHEN_HAVE_SMT": 0,
        "HEAR_DELAY_WHEN_PEACE": 0,
        "LOOK_ONLY_DANGER": false,
        "LOOK_ONLY_DANGER_DELTA": 9,
        "RESET_TIMER_DIST": 17,
        "SOUND_DIR_DEEFREE": 30
      },
      "Lay": {
        "ATTACK_LAY_CHANCE": 25,
        "CHECK_SHOOT_WHEN_LAYING": false,
        "CLEAR_POINTS_OF_SCARE_SEC": 20,
        "DAMAGE_TIME_TO_GETUP": 3,
        "DELTA_AFTER_GETUP": 10,
        "DELTA_GETUP": 2.7,
        "DELTA_LAY_CHECK": 2,
        "DELTA_WANT_LAY_CHECL_SEC": 5,
        "DIST_ENEMY_CAN_LAY": 15,
        "DIST_ENEMY_CAN_LAY_SQRT": 225,
        "DIST_ENEMY_GETUP_LAY": 10,
        "DIST_ENEMY_GETUP_LAY_SQRT": 100,
        "DIST_ENEMY_NULL_DANGER_LAY": 15,
        "DIST_ENEMY_NULL_DANGER_LAY_SQRT": 225,
        "DIST_GRASS_TERRAIN_SQRT": 0.160000011,
        "DIST_TO_COVER_TO_LAY": 3.5,
        "DIST_TO_COVER_TO_LAY_SQRT": 12.25,
        "LAY_AIM": 0.6,
        "LAY_CHANCE_DANGER": 40,
        "MAX_CAN_LAY_DIST": 200,
        "MAX_CAN_LAY_DIST_SQRT": 40000,
        "MAX_LAY_TIME": 35,
        "MIN_CAN_LAY_DIST": 11,
        "MIN_CAN_LAY_DIST_SQRT": 121
      },
      "Look": {
        "BODY_DELTA_TIME_SEARCH_SEC": 1.7,
        "CAN_LOOK_TO_WALL": true,
        "COME_TO_BODY_DIST": 1.2,
        "CloseDeltaTimeSec": 0.1,
        "DIST_CHECK_WALL": 20,
        "DIST_NOT_TO_IGNORE_WALL": 15,
        "ENEMY_LIGHT_ADD": 48,
        "ENEMY_LIGHT_START_DIST": 90,
        "FAR_DISTANCE": 260,
        "FarDeltaTimeSec": 3,
        "GOAL_TO_FULL_DISSAPEAR": 0.2,
        "GOAL_TO_FULL_DISSAPEAR_SHOOT": 0.03,
        "LOOK_AROUND_DELTA": 1.1,
        "LOOK_LAST_POSENEMY_IF_NO_DANGER_SEC": 25,
        "LightOnVisionDistance": 95,
        "MARKSMAN_VISIBLE_DIST_COEF": 1.15,
        "MAX_VISION_GRASS_METERS": 0.8,
        "MAX_VISION_GRASS_METERS_FLARE": 8,
        "MAX_VISION_GRASS_METERS_FLARE_OPT": 0.125,
        "MAX_VISION_GRASS_METERS_OPT": 0.9090909,
        "MIDDLE_DIST": 90,
        "MIN_LOOK_AROUD_TIME": 20,
        "MiddleDeltaTimeSec": 1,
        "OLD_TIME_POINT": 11,
        "OPTIMIZE_TO_ONLY_BODY": true,
        "POSIBLE_VISION_SPACE": 1.2,
        "VISIBLE_DISNACE_WITH_LIGHT": 100,
        "WAIT_NEW_SENSOR": 2.1,
        "WAIT_NEW__LOOK_SENSOR": 7.8
      },
      "Mind": {
        "AGGRESSOR_LOYALTY_BONUS": 0,
        "AI_POWER_COEF": 120,
        "AMBUSH_WHEN_UNDER_FIRE": true,
        "AMBUSH_WHEN_UNDER_FIRE_TIME_RESIST": 60,
        "ATTACK_ENEMY_IF_PROTECT_DELTA_LAST_TIME_SEEN": 1.5,
        "ATTACK_IMMEDIATLY_CHANCE_0_100": 40,
        "BULLET_FEEL_CLOSE_SDIST": 1,
        "BULLET_FEEL_DIST": 360,
        "CAN_PANIC_IS_PROTECT": false,
        "CAN_RECIVE_PLAYER_REQUESTS": true,
        "CAN_STAND_BY": false,
        "CAN_TAKE_ANY_ITEM": true,
        "CAN_TAKE_ITEMS": true,
        "CAN_THROW_REQUESTS": true,
        "CAN_USE_MEDS": true,
        "CHANCE_FUCK_YOU_ON_CONTACT_100": 0.01,
        "CHANCE_SHOOT_WHEN_WARN_PLAYER_100": 25,
        "CHANCE_TO_RUN_CAUSE_DAMAGE_0_100": 35,
        "CHANCE_TO_STAY_WHEN_WARN_PLAYER_100": 80,
        "COVER_DIST_COEF": 1.5,
        "COVER_SECONDS_AFTER_LOSE_VISION": 10,
        "COVER_SELF_ALWAYS_IF_DAMAGED": false,
        "DAMAGE_REDUCTION_TIME_SEC": 20,
        "DANGER_POINT_CHOOSE_COEF": 1,
        "DEFAULT_BEAR_BEHAVIOUR": "Neutral",
        "DEFAULT_ENEMY_BEAR": false,
        "DEFAULT_ENEMY_SAVAGE": false,
        "DEFAULT_ENEMY_USEC": false,
        "DEFAULT_SAVAGE_BEHAVIOUR": "Neutral",
        "DEFAULT_USEC_BEHAVIOUR": "Neutral",
        "DIST_TO_ENEMY_YO_CAN_HEAL": 30,
        "DIST_TO_FOUND_SQRT": 400,
        "DIST_TO_STOP_RUN_ENEMY": 15,
        "DOG_FIGHT_IN": 3,
        "DOG_FIGHT_OUT": 6,
        "ENEMY_BOT_TYPES": [],
        "ENEMY_BY_GROUPS_PMC_PLAYERS": false,
        "ENEMY_BY_GROUPS_SAVAGE_PLAYERS": false,
        "ENEMY_LOOK_AT_ME_ANG": 15,
        "FIND_COVER_TO_GET_POSITION_WITH_SHOOT": 2,
        "FRIENDLY_BOT_TYPES": [],
        "FRIEND_AGR_KILL": 0.2,
        "FRIEND_DEAD_AGR_LOW": -0.2,
        "GROUP_ANY_PHRASE_DELAY": 20,
        "GROUP_EXACTLY_PHRASE_DELAY": 20,
        "HEAL_DELAY_SEC": 5,
        "HIT_DELAY_WHEN_HAVE_SMT": -1,
        "HIT_DELAY_WHEN_PEACE": -1,
        "HIT_POINT_DETECTION": 4,
        "HOLD_IF_PROTECT_DELTA_LAST_TIME_SEEN": 8.5,
        "LASTSEEN_POINT_CHOOSE_COEF": 0.2,
        "LAST_ENEMY_LOOK_TO": 40,
        "MAX_AGGRO_BOT_DIST": 100,
        "MAX_AGGRO_BOT_DIST_SQR": 10000,
        "MAX_SHOOTS_TIME": 4,
        "MAX_START_AGGRESION_COEF": 3,
        "MIN_DAMAGE_SCARE": 20,
        "MIN_SHOOTS_TIME": 2,
        "MIN_START_AGGRESION_COEF": 1,
        "NO_RUN_AWAY_FOR_SAFE": true,
        "PART_PERCENT_TO_HEAL": 0.65,
        "PISTOL_SHOTGUN_AMBUSH_DIST": 30,
        "PROTECT_DELTA_HEAL_SEC": 10,
        "PROTECT_TIME_REAL": true,
        "SEC_TO_MORE_DIST_TO_RUN": 10,
        "SHOOT_INSTEAD_DOG_FIGHT": 9,
        "SIMPLE_POINT_CHOOSE_COEF": 0.4,
        "STANDART_AMBUSH_DIST": 100,
        "SUSPETION_POINT_CHANCE_ADD100": 0,
        "TALK_WITH_QUERY": true,
        "TIME_TO_FIND_ENEMY": 22,
        "TIME_TO_FORGOR_ABOUT_ENEMY_SEC": 52,
        "TIME_TO_RUN_TO_COVER_CAUSE_SHOOT_SEC": 15,
        "WARN_BOT_TYPES": []
      },
      "Move": {
        "BASESTART_SLOW_DIST": 1.1,
        "BASE_ROTATE_SPEED": 270,
        "BASE_SQRT_START_SERACH": 1225,
        "BASE_START_SERACH": 35,
        "CHANCE_TO_RUN_IF_NO_AMMO_0_100": 100,
        "DELTA_LAST_SEEN_ENEMY": 20,
        "DIST_TO_CAN_CHANGE_WAY": 8,
        "DIST_TO_CAN_CHANGE_WAY_SQR": 64,
        "DIST_TO_START_RAYCAST": 15,
        "DIST_TO_START_RAYCAST_SQR": 225,
        "FAR_DIST": 4,
        "FAR_DIST_SQR": 16,
        "REACH_DIST": 0.5,
        "REACH_DIST_COVER": 2,
        "REACH_DIST_RUN": 0.8,
        "RUN_IF_CANT_SHOOT": false,
        "RUN_IF_GAOL_FAR_THEN": 10,
        "RUN_TO_COVER_MIN": 2,
        "SEC_TO_CHANGE_TO_RUN": 3,
        "SLOW_COEF": 7,
        "START_SLOW_DIST": 1.5,
        "UPDATE_TIME_RECAL_WAY": 7,
        "Y_APPROXIMATION": 0.7
      },
      "Patrol": {
        "CHANCE_TO_CHANGE_WAY_0_100": 30,
        "CHANCE_TO_CUT_WAY_0_100": 75,
        "CHANCE_TO_SHOOT_DEADBODY": 52,
        "CHANGE_WAY_TIME": 325.1,
        "CLOSE_TO_SELECT_RESERV_WAY": 25,
        "CUT_WAY_MAX_0_1": 0.65,
        "CUT_WAY_MIN_0_1": 0.4,
        "FRIEND_SEARCH_SEC": 12,
        "LOOK_TIME_BASE": 12,
        "MAX_YDIST_TO_START_WARN_REQUEST_TO_REQUESTER": 5,
        "MIN_DIST_TO_CLOSE_TALK": 5,
        "MIN_DIST_TO_CLOSE_TALK_SQR": 25,
        "MIN_TALK_DELAY": 35,
        "PICKUP_ITEMS_TO_BACKPACK_OR_CONTAINER": true,
        "RESERVE_OUT_TIME": 60,
        "RESERVE_TIME_STAY": 72,
        "SUSPETION_PLACE_LIFETIME": 7,
        "TALK_DELAY": 1.1,
        "TALK_DELAY_BIG": 45.1,
        "VISION_DIST_COEF_PEACE": 0.75
      },
      "Scattering": {
        "AMPLITUDE_FACTOR": 0.25,
        "AMPLITUDE_SPEED": 0.1,
        "BloodFall": 1.45,
        "Caution": 0.3,
        "DIST_FROM_OLD_POINT_TO_NOT_AIM": 15,
        "DIST_FROM_OLD_POINT_TO_NOT_AIM_SQRT": 225,
        "DIST_NOT_TO_SHOOT": 0.3,
        "FromShot": 0.001,
        "HandDamageAccuracySpeed": 1.3,
        "HandDamageScatteringMinMax": 0.7,
        "LayFactor": 0.1,
        "MaxScatter": 0.2,
        "MinScatter": 0.01,
        "MovingSlowCoef": 1.5,
        "PoseChnageCoef": 0.1,
        "RecoilControlCoefShootDone": 0.0003,
        "RecoilControlCoefShootDoneAuto": 0.00015,
        "RecoilYCoef": 0.0005,
        "RecoilYCoefSppedDown": -0.52,
        "RecoilYMax": 1,
        "SpeedDown": -0.3,
        "SpeedUp": 0.3,
        "SpeedUpAim": 1.4,
        "ToCaution": 0.6,
        "ToLowBotAngularSpeed": 80,
        "ToLowBotSpeed": 2.4,
        "ToSlowBotSpeed": 1.5,
        "ToStopBotAngularSpeed": 40,
        "ToUpBotSpeed": 3.6,
        "TracerCoef": 1.3,
        "WorkingScatter": 0.02
      },
      "Shoot": {
        "AUTOMATIC_FIRE_SCATTERING_COEF": 1.1,
        "BASE_AUTOMATIC_TIME": 0.25,
        "CAN_SHOOTS_TIME_TO_AMBUSH": 993,
        "CHANCE_TO_CHANGE_TO_AUTOMATIC_FIRE_100": 99,
        "CHANCE_TO_CHANGE_WEAPON": 80,
        "CHANCE_TO_CHANGE_WEAPON_WITH_HELMET": 40,
        "DELAY_BEFORE_EXAMINE_MALFUNCTION": 0.5,
        "DELAY_BEFORE_FIX_MALFUNCTION": 0.5,
        "FAR_DIST_ENEMY": 20,
        "FAR_DIST_ENEMY_SQR": 400,
        "FAR_DIST_TO_CHANGE_WEAPON": 30,
        "FINGER_HOLD_SINGLE_SHOT": 0.14,
        "FINGER_HOLD_STATIONARY_GRENADE": 0.3,
        "HORIZONT_RECOIL_COEF": 0.04,
        "LOW_DIST_TO_CHANGE_WEAPON": 5,
        "MARKSMAN_DIST_SEK_COEF": 44,
        "MAX_DIST_COEF": 1.35,
        "MAX_RECOIL_PER_METER": 0.04,
        "NOT_TO_SEE_ENEMY_TO_WANT_RELOAD_PERCENT": 0.5,
        "NOT_TO_SEE_ENEMY_TO_WANT_RELOAD_SEC": 2,
        "RECOIL_DELTA_PRESS": 0.15,
        "RECOIL_PER_METER": 0.01,
        "RECOIL_TIME_NORMALIZE": 0.3,
        "RELOAD_PECNET_NO_ENEMY": 0.6,
        "REPAIR_MALFUNCTION_IMMEDIATE_CHANCE": 25,
        "RUN_DIST_NO_AMMO": 25,
        "RUN_DIST_NO_AMMO_SQRT": 625,
        "SHOOT_FROM_COVER": 4,
        "SUPPRESS_BY_SHOOT_TIME": 6,
        "SUPPRESS_TRIGGERS_DOWN": 3,
        "VALIDATE_MALFUNCTION_CHANCE": 100,
        "WAIT_NEXT_SINGLE_SHOT": 0.2,
        "WAIT_NEXT_SINGLE_SHOT_LONG_MAX": 3.3,
        "WAIT_NEXT_SINGLE_SHOT_LONG_MIN": 0.4,
        "WAIT_NEXT_STATIONARY_GRENADE": 1
      }
    },
    "impossible": {
      "Aiming": {
        "AIMING_TYPE": 2,
        "ANYTIME_LIGHT_WHEN_AIM_100": 40,
        "ANY_PART_SHOOT_TIME": 5,
        "BASE_HIT_AFFECTION_DELAY_SEC": 0.07,
        "BASE_HIT_AFFECTION_MAX_ANG": 4,
        "BASE_HIT_AFFECTION_MIN_ANG": 2,
        "BASE_SHIEF": 0.03,
        "BASE_SHIEF_STATIONARY_GRENADE": 0.15,
        "BETTER_PRECICING_COEF": 0.9,
        "BOTTOM_COEF": 0.01,
        "BOT_MOVE_IF_DELTA": 3.01,
        "COEF_FROM_COVER": 0.35,
        "COEF_IF_MOVE": 1,
        "DAMAGE_PANIC_TIME": 5,
        "DAMAGE_TO_DISCARD_AIM_0_100": 86,
        "DANGER_UP_POINT": 1.3,
        "DIST_TO_SHOOT_NO_OFFSET": 3,
        "DIST_TO_SHOOT_TO_CENTER": 3,
        "FIRST_CONTACT_ADD_CHANCE_100": 40,
        "FIRST_CONTACT_ADD_SEC": 0.01,
        "HARD_AIM": 0.75,
        "MAX_AIMING_UPGRADE_BY_TIME": 0.25,
        "MAX_AIM_PRECICING": 1,
        "MAX_AIM_TIME": 1.1,
        "MAX_TIME_DISCARD_AIM_SEC": 0.6,
        "MIN_DAMAGE_TO_GET_HIT_AFFETS": 1,
        "MIN_TIME_DISCARD_AIM_SEC": 0.3,
        "NEXT_SHOT_MISS_CHANCE_100": 10,
        "NEXT_SHOT_MISS_Y_OFFSET": 0.1,
        "OFFSET_RECAL_ANYWAY_TIME": 1,
        "PANIC_ACCURATY_COEF": 1.2,
        "PANIC_COEF": 1.2,
        "PANIC_TIME": 1,
        "RECALC_DIST": 0.7,
        "RECALC_MUST_TIME": 2,
        "RECALC_SQR_DIST": 0.48999998,
        "SCATTERING_DIST_MODIF": 0.47,
        "SCATTERING_DIST_MODIF_CLOSE": 0.6,
        "SCATTERING_HAVE_DAMAGE_COEF": 1.2,
        "SHOOT_TO_CHANGE_PRIORITY": 5525,
        "SHPERE_FRIENDY_FIRE_SIZE": -0.1,
        "TIME_COEF_IF_MOVE": 1.05,
        "WEAPON_ROOT_OFFSET": 0.35,
        "XZ_COEF": 0.01,
        "XZ_COEF_STATIONARY_GRENADE": 0.2
      },
      "Boss": {
        "BOSS_DIST_TO_SHOOT": 10,
        "BOSS_DIST_TO_SHOOT_SQRT": 100,
        "BOSS_DIST_TO_WARNING": 20,
        "BOSS_DIST_TO_WARNING_OUT": 35,
        "BOSS_DIST_TO_WARNING_OUT_SQRT": 625,
        "BOSS_DIST_TO_WARNING_SQRT": 400,
        "CHANCE_TO_SEND_GRENADE_100": 100,
        "CHANCE_USE_RESERVE_PATROL_100": 30,
        "COVER_TO_SEND": true,
        "DELTA_SEARCH_TIME": 18,
        "KILLA_AFTER_GRENADE_SUPPRESS_DELAY": 2,
        "KILLA_BULLET_TO_RELOAD": 15,
        "KILLA_CLOSEATTACK_DELAY": 10,
        "KILLA_CLOSEATTACK_TIMES": 3,
        "KILLA_CLOSE_ATTACK_DIST": 8,
        "KILLA_CONTUTION_TIME": 5,
        "KILLA_DEF_DIST_SQRT": 225,
        "KILLA_DIST_TO_GO_TO_SUPPRESS": 6,
        "KILLA_DITANCE_TO_BE_ENEMY_BOSS": 45,
        "KILLA_ENEMIES_TO_ATTACK": 3,
        "KILLA_HOLD_DELAY": 5,
        "KILLA_LARGE_ATTACK_DIST": 41,
        "KILLA_MIDDLE_ATTACK_DIST": 22,
        "KILLA_ONE_IS_CLOSE": 30,
        "KILLA_SEARCH_METERS": 30,
        "KILLA_SEARCH_SEC_STOP_AFTER_COMING": 25,
        "KILLA_START_SEARCH_SEC": 40,
        "KILLA_TRIGGER_DOWN_DELAY": 1,
        "KILLA_WAIT_IN_COVER_COEF": 1,
        "KILLA_Y_DELTA_TO_BE_ENEMY_BOSS": 5,
        "MAX_DIST_COVER_BOSS": 65,
        "MAX_DIST_COVER_BOSS_SQRT": 4225,
        "MAX_DIST_DECIDER_TO_SEND": 35,
        "MAX_DIST_DECIDER_TO_SEND_SQRT": 1225,
        "NOT_ADD_TO_ENEMY_ON_KILLS": true,
        "PERSONS_SEND": 2,
        "SHALL_WARN": true,
        "TIME_AFTER_LOSE": 15,
        "TIME_AFTER_LOSE_DELTA": 60,
        "WAIT_NO_ATTACK_SAVAGE": 10
      },
      "Change": {
        "FLASH_ACCURATY": 1.6,
        "FLASH_GAIN_SIGHT": 1.8,
        "FLASH_HEARING": 1,
        "FLASH_LAY_CHANCE": 1,
        "FLASH_PRECICING": 1.6,
        "FLASH_SCATTERING": 1.6,
        "FLASH_VISION_DIST": 0.05,
        "SMOKE_ACCURATY": 1.6,
        "SMOKE_GAIN_SIGHT": 1.6,
        "SMOKE_HEARING": 1,
        "SMOKE_LAY_CHANCE": 1.6,
        "SMOKE_PRECICING": 1.6,
        "SMOKE_SCATTERING": 1.6,
        "SMOKE_VISION_DIST": 0.6,
        "STUN_HEARING": 0.01
      },
      "Core": {
        "AccuratySpeed": 0.15,
        "AimingType": "normal",
        "CanGrenade": true,
        "CanRun": true,
        "DamageCoeff": 1,
        "GainSightCoef": 0.05,
        "HearingSense": 10.9,
        "PistolFireDistancePref": 35,
        "RifleFireDistancePref": 100,
        "ScatteringClosePerMeter": 0.12,
        "ScatteringPerMeter": 0.045,
        "ShotgunFireDistancePref": 50,
        "VisibleAngle": 180,
        "VisibleDistance": 262,
        "WaitInCoverBetweenShotsSec": 0.35
      },
      "Cover": {
        "CHANGE_RUN_TO_COVER_SEC": 5,
        "CHANGE_RUN_TO_COVER_SEC_GREANDE": 0.6,
        "CHECK_COVER_ENEMY_LOOK": false,
        "CLOSE_DIST_POINT_SQRT": 4,
        "DELTA_SEEN_FROM_COVE_LAST_POS": 15,
        "DEPENDS_Y_DIST_TO_BOT": false,
        "DIST_CANT_CHANGE_WAY": 5,
        "DIST_CANT_CHANGE_WAY_SQR": 25,
        "DIST_CHECK_SFETY": 9,
        "DOG_FIGHT_AFTER_LEAVE": 4,
        "ENEMY_DIST_TO_GO_OUT": 1,
        "GOOD_DIST_TO_POINT_COEF": 9999,
        "HIDE_TO_COVER_TIME": 1.5,
        "HITS_TO_LEAVE_COVER": 1,
        "HITS_TO_LEAVE_COVER_UNKNOWN": 1,
        "LOOK_LAST_ENEMY_POS_LOOKAROUND": 45,
        "LOOK_LAST_ENEMY_POS_MOVING": 1.5,
        "LOOK_TO_HIT_POINT_IF_LAST_ENEMY": 3,
        "MAX_DIST_OF_COVER": 4,
        "MAX_DIST_OF_COVER_SQR": 16,
        "MAX_SPOTTED_TIME_SEC": 55,
        "MIN_DEFENCE_LEVEL": 5,
        "MIN_DIST_TO_ENEMY": 9,
        "MOVE_TO_COVER_WHEN_TARGET": false,
        "NOT_LOOK_AT_WALL_IS_DANGER": true,
        "OFFSET_LOOK_ALONG_WALL_ANG": 20,
        "RETURN_TO_ATTACK_AFTER_AMBUSH_MAX": 50,
        "RETURN_TO_ATTACK_AFTER_AMBUSH_MIN": 20,
        "RUN_COVER_IF_CAN_AND_NO_ENEMIES": false,
        "RUN_IF_FAR": 10,
        "RUN_IF_FAR_SQRT": 225,
        "SHOOT_NEAR_SEC_PERIOD": 0.5,
        "SHOOT_NEAR_TO_LEAVE": 2,
        "SOUND_TO_GET_SPOTTED": 2,
        "SPOTTED_COVERS_RADIUS": 2.5,
        "SPOTTED_GRENADE_RADIUS": 16,
        "SPOTTED_GRENADE_TIME": 7,
        "STATIONARY_WEAPON_MAX_DIST_TO_USE": 25,
        "STATIONARY_WEAPON_NO_ENEMY_GETUP": 15,
        "STAY_IF_FAR": 25,
        "STAY_IF_FAR_SQRT": 625,
        "TIME_CHECK_SAFE": 2,
        "TIME_TO_MOVE_TO_COVER": 15,
        "WAIT_INT_COVER_FINDING_ENEMY": 2
      },
      "Grenade": {
        "ADD_GRENADE_AS_DANGER": 65,
        "ADD_GRENADE_AS_DANGER_SQR": 4225,
        "AMBUSH_IF_SMOKE_IN_ZONE_100": 40,
        "AMBUSH_IF_SMOKE_RETURN_TO_ATTACK_SEC": 30,
        "ANG_TYPE": 4,
        "BEWARE_TYPE": 2,
        "BE_ATTENTION_COEF": 4,
        "CAN_THROW_STRAIGHT_CONTACT": true,
        "CHANCE_RUN_FLASHED_100": 100,
        "CHANCE_TO_NOTIFY_ENEMY_GR_100": 100,
        "CHEAT_START_GRENADE_PLACE": false,
        "CLOSE_TO_SMOKE_TIME_DELTA": 5,
        "CLOSE_TO_SMOKE_TO_SHOOT": 10,
        "CLOSE_TO_SMOKE_TO_SHOOT_SQRT": 100,
        "DAMAGE_GRENADE_SUPPRESS_DELTA": 8,
        "DELTA_GRENADE_START_TIME": 0.01,
        "DELTA_NEXT_ATTEMPT": 10,
        "DELTA_NEXT_ATTEMPT_FROM_COVER": 5,
        "FLASH_GRENADE_TIME_COEF": 0.25,
        "GrenadePerMeter": 0.15,
        "GrenadePrecision": 0.1,
        "MAX_FLASHED_DIST_TO_SHOOT": 10,
        "MAX_FLASHED_DIST_TO_SHOOT_SQRT": 100,
        "MAX_THROW_POWER": 18.7,
        "MIN_DIST_NOT_TO_THROW": 8,
        "MIN_DIST_NOT_TO_THROW_SQR": 64,
        "MIN_THROW_DIST_PERCENT_0_1": 0.7,
        "MIN_THROW_GRENADE_DIST": 12,
        "MIN_THROW_GRENADE_DIST_SQRT": 144,
        "NEAR_DELTA_THROW_TIME_SEC": 2,
        "NO_RUN_FROM_AI_GRENADES": true,
        "REQUEST_DIST_MUST_THROW": 3,
        "REQUEST_DIST_MUST_THROW_SQRT": 9,
        "RUN_AWAY": 22,
        "RUN_AWAY_SQR": 484,
        "SHOOT_TO_SMOKE_CHANCE_100": 50,
        "SIZE_SPOTTED_COEF": 2,
        "SMOKE_CHECK_DELTA": 1,
        "SMOKE_SUPPRESS_DELTA": 20,
        "STOP_WHEN_THROW_GRENADE": true,
        "STRAIGHT_CONTACT_DELTA_SEC": -1,
        "STUN_SUPPRESS_DELTA": 9,
        "TIME_SHOOT_TO_FLASH": 4,
        "WAIT_TIME_TURN_AWAY": 0.2
      },
      "Hearing": {
        "BOT_CLOSE_PANIC_DIST": 1,
        "CHANCE_TO_HEAR_SIMPLE_SOUND_0_1": 0.99,
        "CLOSE_DIST": 96,
        "DEAD_BODY_SOUND_RAD": 30,
        "DISPERSION_COEF": 20,
        "DIST_PLACE_TO_FIND_POINT": 70,
        "FAR_DIST": 176,
        "HEAR_DELAY_WHEN_HAVE_SMT": 0,
        "HEAR_DELAY_WHEN_PEACE": 0,
        "LOOK_ONLY_DANGER": false,
        "LOOK_ONLY_DANGER_DELTA": 9,
        "RESET_TIMER_DIST": 17,
        "SOUND_DIR_DEEFREE": 30
      },
      "Lay": {
        "ATTACK_LAY_CHANCE": 25,
        "CHECK_SHOOT_WHEN_LAYING": false,
        "CLEAR_POINTS_OF_SCARE_SEC": 20,
        "DAMAGE_TIME_TO_GETUP": 3,
        "DELTA_AFTER_GETUP": 10,
        "DELTA_GETUP": 2.7,
        "DELTA_LAY_CHECK": 2,
        "DELTA_WANT_LAY_CHECL_SEC": 5,
        "DIST_ENEMY_CAN_LAY": 15,
        "DIST_ENEMY_CAN_LAY_SQRT": 225,
        "DIST_ENEMY_GETUP_LAY": 10,
        "DIST_ENEMY_GETUP_LAY_SQRT": 100,
        "DIST_ENEMY_NULL_DANGER_LAY": 15,
        "DIST_ENEMY_NULL_DANGER_LAY_SQRT": 225,
        "DIST_GRASS_TERRAIN_SQRT": 0.160000011,
        "DIST_TO_COVER_TO_LAY": 3.5,
        "DIST_TO_COVER_TO_LAY_SQRT": 12.25,
        "LAY_AIM": 0.6,
        "LAY_CHANCE_DANGER": 40,
        "MAX_CAN_LAY_DIST": 200,
        "MAX_CAN_LAY_DIST_SQRT": 40000,
        "MAX_LAY_TIME": 35,
        "MIN_CAN_LAY_DIST": 11,
        "MIN_CAN_LAY_DIST_SQRT": 121
      },
      "Look": {
        "BODY_DELTA_TIME_SEARCH_SEC": 1.7,
        "CAN_LOOK_TO_WALL": true,
        "COME_TO_BODY_DIST": 1.2,
        "CloseDeltaTimeSec": 0.1,
        "DIST_CHECK_WALL": 20,
        "DIST_NOT_TO_IGNORE_WALL": 15,
        "ENEMY_LIGHT_ADD": 48,
        "ENEMY_LIGHT_START_DIST": 90,
        "FAR_DISTANCE": 260,
        "FarDeltaTimeSec": 3,
        "GOAL_TO_FULL_DISSAPEAR": 0.2,
        "GOAL_TO_FULL_DISSAPEAR_SHOOT": 0.03,
        "LOOK_AROUND_DELTA": 1.1,
        "LOOK_LAST_POSENEMY_IF_NO_DANGER_SEC": 25,
        "LightOnVisionDistance": 95,
        "MARKSMAN_VISIBLE_DIST_COEF": 1.15,
        "MAX_VISION_GRASS_METERS": 0.8,
        "MAX_VISION_GRASS_METERS_FLARE": 8,
        "MAX_VISION_GRASS_METERS_FLARE_OPT": 0.125,
        "MAX_VISION_GRASS_METERS_OPT": 0.9090909,
        "MIDDLE_DIST": 90,
        "MIN_LOOK_AROUD_TIME": 20,
        "MiddleDeltaTimeSec": 1,
        "OLD_TIME_POINT": 11,
        "OPTIMIZE_TO_ONLY_BODY": true,
        "POSIBLE_VISION_SPACE": 1.2,
        "VISIBLE_DISNACE_WITH_LIGHT": 100,
        "WAIT_NEW_SENSOR": 2.1,
        "WAIT_NEW__LOOK_SENSOR": 7.8
      },
      "Mind": {
        "AGGRESSOR_LOYALTY_BONUS": 0,
        "AI_POWER_COEF": 120,
        "AMBUSH_WHEN_UNDER_FIRE": true,
        "AMBUSH_WHEN_UNDER_FIRE_TIME_RESIST": 60,
        "ATTACK_ENEMY_IF_PROTECT_DELTA_LAST_TIME_SEEN": 1.5,
        "ATTACK_IMMEDIATLY_CHANCE_0_100": 40,
        "BULLET_FEEL_CLOSE_SDIST": 1,
        "BULLET_FEEL_DIST": 360,
        "CAN_PANIC_IS_PROTECT": false,
        "CAN_RECIVE_PLAYER_REQUESTS": true,
        "CAN_STAND_BY": false,
        "CAN_TAKE_ANY_ITEM": true,
        "CAN_TAKE_ITEMS": true,
        "CAN_THROW_REQUESTS": true,
        "CAN_USE_MEDS": true,
        "CHANCE_FUCK_YOU_ON_CONTACT_100": 0.01,
        "CHANCE_SHOOT_WHEN_WARN_PLAYER_100": 25,
        "CHANCE_TO_RUN_CAUSE_DAMAGE_0_100": 35,
        "CHANCE_TO_STAY_WHEN_WARN_PLAYER_100": 80,
        "COVER_DIST_COEF": 1.5,
        "COVER_SECONDS_AFTER_LOSE_VISION": 10,
        "COVER_SELF_ALWAYS_IF_DAMAGED": false,
        "DAMAGE_REDUCTION_TIME_SEC": 20,
        "DANGER_POINT_CHOOSE_COEF": 1,
        "DEFAULT_BEAR_BEHAVIOUR": "Neutral",
        "DEFAULT_ENEMY_BEAR": false,
        "DEFAULT_ENEMY_SAVAGE": false,
        "DEFAULT_ENEMY_USEC": false,
        "DEFAULT_SAVAGE_BEHAVIOUR": "Neutral",
        "DEFAULT_USEC_BEHAVIOUR": "Neutral",
        "DIST_TO_ENEMY_YO_CAN_HEAL": 30,
        "DIST_TO_FOUND_SQRT": 400,
        "DIST_TO_STOP_RUN_ENEMY": 15,
        "DOG_FIGHT_IN": 3,
        "DOG_FIGHT_OUT": 6,
        "ENEMY_BOT_TYPES": [],
        "ENEMY_BY_GROUPS_PMC_PLAYERS": false,
        "ENEMY_BY_GROUPS_SAVAGE_PLAYERS": false,
        "ENEMY_LOOK_AT_ME_ANG": 15,
        "FIND_COVER_TO_GET_POSITION_WITH_SHOOT": 2,
        "FRIENDLY_BOT_TYPES": [],
        "FRIEND_AGR_KILL": 0.2,
        "FRIEND_DEAD_AGR_LOW": -0.2,
        "GROUP_ANY_PHRASE_DELAY": 20,
        "GROUP_EXACTLY_PHRASE_DELAY": 20,
        "HEAL_DELAY_SEC": 5,
        "HIT_DELAY_WHEN_HAVE_SMT": -1,
        "HIT_DELAY_WHEN_PEACE": -1,
        "HIT_POINT_DETECTION": 4,
        "HOLD_IF_PROTECT_DELTA_LAST_TIME_SEEN": 8.5,
        "LASTSEEN_POINT_CHOOSE_COEF": 0.2,
        "LAST_ENEMY_LOOK_TO": 40,
        "MAX_AGGRO_BOT_DIST": 100,
        "MAX_AGGRO_BOT_DIST_SQR": 10000,
        "MAX_SHOOTS_TIME": 4,
        "MAX_START_AGGRESION_COEF": 3,
        "MIN_DAMAGE_SCARE": 20,
        "MIN_SHOOTS_TIME": 2,
        "MIN_START_AGGRESION_COEF": 1,
        "NO_RUN_AWAY_FOR_SAFE": true,
        "PART_PERCENT_TO_HEAL": 0.65,
        "PISTOL_SHOTGUN_AMBUSH_DIST": 30,
        "PROTECT_DELTA_HEAL_SEC": 10,
        "PROTECT_TIME_REAL": true,
        "SEC_TO_MORE_DIST_TO_RUN": 10,
        "SHOOT_INSTEAD_DOG_FIGHT": 9,
        "SIMPLE_POINT_CHOOSE_COEF": 0.4,
        "STANDART_AMBUSH_DIST": 100,
        "SUSPETION_POINT_CHANCE_ADD100": 0,
        "TALK_WITH_QUERY": true,
        "TIME_TO_FIND_ENEMY": 22,
        "TIME_TO_FORGOR_ABOUT_ENEMY_SEC": 52,
        "TIME_TO_RUN_TO_COVER_CAUSE_SHOOT_SEC": 15,
        "WARN_BOT_TYPES": []
      },
      "Move": {
        "BASESTART_SLOW_DIST": 1.1,
        "BASE_ROTATE_SPEED": 270,
        "BASE_SQRT_START_SERACH": 1225,
        "BASE_START_SERACH": 35,
        "CHANCE_TO_RUN_IF_NO_AMMO_0_100": 100,
        "DELTA_LAST_SEEN_ENEMY": 20,
        "DIST_TO_CAN_CHANGE_WAY": 8,
        "DIST_TO_CAN_CHANGE_WAY_SQR": 64,
        "DIST_TO_START_RAYCAST": 15,
        "DIST_TO_START_RAYCAST_SQR": 225,
        "FAR_DIST": 4,
        "FAR_DIST_SQR": 16,
        "REACH_DIST": 0.5,
        "REACH_DIST_COVER": 2,
        "REACH_DIST_RUN": 0.8,
        "RUN_IF_CANT_SHOOT": false,
        "RUN_IF_GAOL_FAR_THEN": 10,
        "RUN_TO_COVER_MIN": 2,
        "SEC_TO_CHANGE_TO_RUN": 3,
        "SLOW_COEF": 7,
        "START_SLOW_DIST": 1.5,
        "UPDATE_TIME_RECAL_WAY": 7,
        "Y_APPROXIMATION": 0.7
      },
      "Patrol": {
        "CHANCE_TO_CHANGE_WAY_0_100": 30,
        "CHANCE_TO_CUT_WAY_0_100": 75,
        "CHANCE_TO_SHOOT_DEADBODY": 52,
        "CHANGE_WAY_TIME": 325.1,
        "CLOSE_TO_SELECT_RESERV_WAY": 25,
        "CUT_WAY_MAX_0_1": 0.65,
        "CUT_WAY_MIN_0_1": 0.4,
        "FRIEND_SEARCH_SEC": 12,
        "LOOK_TIME_BASE": 12,
        "MAX_YDIST_TO_START_WARN_REQUEST_TO_REQUESTER": 5,
        "MIN_DIST_TO_CLOSE_TALK": 5,
        "MIN_DIST_TO_CLOSE_TALK_SQR": 25,
        "MIN_TALK_DELAY": 35,
        "PICKUP_ITEMS_TO_BACKPACK_OR_CONTAINER": true,
        "RESERVE_OUT_TIME": 60,
        "RESERVE_TIME_STAY": 72,
        "SUSPETION_PLACE_LIFETIME": 7,
        "TALK_DELAY": 1.1,
        "TALK_DELAY_BIG": 45.1,
        "VISION_DIST_COEF_PEACE": 0.75
      },
      "Scattering": {
        "AMPLITUDE_FACTOR": 0.25,
        "AMPLITUDE_SPEED": 0.1,
        "BloodFall": 1.45,
        "Caution": 0.3,
        "DIST_FROM_OLD_POINT_TO_NOT_AIM": 15,
        "DIST_FROM_OLD_POINT_TO_NOT_AIM_SQRT": 225,
        "DIST_NOT_TO_SHOOT": 0.3,
        "FromShot": 0.001,
        "HandDamageAccuracySpeed": 1.3,
        "HandDamageScatteringMinMax": 0.7,
        "LayFactor": 0.1,
        "MaxScatter": 0.2,
        "MinScatter": 0.01,
        "MovingSlowCoef": 1.5,
        "PoseChnageCoef": 0.1,
        "RecoilControlCoefShootDone": 0.0003,
        "RecoilControlCoefShootDoneAuto": 0.00015,
        "RecoilYCoef": 0.0005,
        "RecoilYCoefSppedDown": -0.52,
        "RecoilYMax": 1,
        "SpeedDown": -0.3,
        "SpeedUp": 0.3,
        "SpeedUpAim": 1.4,
        "ToCaution": 0.6,
        "ToLowBotAngularSpeed": 80,
        "ToLowBotSpeed": 2.4,
        "ToSlowBotSpeed": 1.5,
        "ToStopBotAngularSpeed": 40,
        "ToUpBotSpeed": 3.6,
        "TracerCoef": 1.3,
        "WorkingScatter": 0.02
      },
      "Shoot": {
        "AUTOMATIC_FIRE_SCATTERING_COEF": 1.1,
        "BASE_AUTOMATIC_TIME": 0.25,
        "CAN_SHOOTS_TIME_TO_AMBUSH": 993,
        "CHANCE_TO_CHANGE_TO_AUTOMATIC_FIRE_100": 99,
        "CHANCE_TO_CHANGE_WEAPON": 80,
        "CHANCE_TO_CHANGE_WEAPON_WITH_HELMET": 40,
        "DELAY_BEFORE_EXAMINE_MALFUNCTION": 0.5,
        "DELAY_BEFORE_FIX_MALFUNCTION": 0.5,
        "FAR_DIST_ENEMY": 20,
        "FAR_DIST_ENEMY_SQR": 400,
        "FAR_DIST_TO_CHANGE_WEAPON": 30,
        "FINGER_HOLD_SINGLE_SHOT": 0.14,
        "FINGER_HOLD_STATIONARY_GRENADE": 0.3,
        "HORIZONT_RECOIL_COEF": 0.04,
        "LOW_DIST_TO_CHANGE_WEAPON": 5,
        "MARKSMAN_DIST_SEK_COEF": 44,
        "MAX_DIST_COEF": 1.35,
        "MAX_RECOIL_PER_METER": 0.04,
        "NOT_TO_SEE_ENEMY_TO_WANT_RELOAD_PERCENT": 0.5,
        "NOT_TO_SEE_ENEMY_TO_WANT_RELOAD_SEC": 2,
        "RECOIL_DELTA_PRESS": 0.15,
        "RECOIL_PER_METER": 0.01,
        "RECOIL_TIME_NORMALIZE": 0.3,
        "RELOAD_PECNET_NO_ENEMY": 0.6,
        "REPAIR_MALFUNCTION_IMMEDIATE_CHANCE": 25,
        "RUN_DIST_NO_AMMO": 25,
        "RUN_DIST_NO_AMMO_SQRT": 625,
        "SHOOT_FROM_COVER": 4,
        "SUPPRESS_BY_SHOOT_TIME": 6,
        "SUPPRESS_TRIGGERS_DOWN": 3,
        "VALIDATE_MALFUNCTION_CHANCE": 100,
        "WAIT_NEXT_SINGLE_SHOT": 0.2,
        "WAIT_NEXT_SINGLE_SHOT_LONG_MAX": 3.3,
        "WAIT_NEXT_SINGLE_SHOT_LONG_MIN": 0.4,
        "WAIT_NEXT_STATIONARY_GRENADE": 1
      }
    },
    "normal": {
      "Aiming": {
        "AIMING_TYPE": 2,
        "ANYTIME_LIGHT_WHEN_AIM_100": 40,
        "ANY_PART_SHOOT_TIME": 5,
        "BASE_HIT_AFFECTION_DELAY_SEC": 0.07,
        "BASE_HIT_AFFECTION_MAX_ANG": 4,
        "BASE_HIT_AFFECTION_MIN_ANG": 2,
        "BASE_SHIEF": 0.03,
        "BASE_SHIEF_STATIONARY_GRENADE": 0.15,
        "BETTER_PRECICING_COEF": 0.9,
        "BOTTOM_COEF": 0.01,
        "BOT_MOVE_IF_DELTA": 3.01,
        "COEF_FROM_COVER": 0.35,
        "COEF_IF_MOVE": 1,
        "DAMAGE_PANIC_TIME": 5,
        "DAMAGE_TO_DISCARD_AIM_0_100": 86,
        "DANGER_UP_POINT": 1.3,
        "DIST_TO_SHOOT_NO_OFFSET": 3,
        "DIST_TO_SHOOT_TO_CENTER": 3,
        "FIRST_CONTACT_ADD_CHANCE_100": 40,
        "FIRST_CONTACT_ADD_SEC": 0.01,
        "HARD_AIM": 0.75,
        "MAX_AIMING_UPGRADE_BY_TIME": 0.25,
        "MAX_AIM_PRECICING": 1,
        "MAX_AIM_TIME": 1.1,
        "MAX_TIME_DISCARD_AIM_SEC": 0.6,
        "MIN_DAMAGE_TO_GET_HIT_AFFETS": 1,
        "MIN_TIME_DISCARD_AIM_SEC": 0.3,
        "NEXT_SHOT_MISS_CHANCE_100": 10,
        "NEXT_SHOT_MISS_Y_OFFSET": 0.1,
        "OFFSET_RECAL_ANYWAY_TIME": 1,
        "PANIC_ACCURATY_COEF": 1.2,
        "PANIC_COEF": 1.2,
        "PANIC_TIME": 1,
        "RECALC_DIST": 0.7,
        "RECALC_MUST_TIME": 2,
        "RECALC_SQR_DIST": 0.48999998,
        "SCATTERING_DIST_MODIF": 0.47,
        "SCATTERING_DIST_MODIF_CLOSE": 0.6,
        "SCATTERING_HAVE_DAMAGE_COEF": 1.2,
        "SHOOT_TO_CHANGE_PRIORITY": 5525,
        "SHPERE_FRIENDY_FIRE_SIZE": -0.1,
        "TIME_COEF_IF_MOVE": 1.05,
        "WEAPON_ROOT_OFFSET": 0.35,
        "XZ_COEF": 0.01,
        "XZ_COEF_STATIONARY_GRENADE": 0.2
      },
      "Boss": {
        "BOSS_DIST_TO_SHOOT": 10,
        "BOSS_DIST_TO_SHOOT_SQRT": 100,
        "BOSS_DIST_TO_WARNING": 20,
        "BOSS_DIST_TO_WARNING_OUT": 35,
        "BOSS_DIST_TO_WARNING_OUT_SQRT": 625,
        "BOSS_DIST_TO_WARNING_SQRT": 400,
        "CHANCE_TO_SEND_GRENADE_100": 100,
        "CHANCE_USE_RESERVE_PATROL_100": 30,
        "COVER_TO_SEND": true,
        "DELTA_SEARCH_TIME": 18,
        "KILLA_AFTER_GRENADE_SUPPRESS_DELAY": 2,
        "KILLA_BULLET_TO_RELOAD": 15,
        "KILLA_CLOSEATTACK_DELAY": 10,
        "KILLA_CLOSEATTACK_TIMES": 3,
        "KILLA_CLOSE_ATTACK_DIST": 8,
        "KILLA_CONTUTION_TIME": 5,
        "KILLA_DEF_DIST_SQRT": 225,
        "KILLA_DIST_TO_GO_TO_SUPPRESS": 6,
        "KILLA_DITANCE_TO_BE_ENEMY_BOSS": 45,
        "KILLA_ENEMIES_TO_ATTACK": 3,
        "KILLA_HOLD_DELAY": 5,
        "KILLA_LARGE_ATTACK_DIST": 41,
        "KILLA_MIDDLE_ATTACK_DIST": 22,
        "KILLA_ONE_IS_CLOSE": 30,
        "KILLA_SEARCH_METERS": 30,
        "KILLA_SEARCH_SEC_STOP_AFTER_COMING": 25,
        "KILLA_START_SEARCH_SEC": 40,
        "KILLA_TRIGGER_DOWN_DELAY": 1,
        "KILLA_WAIT_IN_COVER_COEF": 1,
        "KILLA_Y_DELTA_TO_BE_ENEMY_BOSS": 5,
        "MAX_DIST_COVER_BOSS": 65,
        "MAX_DIST_COVER_BOSS_SQRT": 4225,
        "MAX_DIST_DECIDER_TO_SEND": 35,
        "MAX_DIST_DECIDER_TO_SEND_SQRT": 1225,
        "NOT_ADD_TO_ENEMY_ON_KILLS": true,
        "PERSONS_SEND": 2,
        "SHALL_WARN": true,
        "TIME_AFTER_LOSE": 15,
        "TIME_AFTER_LOSE_DELTA": 60,
        "WAIT_NO_ATTACK_SAVAGE": 10
      },
      "Change": {
        "FLASH_ACCURATY": 1.6,
        "FLASH_GAIN_SIGHT": 1.8,
        "FLASH_HEARING": 1,
        "FLASH_LAY_CHANCE": 1,
        "FLASH_PRECICING": 1.6,
        "FLASH_SCATTERING": 1.6,
        "FLASH_VISION_DIST": 0.05,
        "SMOKE_ACCURATY": 1.6,
        "SMOKE_GAIN_SIGHT": 1.6,
        "SMOKE_HEARING": 1,
        "SMOKE_LAY_CHANCE": 1.6,
        "SMOKE_PRECICING": 1.6,
        "SMOKE_SCATTERING": 1.6,
        "SMOKE_VISION_DIST": 0.6,
        "STUN_HEARING": 0.01
      },
      "Core": {
        "AccuratySpeed": 0.15,
        "AimingType": "normal",
        "CanGrenade": true,
        "CanRun": true,
        "DamageCoeff": 1,
        "GainSightCoef": 0.05,
        "HearingSense": 10.9,
        "PistolFireDistancePref": 35,
        "RifleFireDistancePref": 100,
        "ScatteringClosePerMeter": 0.12,
        "ScatteringPerMeter": 0.045,
        "ShotgunFireDistancePref": 50,
        "VisibleAngle": 180,
        "VisibleDistance": 262,
        "WaitInCoverBetweenShotsSec": 0.35
      },
      "Cover": {
        "CHANGE_RUN_TO_COVER_SEC": 5,
        "CHANGE_RUN_TO_COVER_SEC_GREANDE": 0.6,
        "CHECK_COVER_ENEMY_LOOK": false,
        "CLOSE_DIST_POINT_SQRT": 4,
        "DELTA_SEEN_FROM_COVE_LAST_POS": 15,
        "DEPENDS_Y_DIST_TO_BOT": false,
        "DIST_CANT_CHANGE_WAY": 5,
        "DIST_CANT_CHANGE_WAY_SQR": 25,
        "DIST_CHECK_SFETY": 9,
        "DOG_FIGHT_AFTER_LEAVE": 4,
        "ENEMY_DIST_TO_GO_OUT": 1,
        "GOOD_DIST_TO_POINT_COEF": 9999,
        "HIDE_TO_COVER_TIME": 1.5,
        "HITS_TO_LEAVE_COVER": 1,
        "HITS_TO_LEAVE_COVER_UNKNOWN": 1,
        "LOOK_LAST_ENEMY_POS_LOOKAROUND": 45,
        "LOOK_LAST_ENEMY_POS_MOVING": 1.5,
        "LOOK_TO_HIT_POINT_IF_LAST_ENEMY": 3,
        "MAX_DIST_OF_COVER": 4,
        "MAX_DIST_OF_COVER_SQR": 16,
        "MAX_SPOTTED_TIME_SEC": 55,
        "MIN_DEFENCE_LEVEL": 5,
        "MIN_DIST_TO_ENEMY": 9,
        "MOVE_TO_COVER_WHEN_TARGET": false,
        "NOT_LOOK_AT_WALL_IS_DANGER": true,
        "OFFSET_LOOK_ALONG_WALL_ANG": 20,
        "RETURN_TO_ATTACK_AFTER_AMBUSH_MAX": 50,
        "RETURN_TO_ATTACK_AFTER_AMBUSH_MIN": 20,
        "RUN_COVER_IF_CAN_AND_NO_ENEMIES": false,
        "RUN_IF_FAR": 10,
        "RUN_IF_FAR_SQRT": 225,
        "SHOOT_NEAR_SEC_PERIOD": 0.5,
        "SHOOT_NEAR_TO_LEAVE": 2,
        "SOUND_TO_GET_SPOTTED": 2,
        "SPOTTED_COVERS_RADIUS": 2.5,
        "SPOTTED_GRENADE_RADIUS": 16,
        "SPOTTED_GRENADE_TIME": 7,
        "STATIONARY_WEAPON_MAX_DIST_TO_USE": 25,
        "STATIONARY_WEAPON_NO_ENEMY_GETUP": 15,
        "STAY_IF_FAR": 25,
        "STAY_IF_FAR_SQRT": 625,
        "TIME_CHECK_SAFE": 2,
        "TIME_TO_MOVE_TO_COVER": 15,
        "WAIT_INT_COVER_FINDING_ENEMY": 2
      },
      "Grenade": {
        "ADD_GRENADE_AS_DANGER": 65,
        "ADD_GRENADE_AS_DANGER_SQR": 4225,
        "AMBUSH_IF_SMOKE_IN_ZONE_100": 40,
        "AMBUSH_IF_SMOKE_RETURN_TO_ATTACK_SEC": 30,
        "ANG_TYPE": 4,
        "BEWARE_TYPE": 2,
        "BE_ATTENTION_COEF": 4,
        "CAN_THROW_STRAIGHT_CONTACT": true,
        "CHANCE_RUN_FLASHED_100": 100,
        "CHANCE_TO_NOTIFY_ENEMY_GR_100": 100,
        "CHEAT_START_GRENADE_PLACE": false,
        "CLOSE_TO_SMOKE_TIME_DELTA": 5,
        "CLOSE_TO_SMOKE_TO_SHOOT": 10,
        "CLOSE_TO_SMOKE_TO_SHOOT_SQRT": 100,
        "DAMAGE_GRENADE_SUPPRESS_DELTA": 8,
        "DELTA_GRENADE_START_TIME": 0.01,
        "DELTA_NEXT_ATTEMPT": 10,
        "DELTA_NEXT_ATTEMPT_FROM_COVER": 5,
        "FLASH_GRENADE_TIME_COEF": 0.25,
        "GrenadePerMeter": 0.15,
        "GrenadePrecision": 0.1,
        "MAX_FLASHED_DIST_TO_SHOOT": 10,
        "MAX_FLASHED_DIST_TO_SHOOT_SQRT": 100,
        "MAX_THROW_POWER": 18.7,
        "MIN_DIST_NOT_TO_THROW": 8,
        "MIN_DIST_NOT_TO_THROW_SQR": 64,
        "MIN_THROW_DIST_PERCENT_0_1": 0.7,
        "MIN_THROW_GRENADE_DIST": 12,
        "MIN_THROW_GRENADE_DIST_SQRT": 144,
        "NEAR_DELTA_THROW_TIME_SEC": 2,
        "NO_RUN_FROM_AI_GRENADES": true,
        "REQUEST_DIST_MUST_THROW": 3,
        "REQUEST_DIST_MUST_THROW_SQRT": 9,
        "RUN_AWAY": 22,
        "RUN_AWAY_SQR": 484,
        "SHOOT_TO_SMOKE_CHANCE_100": 50,
        "SIZE_SPOTTED_COEF": 2,
        "SMOKE_CHECK_DELTA": 1,
        "SMOKE_SUPPRESS_DELTA": 20,
        "STOP_WHEN_THROW_GRENADE": true,
        "STRAIGHT_CONTACT_DELTA_SEC": -1,
        "STUN_SUPPRESS_DELTA": 9,
        "TIME_SHOOT_TO_FLASH": 4,
        "WAIT_TIME_TURN_AWAY": 0.2
      },
      "Hearing": {
        "BOT_CLOSE_PANIC_DIST": 1,
        "CHANCE_TO_HEAR_SIMPLE_SOUND_0_1": 0.99,
        "CLOSE_DIST": 96,
        "DEAD_BODY_SOUND_RAD": 30,
        "DISPERSION_COEF": 20,
        "DIST_PLACE_TO_FIND_POINT": 70,
        "FAR_DIST": 176,
        "HEAR_DELAY_WHEN_HAVE_SMT": 0,
        "HEAR_DELAY_WHEN_PEACE": 0,
        "LOOK_ONLY_DANGER": false,
        "LOOK_ONLY_DANGER_DELTA": 9,
        "RESET_TIMER_DIST": 17,
        "SOUND_DIR_DEEFREE": 30
      },
      "Lay": {
        "ATTACK_LAY_CHANCE": 25,
        "CHECK_SHOOT_WHEN_LAYING": false,
        "CLEAR_POINTS_OF_SCARE_SEC": 20,
        "DAMAGE_TIME_TO_GETUP": 3,
        "DELTA_AFTER_GETUP": 10,
        "DELTA_GETUP": 2.7,
        "DELTA_LAY_CHECK": 2,
        "DELTA_WANT_LAY_CHECL_SEC": 5,
        "DIST_ENEMY_CAN_LAY": 15,
        "DIST_ENEMY_CAN_LAY_SQRT": 225,
        "DIST_ENEMY_GETUP_LAY": 10,
        "DIST_ENEMY_GETUP_LAY_SQRT": 100,
        "DIST_ENEMY_NULL_DANGER_LAY": 15,
        "DIST_ENEMY_NULL_DANGER_LAY_SQRT": 225,
        "DIST_GRASS_TERRAIN_SQRT": 0.160000011,
        "DIST_TO_COVER_TO_LAY": 3.5,
        "DIST_TO_COVER_TO_LAY_SQRT": 12.25,
        "LAY_AIM": 0.6,
        "LAY_CHANCE_DANGER": 40,
        "MAX_CAN_LAY_DIST": 200,
        "MAX_CAN_LAY_DIST_SQRT": 40000,
        "MAX_LAY_TIME": 35,
        "MIN_CAN_LAY_DIST": 11,
        "MIN_CAN_LAY_DIST_SQRT": 121
      },
      "Look": {
        "BODY_DELTA_TIME_SEARCH_SEC": 1.7,
        "CAN_LOOK_TO_WALL": true,
        "COME_TO_BODY_DIST": 1.2,
        "CloseDeltaTimeSec": 0.1,
        "DIST_CHECK_WALL": 20,
        "DIST_NOT_TO_IGNORE_WALL": 15,
        "ENEMY_LIGHT_ADD": 48,
        "ENEMY_LIGHT_START_DIST": 90,
        "FAR_DISTANCE": 260,
        "FarDeltaTimeSec": 3,
        "GOAL_TO_FULL_DISSAPEAR": 0.2,
        "GOAL_TO_FULL_DISSAPEAR_SHOOT": 0.03,
        "LOOK_AROUND_DELTA": 1.1,
        "LOOK_LAST_POSENEMY_IF_NO_DANGER_SEC": 25,
        "LightOnVisionDistance": 95,
        "MARKSMAN_VISIBLE_DIST_COEF": 1.15,
        "MAX_VISION_GRASS_METERS": 0.8,
        "MAX_VISION_GRASS_METERS_FLARE": 8,
        "MAX_VISION_GRASS_METERS_FLARE_OPT": 0.125,
        "MAX_VISION_GRASS_METERS_OPT": 0.9090909,
        "MIDDLE_DIST": 90,
        "MIN_LOOK_AROUD_TIME": 20,
        "MiddleDeltaTimeSec": 1,
        "OLD_TIME_POINT": 11,
        "OPTIMIZE_TO_ONLY_BODY": true,
        "POSIBLE_VISION_SPACE": 1.2,
        "VISIBLE_DISNACE_WITH_LIGHT": 100,
        "WAIT_NEW_SENSOR": 2.1,
        "WAIT_NEW__LOOK_SENSOR": 7.8
      },
      "Mind": {
        "AGGRESSOR_LOYALTY_BONUS": 0,
        "AI_POWER_COEF": 120,
        "AMBUSH_WHEN_UNDER_FIRE": true,
        "AMBUSH_WHEN_UNDER_FIRE_TIME_RESIST": 60,
        "ATTACK_ENEMY_IF_PROTECT_DELTA_LAST_TIME_SEEN": 1.5,
        "ATTACK_IMMEDIATLY_CHANCE_0_100": 40,
        "BULLET_FEEL_CLOSE_SDIST": 1,
        "BULLET_FEEL_DIST": 360,
        "CAN_PANIC_IS_PROTECT": false,
        "CAN_RECIVE_PLAYER_REQUESTS": true,
        "CAN_STAND_BY": false,
        "CAN_TAKE_ANY_ITEM": true,
        "CAN_TAKE_ITEMS": true,
        "CAN_THROW_REQUESTS": true,
        "CAN_USE_MEDS": true,
        "CHANCE_FUCK_YOU_ON_CONTACT_100": 0.01,
        "CHANCE_SHOOT_WHEN_WARN_PLAYER_100": 25,
        "CHANCE_TO_RUN_CAUSE_DAMAGE_0_100": 35,
        "CHANCE_TO_STAY_WHEN_WARN_PLAYER_100": 80,
        "COVER_DIST_COEF": 1.5,
        "COVER_SECONDS_AFTER_LOSE_VISION": 10,
        "COVER_SELF_ALWAYS_IF_DAMAGED": false,
        "DAMAGE_REDUCTION_TIME_SEC": 20,
        "DANGER_POINT_CHOOSE_COEF": 1,
        "DEFAULT_BEAR_BEHAVIOUR": "Neutral",
        "DEFAULT_ENEMY_BEAR": false,
        "DEFAULT_ENEMY_SAVAGE": false,
        "DEFAULT_ENEMY_USEC": false,
        "DEFAULT_SAVAGE_BEHAVIOUR": "Neutral",
        "DEFAULT_USEC_BEHAVIOUR": "Neutral",
        "DIST_TO_ENEMY_YO_CAN_HEAL": 30,
        "DIST_TO_FOUND_SQRT": 400,
        "DIST_TO_STOP_RUN_ENEMY": 15,
        "DOG_FIGHT_IN": 3,
        "DOG_FIGHT_OUT": 6,
        "ENEMY_BOT_TYPES": [],
        "ENEMY_BY_GROUPS_PMC_PLAYERS": false,
        "ENEMY_BY_GROUPS_SAVAGE_PLAYERS": false,
        "ENEMY_LOOK_AT_ME_ANG": 15,
        "FIND_COVER_TO_GET_POSITION_WITH_SHOOT": 2,
        "FRIENDLY_BOT_TYPES": [],
        "FRIEND_AGR_KILL": 0.2,
        "FRIEND_DEAD_AGR_LOW": -0.2,
        "GROUP_ANY_PHRASE_DELAY": 20,
        "GROUP_EXACTLY_PHRASE_DELAY": 20,
        "HEAL_DELAY_SEC": 5,
        "HIT_DELAY_WHEN_HAVE_SMT": -1,
        "HIT_DELAY_WHEN_PEACE": -1,
        "HIT_POINT_DETECTION": 4,
        "HOLD_IF_PROTECT_DELTA_LAST_TIME_SEEN": 8.5,
        "LASTSEEN_POINT_CHOOSE_COEF": 0.2,
        "LAST_ENEMY_LOOK_TO": 40,
        "MAX_AGGRO_BOT_DIST": 100,
        "MAX_AGGRO_BOT_DIST_SQR": 10000,
        "MAX_SHOOTS_TIME": 4,
        "MAX_START_AGGRESION_COEF": 3,
        "MIN_DAMAGE_SCARE": 20,
        "MIN_SHOOTS_TIME": 2,
        "MIN_START_AGGRESION_COEF": 1,
        "NO_RUN_AWAY_FOR_SAFE": true,
        "PART_PERCENT_TO_HEAL": 0.65,
        "PISTOL_SHOTGUN_AMBUSH_DIST": 30,
        "PROTECT_DELTA_HEAL_SEC": 10,
        "PROTECT_TIME_REAL": true,
        "SEC_TO_MORE_DIST_TO_RUN": 10,
        "SHOOT_INSTEAD_DOG_FIGHT": 9,
        "SIMPLE_POINT_CHOOSE_COEF": 0.4,
        "STANDART_AMBUSH_DIST": 100,
        "SUSPETION_POINT_CHANCE_ADD100": 0,
        "TALK_WITH_QUERY": true,
        "TIME_TO_FIND_ENEMY": 22,
        "TIME_TO_FORGOR_ABOUT_ENEMY_SEC": 52,
        "TIME_TO_RUN_TO_COVER_CAUSE_SHOOT_SEC": 15,
        "WARN_BOT_TYPES": []
      },
      "Move": {
        "BASESTART_SLOW_DIST": 1.1,
        "BASE_ROTATE_SPEED": 270,
        "BASE_SQRT_START_SERACH": 1225,
        "BASE_START_SERACH": 35,
        "CHANCE_TO_RUN_IF_NO_AMMO_0_100": 100,
        "DELTA_LAST_SEEN_ENEMY": 20,
        "DIST_TO_CAN_CHANGE_WAY": 8,
        "DIST_TO_CAN_CHANGE_WAY_SQR": 64,
        "DIST_TO_START_RAYCAST": 15,
        "DIST_TO_START_RAYCAST_SQR": 225,
        "FAR_DIST": 4,
        "FAR_DIST_SQR": 16,
        "REACH_DIST": 0.5,
        "REACH_DIST_COVER": 2,
        "REACH_DIST_RUN": 0.8,
        "RUN_IF_CANT_SHOOT": false,
        "RUN_IF_GAOL_FAR_THEN": 10,
        "RUN_TO_COVER_MIN": 2,
        "SEC_TO_CHANGE_TO_RUN": 3,
        "SLOW_COEF": 7,
        "START_SLOW_DIST": 1.5,
        "UPDATE_TIME_RECAL_WAY": 7,
        "Y_APPROXIMATION": 0.7
      },
      "Patrol": {
        "CHANCE_TO_CHANGE_WAY_0_100": 30,
        "CHANCE_TO_CUT_WAY_0_100": 75,
        "CHANCE_TO_SHOOT_DEADBODY": 52,
        "CHANGE_WAY_TIME": 325.1,
        "CLOSE_TO_SELECT_RESERV_WAY": 25,
        "CUT_WAY_MAX_0_1": 0.65,
        "CUT_WAY_MIN_0_1": 0.4,
        "FRIEND_SEARCH_SEC": 12,
        "LOOK_TIME_BASE": 12,
        "MAX_YDIST_TO_START_WARN_REQUEST_TO_REQUESTER": 5,
        "MIN_DIST_TO_CLOSE_TALK": 5,
        "MIN_DIST_TO_CLOSE_TALK_SQR": 25,
        "MIN_TALK_DELAY": 35,
        "PICKUP_ITEMS_TO_BACKPACK_OR_CONTAINER": true,
        "RESERVE_OUT_TIME": 60,
        "RESERVE_TIME_STAY": 72,
        "SUSPETION_PLACE_LIFETIME": 7,
        "TALK_DELAY": 1.1,
        "TALK_DELAY_BIG": 45.1,
        "VISION_DIST_COEF_PEACE": 0.75
      },
      "Scattering": {
        "AMPLITUDE_FACTOR": 0.25,
        "AMPLITUDE_SPEED": 0.1,
        "BloodFall": 1.45,
        "Caution": 0.3,
        "DIST_FROM_OLD_POINT_TO_NOT_AIM": 15,
        "DIST_FROM_OLD_POINT_TO_NOT_AIM_SQRT": 225,
        "DIST_NOT_TO_SHOOT": 0.3,
        "FromShot": 0.001,
        "HandDamageAccuracySpeed": 1.3,
        "HandDamageScatteringMinMax": 0.7,
        "LayFactor": 0.1,
        "MaxScatter": 0.2,
        "MinScatter": 0.01,
        "MovingSlowCoef": 1.5,
        "PoseChnageCoef": 0.1,
        "RecoilControlCoefShootDone": 0.0003,
        "RecoilControlCoefShootDoneAuto": 0.00015,
        "RecoilYCoef": 0.0005,
        "RecoilYCoefSppedDown": -0.52,
        "RecoilYMax": 1,
        "SpeedDown": -0.3,
        "SpeedUp": 0.3,
        "SpeedUpAim": 1.4,
        "ToCaution": 0.6,
        "ToLowBotAngularSpeed": 80,
        "ToLowBotSpeed": 2.4,
        "ToSlowBotSpeed": 1.5,
        "ToStopBotAngularSpeed": 40,
        "ToUpBotSpeed": 3.6,
        "TracerCoef": 1.3,
        "WorkingScatter": 0.02
      },
      "Shoot": {
        "AUTOMATIC_FIRE_SCATTERING_COEF": 1.1,
        "BASE_AUTOMATIC_TIME": 0.25,
        "CAN_SHOOTS_TIME_TO_AMBUSH": 993,
        "CHANCE_TO_CHANGE_TO_AUTOMATIC_FIRE_100": 99,
        "CHANCE_TO_CHANGE_WEAPON": 80,
        "CHANCE_TO_CHANGE_WEAPON_WITH_HELMET": 40,
        "DELAY_BEFORE_EXAMINE_MALFUNCTION": 0.5,
        "DELAY_BEFORE_FIX_MALFUNCTION": 0.5,
        "FAR_DIST_ENEMY": 20,
        "FAR_DIST_ENEMY_SQR": 400,
        "FAR_DIST_TO_CHANGE_WEAPON": 30,
        "FINGER_HOLD_SINGLE_SHOT": 0.14,
        "FINGER_HOLD_STATIONARY_GRENADE": 0.3,
        "HORIZONT_RECOIL_COEF": 0.04,
        "LOW_DIST_TO_CHANGE_WEAPON": 5,
        "MARKSMAN_DIST_SEK_COEF": 44,
        "MAX_DIST_COEF": 1.35,
        "MAX_RECOIL_PER_METER": 0.04,
        "NOT_TO_SEE_ENEMY_TO_WANT_RELOAD_PERCENT": 0.5,
        "NOT_TO_SEE_ENEMY_TO_WANT_RELOAD_SEC": 2,
        "RECOIL_DELTA_PRESS": 0.15,
        "RECOIL_PER_METER": 0.01,
        "RECOIL_TIME_NORMALIZE": 0.3,
        "RELOAD_PECNET_NO_ENEMY": 0.6,
        "REPAIR_MALFUNCTION_IMMEDIATE_CHANCE": 25,
        "RUN_DIST_NO_AMMO": 25,
        "RUN_DIST_NO_AMMO_SQRT": 625,
        "SHOOT_FROM_COVER": 4,
        "SUPPRESS_BY_SHOOT_TIME": 6,
        "SUPPRESS_TRIGGERS_DOWN": 3,
        "VALIDATE_MALFUNCTION_CHANCE": 100,
        "WAIT_NEXT_SINGLE_SHOT": 0.2,
        "WAIT_NEXT_SINGLE_SHOT_LONG_MAX": 3.3,
        "WAIT_NEXT_SINGLE_SHOT_LONG_MIN": 0.4,
        "WAIT_NEXT_STATIONARY_GRENADE": 1
      }
    }
  },
  "experience": {
    "aggressorBonus": 0.02,
    "level": {
      "max": 1,
      "min": 0
    },
    "reward": {
      "max": -1,
      "min": -1
    },
    "standingForKill": 0,
    "useSimpleAnimator": false
  },
  "firstName": [
    "Кирюха"
  ],
  "generation": {
    "items": {
      "backpackLoot": {
        "weights": {
          "0": 1,
          "1": 1,
          "2": 2,
          "3": 1,
          "4": 1,
          "5": 1,
          "6": 1,
          "7": 0
        },
        "whitelist": []
      },
      "currency": {
        "weights": {
          "0": 20,
          "1": 5,
          "2": 1
        },
        "whitelist": []
      },
      "drink": {
        "weights": {
          "0": 10,
          "1": 5,
          "2": 2
        },
        "whitelist": []
      },
      "drugs": {
        "weights": {
          "0": 1,
          "1": 2,
          "2": 0
        },
        "whitelist": []
      },
      "food": {
        "weights": {
          "0": 10,
          "1": 5,
          "2": 2
        },
        "whitelist": []
      },
      "grenades": {
        "weights": {
          "0": 1,
          "1": 2,
          "2": 1,
          "3": 1,
          "4": 0,
          "5": 0
        },
        "whitelist": []
      },
      "healing": {
        "weights": {
          "0": 1,
          "1": 2,
          "2": 1
        },
        "whitelist": []
      },
      "magazines": {
        "weights": {
          "0": 0,
          "1": 0,
          "2": 1,
          "3": 3,
          "4": 1
        },
        "whitelist": []
      },
      "pocketLoot": {
        "weights": {
          "0": 1,
          "1": 6,
          "2": 3,
          "3": 1,
          "4": 1
        },
        "whitelist": []
      },
      "specialItems": {
        "weights": {
          "0": 1,
          "1": 0
        },
        "whitelist": []
      },
      "stims": {
        "weights": {
          "0": 2,
          "1": 1,
          "2": 0
        },
        "whitelist": []
      },
      "vestLoot": {
        "weights": {
          "0": 1,
          "1": 1,
          "2": 2,
          "3": 1,
          "4": 0,
          "5": 0,
          "6": 0
        },
        "whitelist": []
      }
    }
  },
  "health": {
    "BodyParts": [
      {
        "Chest": {
          "max": 140,
          "min": 140
        },
        "Head": {
          "max": 50,
          "min": 50
        },
        "LeftArm": {
          "max": 80,
          "min": 80
        },
        "LeftLeg": {
          "max": 85,
          "min": 85
        },
        "RightArm": {
          "max": 80,
          "min": 80
        },
        "RightLeg": {
          "max": 85,
          "min": 85
        },
        "Stomach": {
          "max": 110,
          "min": 110
        }
      }
    ],
    "Energy": {
      "max": 100,
      "min": 100
    },
    "Hydration": {
      "max": 100,
      "min": 100
    },
    "Temperature": {
      "max": 40,
      "min": 36
    }
  },
  "inventory": {
    "Ammo": {
      "Caliber545x39": {
        "56dff4a2d2720bbd668b456a": 1
      },
      "Caliber762x51": {
        "58dd3ad986f77403051cba8f": 1
      },
      "Caliber762x54R": {
        "5e023d48186a883be655e551": 1
      },
      "Caliber9x21": {
        "5a26abfac4a28232980eabff": 1
      }
    },
    "equipment": {
      "ArmBand": {},
      "ArmorVest": {},
      "Backpack": {},
      "Earpiece": {},
      "Eyewear": {},
      "FaceCover": {
        "63626d904aa74b8fe30ab426": 1
      },
      "FirstPrimaryWeapon": {
        "5a367e5dc4a282000e49738f": 59,
        "5c46fbd72e2216398b5a8c9c": 1
      },
      "Headwear": {
        "636270263f2495c26f00b007": 1
      },
      "Holster": {
        "59f98b4986f7746f546d2cef": 1
      },
      "Pockets": {
        "60c7272c204bc17802313365": 1
      },
      "Scabbard": {},
      "SecondPrimaryWeapon": {
        "57dc2fa62459775949412633": 1
      },
      "SecuredContainer": {
        "5c0a794586f77461c458f892": 1
      },
      "TacticalVest": {
        "63611865ba5b90db0c0399d1": 1
      }
    },
    "items": {
      "Backpack": {},
      "Pockets": {
        "590c678286f77426c9660122": 59,
        "59f99a7d86f7745b134aa97b": 117,
        "60098ad7c2240c0fe85c570a": 58
      },
      "SecuredContainer": {
        "5448fee04bdc2dbc018b4567": 3,
        "5448ff904bdc2d6f028b456e": 4,
        "544fb45d4bdc2dee738b4568": 2,
        "544fb62a4bdc2dfb738b4568": 8,
        "544fb6cc4bdc2d34748b456e": 11,
        "5673de654bdc2d180f8b456d": 10,
        "5734773724597737fd047c14": 2,
        "57347d3d245977448f7b7f61": 8,
        "57347d5f245977448b40fa81": 3,
        "57347d692459774491567cf1": 6,
        "57347d7224597744596b4e72": 1,
        "57347d8724597744596b4e76": 9,
        "57347d90245977448f7b7f65": 5,
        "57347d9c245977448b40fa85": 4,
        "57347da92459774491567cf5": 3,
        "57505f6224597709a92585a9": 5,
        "575062b524597720a31c09a1": 5,
        "57513f07245977207e26a311": 5,
        "57513f9324597720a7128161": 7,
        "57513fcc24597720a31c09a6": 3,
        "5751435d24597720a27126d1": 3,
        "57514643245977207f2c2d09": 6,
        "575146b724597720a27126d5": 3,
        "5751487e245977207e26a315": 5,
        "5751496424597720a27126da": 7,
        "5755356824597772cb798962": 2,
        "5780cfa52459777dfb276eb1": 1,
        "58dd3ad986f77403051cba8f": 1,
        "590c5d4b86f774784e1b9c45": 6,
        "590c5f0d86f77413997acfab": 8,
        "590c657e86f77412b013051d": 1,
        "590c661e86f7741e566b646a": 1,
        "5913611c86f77479e0084092": 1,
        "591382d986f774465a6413a7": 1,
        "591afe0186f77431bd616a11": 1,
        "593858c486f774253a24cb52": 1,
        "5938603e86f77435642354f4": 1,
        "59e3577886f774176a362503": 3,
        "5a1452ee86f7746f33111763": 1,
        "5a145ebb86f77458f1796f05": 1,
        "5bc9b156d4351e00367fbce9": 1,
        "5bc9c29cd4351e003562b8a3": 8,
        "5c0e531286f7747fa54205c2": 1,
        "5c0e531d86f7747fa23f4d42": 1,
        "5c0fa877d174af02a012e1cf": 6,
        "5d1b376e86f774252519444e": 401,
        "5d403f9186f7743cac3f229b": 400,
        "5d40407c86f774318526545a": 584,
        "5d80c78786f774403a401e3e": 1,
        "5d947d4e86f774447b415895": 1,
        "5da5cdcd86f774529238fb9b": 1,
        "5e023d48186a883be655e551": 1,
        "5e8f3423fd7471236e6e3b64": 1,
        "60098ad7c2240c0fe85c570a": 2,
        "60098b1705871270cd5352a1": 3,
        "60b0f93284c20f0feb453da7": 5,
        "62987c658081af308d7558c6": 1,
        "62987cb98081af308d7558c8": 1,
        "62a09f32621468534a797acb": 2,
        "637b620db7afa97bfc3d7009": 1,
        "63a39df18a56922e82001f25": 1,
        "656df4fec921ad01000481a2": 14,
        "65815f0e647e3d7246384e14": 5,
        "6581998038c79576a2569e11": 1,
        "658199972dc4e60f6d556a2f": 1
      },
      "SpecialLoot": {},
      "TacticalVest": {
        "55d482194bdc2d1d4e8b456b": 115,
        "5a3501acc4a282000d72293a": 117
      }
    },
    "mods": {
      "57c69dd424597774c03b7bbc": {
        "mod_scope": [
          "57c5ac0824597754771e88a9"
        ]
      },
      "57dc2fa62459775949412633": {
        "mod_gas_block": [
          "59d36a0086f7747e673f3946"
        ],
        "mod_magazine": [
          "55d482194bdc2d1d4e8b456b"
        ],
        "mod_muzzle": [
          "57dc324a24597759501edc20"
        ],
        "mod_pistol_grip": [
          "5649ad3f4bdc2df8348b4585"
        ],
        "mod_reciever": [
          "57dc334d245977597164366f"
        ],
        "mod_stock": [
          "57dc347d245977596754e7a1"
        ]
      },
      "57dc334d245977597164366f": {
        "mod_mount_000": [
          "57ffb0062459777a045af529"
        ]
      },
      "57ffa9f4245977728561e844": {
        "mod_foregrip": [
          "558032614bdc2de7118b4585"
        ]
      },
      "57ffb0062459777a045af529": {
        "mod_scope": [
          "57ae0171245977343c27bfcf"
        ]
      },
      "59d36a0086f7747e673f3946": {
        "mod_handguard": [
          "57ffa9f4245977728561e844"
        ]
      },
      "59f98b4986f7746f546d2cef": {
        "mod_magazine": [
          "59f99a7d86f7745b134aa97b"
        ]
      },
      "5a329052c4a28200741e22d3": {
        "mod_foregrip": [
          "5c0102b20db834001d23eebc"
        ],
        "mod_tactical": [
          "544909bb4bdc2d6f028b4577"
        ]
      },
      "5a34f7f1c4a2826c6e06d75d": {
        "mod_gas_block": [
          "5a34fbadc4a28200741e230a"
        ],
        "mod_muzzle": [
          "5cf78496d7f00c065703d6ca"
        ]
      },
      "5a34fbadc4a28200741e230a": {
        "mod_sight_front": [
          "5dfa3d950dee1b22f862eae0"
        ]
      },
      "5a367e5dc4a282000e49738f": {
        "mod_barrel": [
          "5a34f7f1c4a2826c6e06d75d"
        ],
        "mod_handguard": [
          "5a329052c4a28200741e22d3"
        ],
        "mod_magazine": [
          "5a3501acc4a282000d72293a"
        ],
        "mod_pistol_grip": [
          "5bb20e0ed4351e3bac1212dc"
        ],
        "mod_scope": [
          "5c7d55f52e221644f31bff6a"
        ],
        "mod_sight_rear": [
          "5dfa3d7ac41b2312ea33362a"
        ],
        "mod_stock": [
          "5d120a10d7ad1a4e1026ba85"
        ]
      },
      "5a9d6d13a2750c00164f6b03": {
        "mod_foregrip": [
          "5c791e872e2216001219c40a"
        ]
      },
      "5c0102b20db834001d23eebc": {
        "mod_foregrip": [
          "58c157be86f77403c74b2bb6"
        ]
      },
      "5c46fbd72e2216398b5a8c9c": {
        "mod_barrel": [
          "5c471cb32e221602b177afaa"
        ],
        "mod_magazine": [
          "5c88f24b2e22160bc12c69a6"
        ],
        "mod_mount_001": [
          "5dfcd0e547101c39625f66f9"
        ],
        "mod_pistol_grip": [
          "5b30ac585acfc433000eb79c"
        ],
        "mod_reciever": [
          "5dfce88fe9dc277128008b2e"
        ],
        "mod_stock": [
          "6197b229af1f5202c57a9bea"
        ]
      },
      "5c471bfc2e221602b21d4e17": {
        "mod_muzzle": [
          "5e01e9e273d8eb11426f5bc3"
        ]
      },
      "5c471cb32e221602b177afaa": {
        "mod_gas_block": [
          "5c471c842e221615214259b5"
        ],
        "mod_muzzle": [
          "5c471bfc2e221602b21d4e17"
        ]
      },
      "5c7d55f52e221644f31bff6a": {
        "mod_scope": [
          "5c7d560b2e22160bc12c6139"
        ]
      },
      "5c7d560b2e22160bc12c6139": {
        "mod_scope": [
          "5c7d55de2e221644f31bff68"
        ]
      },
      "5cf78496d7f00c065703d6ca": {
        "mod_muzzle_000": [
          "5c878e9d2e2216000f201903"
        ],
        "mod_muzzle_001": [
          "5cf78720d7f00c06595bc93e"
        ]
      },
      "5d120a10d7ad1a4e1026ba85": {
        "mod_stock": [
          "5d120a28d7ad1a1c8962e295"
        ]
      },
      "5dfcd0e547101c39625f66f9": {
        "mod_foregrip": [
          "5a9d6d13a2750c00164f6b03"
        ],
        "mod_scope": [
          "57c69dd424597774c03b7bbc"
        ]
      },
      "5e01e9e273d8eb11426f5bc3": {
        "mod_muzzle": [
          "5e01ea19e9dc277128008c0b"
        ]
      },
      "6197b229af1f5202c57a9bea": {
        "mod_stock": [
          "5947e98b86f774778f1448bc"
        ]
      }
    }
  },
  "lastName": [
    "Якубович"
  ],
  "skills": {
    "Common": {}
  }
}
