{
  "appearance": {
    "body": {
      "5fb53cc97b5d1342ee24bd63": 1
    },
    "feet": {
      "5fb535cf1c69e5198e234126": 8545,
      "5fb535bd1c69e5198e234125": 8684
    },
    "hands": {
      "5cc2e68f14c02e28b47de290": 1
    },
    "head": {
      "5fb52a3a1c69e5198e234118": 1
    },
    "voice": {
      "SectantPriest": 1
    }
  },
  "experience": {
    "level": {
      "min": 0,
      "max": 1
    },
    "reward": {
      "normal": {
        "min": 2900,
        "max": 2900
      }
    },
    "standingForKill": {
      "normal": 0
    },
    "aggressorBonus": {
      "normal": 0
    },
    "useSimpleAnimator": false
  },
  "health": {
    "Hydration": {
      "min": 100,
      "max": 100
    },
    "Energy": {
      "min": 100,
      "max": 100
    },
    "Temperature": {
      "min": 36,
      "max": 40
    },
    "BodyParts": [
      {
        "Head": {
          "min": 50,
          "max": 50
        },
        "Chest": {
          "min": 200,
          "max": 200
        },
        "Stomach": {
          "min": 200,
          "max": 200
        },
        "LeftArm": {
          "min": 100,
          "max": 100
        },
        "RightArm": {
          "min": 100,
          "max": 100
        },
        "LeftLeg": {
          "min": 100,
          "max": 100
        },
        "RightLeg": {
          "min": 100,
          "max": 100
        }
      }
    ]
  },
  "skills": {
    "Common": {
      "Endurance": {
        "min": 5100,
        "max": 5100
      },
      "Strength": {
        "min": 5100,
        "max": 5100
      },
      "Vitality": {
        "min": 5100,
        "max": 5100
      },
      "Health": {
        "min": 5100,
        "max": 5100
      },
      "Metabolism": {
        "min": 5100,
        "max": 5100
      },
      "StressResistance": {
        "min": 5100,
        "max": 5100
      },
      "Immunity": {
        "min": 5100,
        "max": 5100
      },
      "RecoilControl": {
        "min": 5100,
        "max": 5100
      },
      "CovertMovement": {
        "min": 5100,
        "max": 5100
      },
      "MagDrills": {
        "min": 5100,
        "max": 5100
      },
      "Intellect": {
        "min": 5100,
        "max": 5100
      },
      "BotSound": {
        "min": 5100,
        "max": 5100
      }
    }
  },
  "inventory": {
    "equipment": {
      "Headwear": {
        "5c066ef40db834001966a595": 1
      },
      "Earpiece": {},
      "FaceCover": {},
      "ArmorVest": {},
      "Eyewear": {},
      "ArmBand": {},
      "TacticalVest": {},
      "Backpack": {},
      "FirstPrimaryWeapon": {
        "5839a40f24597726f856b511": 8598,
        "57f3c6bd24597738e730fa2f": 2788,
        "58948c8e86f77409493f7266": 2352,
        "606587252535c57a13424cfd": 1129,
        "5926bb2186f7744b1c6c6e60": 2361
      },
      "SecondPrimaryWeapon": {},
      "Holster": {
        "59f98b4986f7746f546d2cef": 5240,
        "602a9740da11d6478d5a06dc": 2013,
        "669fa3f88abd2662d80eee77": 1361
      },
      "Scabbard": {
        "5fc64ea372b0dd78d51159dc": 1
      },
      "Pockets": {
        "5af99e9186f7747c447120b8": 1
      },
      "SecuredContainer": {
        "5c0a794586f77461c458f892": 1
      }
    },
    "Ammo": {
      "Caliber545x39": {
        "5c0d5e4486f77478390952fe": 1
      },
      "Caliber9x21": {
        "5a26ac0ec4a28200741e1e18": 1
      },
      "Caliber9x18PM": {
        "5737218f245977612125ba51": 1
      },
      "Caliber9x19PARA": {
        "5c925fa22e221601da359b7b": 1660,
        "5efb0e16aeb21837e749c7ff": 705,
        "5efb0da7a29a85116f6ea05f": 248
      },
      "Caliber762x39": {
        "59e0d99486f7744a32234762": 1
      },
      "Caliber127x33": {
        "668fe62ac62660a5d8071446": 1
      }
    },
    "mods": {
      "5839a40f24597726f856b511": {
        "mod_pistol_grip": [
          "5649ad3f4bdc2df8348b4585"
        ],
        "mod_stock": [
          "57dc347d245977596754e7a1"
        ],
        "mod_reciever": [
          "5839a7742459773cf9693481"
        ],
        "mod_gas_block": [
          "59d36a0086f7747e673f3946"
        ],
        "mod_muzzle": [
          "57ffb0e42459777d047111c5"
        ],
        "mod_magazine": [
          "55d480c04bdc2d1d4e8b456a"
        ]
      },
      "59d36a0086f7747e673f3946": {
        "mod_handguard": [
          "57dc32dc245977596d4ef3d3"
        ]
      },
      "59f98b4986f7746f546d2cef": {
        "mod_mount": [
          "5a27bad7c4a282000b15184b"
        ],
        "mod_magazine": [
          "59f99a7d86f7745b134aa97b"
        ]
      },
      "5a27bad7c4a282000b15184b": {
        "mod_mount": [
          "5a27b3d0c4a282000d721ec1"
        ]
      },
      "5a27b3d0c4a282000d721ec1": {
        "mod_muzzle": [
          "5a27b6bec4a282000e496f78"
        ]
      },
      "57f3c6bd24597738e730fa2f": {
        "mod_pistol_grip": [
          "57d152ec245977144076ccdf"
        ],
        "mod_muzzle": [
          "57f3c7e024597738ea4ba286"
        ],
        "mod_magazine": [
          "57d1519e24597714373db79d"
        ]
      },
      "57f3c7e024597738ea4ba286": {
        "mod_muzzle": [
          "57f3c8cc2459773ec4480328"
        ]
      },
      "602a9740da11d6478d5a06dc": {
        "mod_barrel": [
          "602a95fe4e02ce1eaa358729"
        ],
        "mod_reciever": [
          "60228924961b8d75ee233c32"
        ],
        "mod_magazine": [
          "602286df23506e50807090c6"
        ]
      },
      "602a95fe4e02ce1eaa358729": {
        "mod_muzzle": [
          "602a97060ddce744014caf6f"
        ]
      },
      "58948c8e86f77409493f7266": {
        "mod_pistol_grip": [
          "5894a51286f77426d13baf02"
        ],
        "mod_reciever": [
          "5894a5b586f77426d2590767"
        ],
        "mod_stock": [
          "58ac1bf086f77420ed183f9f"
        ],
        "mod_charge": [
          "58949fac86f77409483e16aa"
        ],
        "mod_magazine": [
          "5894a05586f774094708ef75"
        ]
      },
      "5894a5b586f77426d2590767": {
        "mod_barrel": [
          "58aeaaa886f7744fc1560f81"
        ],
        "mod_handguard": [
          "5894a42086f77426d2590762"
        ],
        "mod_sight_rear": [
          "5894a81786f77427140b8347"
        ]
      },
      "58aeaaa886f7744fc1560f81": {
        "mod_muzzle": [
          "58aeac1b86f77457c419f475"
        ]
      },
      "5894a42086f77426d2590762": {
        "mod_sight_front": [
          "5894a73486f77426d259076c"
        ],
        "mod_mount_000": [
          "58a56f8d86f774651579314c"
        ],
        "mod_mount_001": [
          "58a5c12e86f7745d585a2b9e"
        ],
        "mod_mount_002": [
          "58a56f8d86f774651579314c"
        ]
      },
      "58ac1bf086f77420ed183f9f": {
        "mod_stock": [
          "57ade1442459771557167e15"
        ]
      },
      "606587252535c57a13424cfd": {
        "mod_pistol_grip": [
          "602e71bd53a60014f9705bfa"
        ],
        "mod_reciever": [
          "606587a88900dc2d9a55b659"
        ],
        "mod_stock_001": [
          "5d120a10d7ad1a4e1026ba85"
        ],
        "mod_charge": [
          "606587bd6d0bd7580617bacc"
        ],
        "mod_magazine": [
          "5a0060fc86f7745793204432"
        ]
      },
      "606587a88900dc2d9a55b659": {
        "mod_barrel": [
          "60658776f2cb2e02a42ace2b"
        ],
        "mod_handguard": [
          "6065880c132d4d12c81fd8da"
        ]
      },
      "60658776f2cb2e02a42ace2b": {
        "mod_gas_block": [
          "6065dc8a132d4d12c81fd8e3"
        ],
        "mod_muzzle": [
          "5c7954d52e221600106f4cc7"
        ]
      },
      "5c7954d52e221600106f4cc7": {
        "mod_muzzle": [
          "5c7955c22e221644f31bfd5e"
        ]
      },
      "5d120a10d7ad1a4e1026ba85": {
        "mod_stock": [
          "5d120a28d7ad1a1c8962e295"
        ]
      },
      "5926bb2186f7744b1c6c6e60": {
        "mod_charge": [
          "5926c32286f774616e42de99"
        ],
        "mod_reciever": [
          "5926c0df86f77462f647f764"
        ],
        "mod_magazine": [
          "5926c3b286f774640d189b6b",
          "5a351711c4a282000b1521a4"
        ]
      },
      "5926c0df86f77462f647f764": {
        "mod_handguard": [
          "5a9548c9159bd400133e97b3"
        ],
        "mod_stock": [
          "5926d40686f7740f152b6b7e"
        ],
        "mod_muzzle": [
          "5c0000c00db834001a6697fc"
        ],
        "mod_sight_rear": [
          "5926d2be86f774134d668e4e"
        ]
      },
      "5a9548c9159bd400133e97b3": {
        "mod_foregrip": [
          "558032614bdc2de7118b4585"
        ]
      },
      "5c0000c00db834001a6697fc": {
        "mod_muzzle": [
          "5c6165902e22160010261b28"
        ]
      },
      "669fa3f88abd2662d80eee77": {
        "mod_barrel": [
          "669fa4ba1bd4416eaa09b3c6"
        ],
        "mod_pistolgrip": [
          "66a0da76b6f47fcfeb025e96"
        ],
        "mod_reciever": [
          "669fa5019aa2a422600442f6"
        ],
        "mod_magazine": [
          "668fe5c5f35310705d02b696"
        ]
      },
      "669fa4ba1bd4416eaa09b3c6": {
        "mod_sight_front": [
          "668fe5ec4315934ba10c6f96"
        ]
      },
      "669fa5019aa2a422600442f6": {
        "mod_sight_rear": [
          "668fe5e1800f0244f9036e46"
        ]
      },
      "5c066ef40db834001966a595": {
        "mod_nvg": [
          "5c066e3a0db834001b7353f0"
        ]
      }
    },
    "items": {
      "TacticalVest": {},
      "Pockets": {
        "55d480c04bdc2d1d4e8b456a": 171970,
        "59f99a7d86f7745b134aa97b": 209626,
        "5710c24ad2720bc3458b45a3": 258406,
        "5ede7a8229445733cb4c18e2": 1201,
        "57d1519e24597714373db79d": 55760,
        "602286df23506e50807090c6": 80520,
        "5894a05586f774094708ef75": 47044,
        "62a9cb937377a65d7b070cef": 187,
        "5a0060fc86f7745793204432": 22582,
        "5a0dc45586f7742f6b0b73e3": 208,
        "5926c3b286f774640d189b6b": 30672,
        "5c1e2d1f86f77431e9280bee": 215,
        "5a0ec70e86f7742c0b518fba": 196,
        "5a351711c4a282000b1521a4": 16560,
        "591afe0186f77431bd616a11": 1679,
        "5780cf7f2459777de4559322": 6467,
        "668fe5c5f35310705d02b696": 54442,
        "5938603e86f77435642354f4": 3254,
        "5938504186f7740991483f30": 1922,
        "5d80c6c586f77440351beef1": 105,
        "5a0f045e86f7745b0f0d0e42": 224,
        "5a0ee37f86f774023657a86f": 69,
        "63a39c7964283b5e9c56b280": 1067,
        "658199972dc4e60f6d556a2f": 2183,
        "6582dbe43a2e5248357dbe9a": 1640,
        "5d80c62a86f7744036212b3f": 2482,
        "5937ee6486f77408994ba448": 1636,
        "64ccc24de61ea448b507d34d": 199,
        "5a0f0f5886f7741c4e32a472": 200,
        "635267f063651329f75a4ee8": 183,
        "5780d0532459777a5108b9a2": 326,
        "5a144dfd86f77445cb5a0982": 102,
        "61aa5ba8018e9821b7368da9": 193,
        "64ccc1fe088064307e14a6f7": 180,
        "62a09ec84f842e1bd12da3f2": 403,
        "59136a4486f774447a1ed172": 636,
        "5d80cd1a86f77402aa362f42": 91,
        "61bf7c024770ee6f9c6b8b53": 274,
        "5c0e534186f7747fa1419867": 143,
        "63a71e781031ac76fe773c7d": 371,
        "5938994586f774523a425196": 1028,
        "5a0ee62286f774369454a7ac": 189,
        "66acd6702b17692df20144c0": 2062,
        "6581998038c79576a2569e11": 1629,
        "5d80c60f86f77440373c4ece": 2848,
        "593aa4be86f77457f56379f8": 2040,
        "5a0ea79b86f7741d4a35298e": 202,
        "5a0eb6ac86f7743124037a28": 241,
        "590c651286f7741e566b6461": 676,
        "5780cf942459777df90dcb72": 2549,
        "59387a4986f77401cc236e62": 197,
        "61aa5b7db225ac1ead7957c1": 214,
        "5a0ea69f86f7741cd5406619": 207,
        "63a39667c9b3aa4b61683e98": 190,
        "5913915886f774123603c392": 323,
        "590c392f86f77444754deb29": 257,
        "5fca13ca637ee0341a484f46": 322,
        "61aa81fcb225ac1ead7957c3": 241,
        "5914578086f774123569ffa4": 675,
        "5d8e0e0e86f774321140eb56": 108,
        "590c37d286f77443be3d7827": 585,
        "5a0eeb1a86f774688b70aa5c": 196,
        "64ccc206793ca11c8f450a38": 219,
        "63a71e86b7f4570d3a293169": 174,
        "6582dc4b6ba9e979af6b79f4": 873,
        "5780cf722459777a5108b9a1": 212,
        "5780cf9e2459777df90dcb73": 200,
        "5d8e15b686f774445103b190": 186,
        "5780cfa52459777dfb276eb1": 812,
        "5ad5d20586f77449be26d877": 853,
        "5a0dc95c86f77452440fc675": 318,
        "62987e26a77ec735f90a2995": 415,
        "5ad5d49886f77455f9731921": 1645,
        "5d8e0db586f7744450412a42": 120,
        "5ad5cfbd86f7742c825d6104": 222,
        "5c0e530286f7747fa1419862": 142,
        "5d8e3ecc86f774414c78d05e": 111,
        "5d95d6fa86f77424484aa5e9": 230,
        "5c1e2a1e86f77431ea0ea84c": 213,
        "5a13ef7e86f7741290491063": 200,
        "63a39fd1c9b3aa4b61683efb": 508,
        "5a0f075686f7745bcc42ee12": 189,
        "5ed515c8d380ab312177c0fa": 134,
        "619bde7fc9546643a67df6f4": 352,
        "5d80ca9086f774403a401e40": 108,
        "5448ba0b4bdc2d02308b456c": 196,
        "63a39c69af870e651d58e6aa": 240,
        "63a39e49cd6db0635c1975fc": 152,
        "5a0f068686f7745b0d4ea242": 185,
        "63a39cb1c9b3aa4b61683ee2": 257,
        "5913611c86f77479e0084092": 1186,
        "5a0eec9686f77402ac5c39f2": 222,
        "64ccc1f4ff54fb38131acf27": 212,
        "5ad5db3786f7743568421cce": 196,
        "5d80ccac86f77470841ff452": 88,
        "62987cb98081af308d7558c8": 187,
        "591ae8f986f77406f854be45": 203,
        "62987c658081af308d7558c6": 194,
        "5a0eebed86f77461230ddb3d": 209,
        "5a0eed4386f77405112912aa": 104,
        "62987da96188c076bc0d8c51": 210,
        "5a0ee34586f774023b6ee092": 214,
        "5938144586f77473c2087145": 202,
        "59148c8a86f774197930e983": 878,
        "591382d986f774465a6413a7": 400,
        "5a0f08bc86f77478f33b84c2": 195,
        "5d80c95986f77440351beef3": 110,
        "5a0ea64786f7741707720468": 218,
        "5c1d0f4986f7744bb01837fa": 17,
        "5a145d4786f7744cbb6f4a12": 108,
        "63a39f08cd6db0635c197600": 292,
        "590c621186f774138d11ea29": 409,
        "59136f6f86f774447a1ed173": 204,
        "5a0ee30786f774023b6ee08f": 207,
        "591383f186f7744a4c5edcf3": 651,
        "5eff09cd30a7dc22fd1ddfed": 371,
        "5a0eee1486f77402aa773226": 196,
        "64ccc268c41e91416064ebc7": 207,
        "63a39df18a56922e82001f25": 392,
        "5913877a86f774432f15d444": 174,
        "64ccc1d4a0f13c24561edf27": 185,
        "5fca138c2a7b221b2852a5c6": 881,
        "63a39f6e64283b5e9c56b289": 201,
        "59136e1e86f774432f15d133": 397,
        "5a13eebd86f7746fd639aa93": 63,
        "5672c92d4bdc2d180f8b4567": 212,
        "64ccc246ff54fb38131acf29": 182,
        "5780d0652459777df90dcb74": 135,
        "5913651986f774432f15d132": 216,
        "5ed5166ad380ab312177c100": 39,
        "63a39f18c2d53c2c6839c1d3": 140,
        "5a145ebb86f77458f1796f05": 209,
        "61a6444b8c141d68246e2d2f": 198,
        "5a0eecf686f7740350630097": 106,
        "5ede7b0c6d23e5473e6e8c66": 95,
        "5a0eedb386f77403506300be": 205,
        "5a0ee76686f7743698200d5c": 192,
        "5e42c71586f7747f245e1343": 95,
        "5ad7217186f7746744498875": 225,
        "61aa5aed32a4743c3453d319": 238,
        "5a0eb38b86f774153b320eb0": 208,
        "5a0eff2986f7741fd654e684": 233,
        "5c1d0d6d86f7744bb2683e1f": 71,
        "5a0ee72c86f77436955d3435": 171,
        "5c0e531d86f7747fa23f4d42": 364,
        "63a39ce4cd6db0635c1975fa": 192,
        "5780cda02459777b272ede61": 209,
        "6582dc5740562727a654ebb1": 183,
        "5a1452ee86f7746f33111763": 50,
        "64ccc1ec1779ad6ba200a137": 190,
        "5d80c6fc86f774403a401e3c": 104,
        "5ad5d64486f774079b080af8": 215,
        "61a64428a8c6aa1b795f0ba1": 196,
        "63a71ed21031ac76fe773c7f": 168,
        "5a13ef0686f7746e5a411744": 174,
        "63a39fc0af870e651d58e6ae": 94,
        "5ad5d7d286f77450166e0a89": 95,
        "5c0e533786f7747fa23f4d47": 152,
        "64ccc2111779ad6ba200a139": 218,
        "62a0a16d0b9d3c46de5b6e97": 302,
        "5e42c83786f7742a021fdf3c": 47,
        "5c0e531286f7747fa54205c2": 163,
        "5a13f35286f77413ef1436b0": 99,
        "5d95d6be86f77424444eb3a7": 203,
        "63a39dfe3901f439517cafba": 206,
        "61a64492ba05ef10d62adcc1": 202,
        "63a71eb5b7f4570d3a29316b": 178,
        "5a13f24186f77410e57c5626": 116,
        "5a0f006986f7741ffd2fe484": 231,
        "5a0ee4b586f7743698200d22": 77,
        "5ad5ccd186f774446d5706e9": 234,
        "5a144bdb86f7741d374bbde0": 110,
        "5addaffe86f77470b455f900": 93,
        "5c10c8fd86f7743d7d706df3": 147,
        "5a0eeb8e86f77461257ed71a": 187,
        "5a13ee1986f774794d4c14cd": 231,
        "64ccc25f95763a1ae376e447": 24,
        "5ad7247386f7747487619dc3": 117,
        "5ed515ece452db0eb56fc028": 79,
        "5ad7242b86f7740a6a3abd43": 193,
        "5d80cb3886f77440556dbf09": 196,
        "61aa5b518f5e7a39b41416e2": 147,
        "5780d07a2459777de4559324": 210,
        "5ed515e03a40a50460332579": 69,
        "5d947d3886f774447b415893": 103,
        "63a39fdf1e21260da44a0256": 291,
        "5da743f586f7744014504f72": 157,
        "5a13f46386f7741dd7384b04": 225,
        "5780cf692459777de4559321": 187,
        "5d80cb5686f77440545d1286": 203,
        "5d80c78786f774403a401e3e": 125,
        "5d80c93086f7744036212b41": 99,
        "637b6179104668754b72f8f5": 76,
        "5d80cab086f77440535be201": 106,
        "63a3a93f8a56922e82001f5d": 54,
        "5a0ec6d286f7742c0b518fb5": 112,
        "59148f8286f7741b951ea113": 203,
        "5d947d4e86f774447b415895": 76,
        "637b6251104668754b72f8f9": 29,
        "66507eabf5ddb0818b085b68": 39,
        "5d80c88d86f77440556dbf07": 100,
        "5da46e3886f774653b7a83fe": 75,
        "5d80cb8786f774405611c7d9": 101,
        "5da5cdcd86f774529238fb9b": 104,
        "5d9f1fa686f774726974a992": 99,
        "62987dfc402c7f69bf010923": 60,
        "5c94bbff86f7747ee735c08f": 44,
        "5c1d0efb86f7744baf2e7b7b": 12,
        "63a71e922b25f7513905ca20": 96,
        "5ed51652f6c34d2cc26336a1": 86,
        "5d80ccdd86f77474f7575e02": 86,
        "5c1d0c5f86f7744bb2683cf0": 16,
        "637b60c3b7afa97bfc3d7001": 31,
        "5d80c66d86f774405611c7d6": 101,
        "5ed515f6915ec335206e4152": 78,
        "5d80c8f586f77440373c4ed0": 97,
        "5c1f79a086f7746ed066fb8f": 59,
        "5d80cbd886f77470855c26c2": 100,
        "637b612fb7afa97bfc3d7005": 80,
        "63a399193901f439517cafb6": 122,
        "5a145d7b86f7744cbb6f4a13": 96,
        "637b620db7afa97bfc3d7009": 67,
        "5c1e495a86f7743109743dfb": 11,
        "5ed5160a87bb8443d10680b5": 80,
        "5c1d0dc586f7744baf2e7b79": 11,
        "5e42c81886f7742a01529f57": 31,
        "64d4b23dc1b37504b41ac2b6": 8,
        "664d4b0103ef2c61246afb56": 3,
        "63a39e1d234195315d4020bd": 1
      },
      "Backpack": {},
      "SecuredContainer": {
        "5c0d5e4486f77478390952fe": 2149625,
        "5a26ac0ec4a28200741e1e18": 104813,
        "5737218f245977612125ba51": 697000,
        "5c925fa22e221601da359b7b": 423660,
        "5efb0e16aeb21837e749c7ff": 588050,
        "59e0d99486f7744a32234762": 282275,
        "5efb0da7a29a85116f6ea05f": 207000,
        "668fe62ac62660a5d8071446": 27221
      },
      "SpecialLoot": {}
    }
  },
  "firstName": [
    "Жрец"
  ],
  "lastName": [],
  "difficulty": {
    "easy": {
      "Lay": {
        "CHECK_SHOOT_WHEN_LAYING": false,
        "DELTA_LAY_CHECK": 2,
        "DELTA_GETUP": 2.7,
        "DELTA_AFTER_GETUP": 10,
        "CLEAR_POINTS_OF_SCARE_SEC": 20,
        "MAX_LAY_TIME": 35,
        "DELTA_WANT_LAY_CHECL_SEC": 5,
        "ATTACK_LAY_CHANCE": 25,
        "DIST_TO_COVER_TO_LAY": 3.5,
        "DIST_TO_COVER_TO_LAY_SQRT": 12.25,
        "DIST_GRASS_TERRAIN_SQRT": 0.160000011,
        "DIST_ENEMY_NULL_DANGER_LAY": 15,
        "DIST_ENEMY_NULL_DANGER_LAY_SQRT": 225,
        "DIST_ENEMY_GETUP_LAY": 10,
        "DIST_ENEMY_GETUP_LAY_SQRT": 100,
        "DIST_ENEMY_CAN_LAY": 15,
        "DIST_ENEMY_CAN_LAY_SQRT": 225,
        "LAY_AIM": 0.6,
        "MIN_CAN_LAY_DIST_SQRT": 121,
        "MIN_CAN_LAY_DIST": 11,
        "MAX_CAN_LAY_DIST_SQRT": 40000,
        "MAX_CAN_LAY_DIST": 200,
        "LAY_CHANCE_DANGER": 40,
        "DAMAGE_TIME_TO_GETUP": 3
      },
      "Aiming": {
        "MAX_AIM_PRECICING": 2,
        "BETTER_PRECICING_COEF": 0.9,
        "RECALC_DIST": 0.7,
        "RECALC_SQR_DIST": 0.48999998,
        "COEF_FROM_COVER": 0.45,
        "PANIC_COEF": 1.2,
        "PANIC_ACCURATY_COEF": 1.2,
        "HARD_AIM": 0.75,
        "PANIC_TIME": 2,
        "RECALC_MUST_TIME": 3,
        "DAMAGE_PANIC_TIME": 15,
        "DANGER_UP_POINT": 1.3,
        "MAX_AIMING_UPGRADE_BY_TIME": 0.25,
        "DAMAGE_TO_DISCARD_AIM_0_100": 86,
        "MIN_TIME_DISCARD_AIM_SEC": 0.3,
        "MAX_TIME_DISCARD_AIM_SEC": 0.6,
        "XZ_COEF": 0.4,
        "SHOOT_TO_CHANGE_PRIORITY": 5525,
        "BOTTOM_COEF": 0.1,
        "FIRST_CONTACT_ADD_SEC": 0.1,
        "FIRST_CONTACT_ADD_CHANCE_100": 80,
        "BASE_HIT_AFFECTION_DELAY_SEC": 0.57,
        "BASE_HIT_AFFECTION_MIN_ANG": 4,
        "BASE_HIT_AFFECTION_MAX_ANG": 10,
        "BASE_SHIEF": 0.05,
        "SCATTERING_HAVE_DAMAGE_COEF": 2,
        "SCATTERING_DIST_MODIF": 0.67,
        "SCATTERING_DIST_MODIF_CLOSE": 0.6,
        "AIMING_TYPE": 2,
        "DIST_TO_SHOOT_TO_CENTER": 3,
        "DIST_TO_SHOOT_NO_OFFSET": 3,
        "SHPERE_FRIENDY_FIRE_SIZE": -0.1,
        "COEF_IF_MOVE": 1,
        "TIME_COEF_IF_MOVE": 1.1,
        "BOT_MOVE_IF_DELTA": 3.01,
        "NEXT_SHOT_MISS_CHANCE_100": 100,
        "NEXT_SHOT_MISS_Y_OFFSET": 1,
        "ANYTIME_LIGHT_WHEN_AIM_100": 10,
        "ANY_PART_SHOOT_TIME": 5,
        "WEAPON_ROOT_OFFSET": 0.35,
        "MIN_DAMAGE_TO_GET_HIT_AFFETS": 1,
        "MAX_AIM_TIME": 1.5,
        "OFFSET_RECAL_ANYWAY_TIME": 1,
        "Y_TOP_OFFSET_COEF": 0.001,
        "Y_BOTTOM_OFFSET_COEF": 0.015,
        "BASE_SHIEF_STATIONARY_GRENADE": 1.1,
        "XZ_COEF_STATIONARY_GRENADE": 0.8
      },
      "Look": {
        "OLD_TIME_POINT": 11,
        "WAIT_NEW_SENSOR": 2.1,
        "ANGLE_FOR_GETUP": 178,
        "WAIT_NEW__LOOK_SENSOR": 7.8,
        "SELF_NIGHTVISION": true,
        "FULL_SECTOR_VIEW": true,
        "LOOK_THROUGH_GRASS": true,
        "LOOK_AROUND_DELTA": 1.1,
        "MAX_VISION_GRASS_METERS": 0.8,
        "MAX_VISION_GRASS_METERS_FLARE": 8,
        "MAX_VISION_GRASS_METERS_OPT": 0.9090909,
        "MAX_VISION_GRASS_METERS_FLARE_OPT": 0.125,
        "LightOnVisionDistance": 45,
        "FAR_DISTANCE": 160,
        "FarDeltaTimeSec": 3,
        "MIDDLE_DIST": 90,
        "MiddleDeltaTimeSec": 1,
        "CloseDeltaTimeSec": 0.1,
        "POSIBLE_VISION_SPACE": 1.2,
        "GOAL_TO_FULL_DISSAPEAR": 0.2,
        "GOAL_TO_FULL_DISSAPEAR_SHOOT": 0.03,
        "BODY_DELTA_TIME_SEARCH_SEC": 1.7,
        "COME_TO_BODY_DIST": 1.2,
        "MARKSMAN_VISIBLE_DIST_COEF": 1.15,
        "VISIBLE_DISNACE_WITH_LIGHT": 100,
        "ENEMY_LIGHT_ADD": 48,
        "ENEMY_LIGHT_START_DIST": 90,
        "CAN_LOOK_TO_WALL": false,
        "DIST_NOT_TO_IGNORE_WALL": 15,
        "DIST_CHECK_WALL": 20,
        "LOOK_LAST_POSENEMY_IF_NO_DANGER_SEC": 25,
        "MIN_LOOK_AROUD_TIME": 20,
        "OPTIMIZE_TO_ONLY_BODY": true
      },
      "Shoot": {
        "RECOIL_TIME_NORMALIZE": 1,
        "RECOIL_PER_METER": 0.02,
        "MAX_RECOIL_PER_METER": 0.04,
        "HORIZONT_RECOIL_COEF": 0.04,
        "WAIT_NEXT_SINGLE_SHOT": 0.2,
        "WAIT_NEXT_SINGLE_SHOT_LONG_MAX": 3.3,
        "WAIT_NEXT_SINGLE_SHOT_LONG_MIN": 0.4,
        "MARKSMAN_DIST_SEK_COEF": 44,
        "FINGER_HOLD_SINGLE_SHOT": 0.14,
        "BASE_AUTOMATIC_TIME": 0.2,
        "AUTOMATIC_FIRE_SCATTERING_COEF": 1.5,
        "CHANCE_TO_CHANGE_TO_AUTOMATIC_FIRE_100": 94,
        "FAR_DIST_ENEMY": 20,
        "SHOOT_FROM_COVER": 4,
        "FAR_DIST_ENEMY_SQR": 400,
        "MAX_DIST_COEF": 1.35,
        "RECOIL_DELTA_PRESS": 0.15,
        "RUN_DIST_NO_AMMO": 25,
        "RUN_DIST_NO_AMMO_SQRT": 625,
        "CAN_SHOOTS_TIME_TO_AMBUSH": 993,
        "NOT_TO_SEE_ENEMY_TO_WANT_RELOAD_PERCENT": 0.5,
        "NOT_TO_SEE_ENEMY_TO_WANT_RELOAD_SEC": 2,
        "RELOAD_PECNET_NO_ENEMY": 0.6,
        "CHANCE_TO_CHANGE_WEAPON": 0,
        "CHANCE_TO_CHANGE_WEAPON_WITH_HELMET": 40,
        "LOW_DIST_TO_CHANGE_WEAPON": 5,
        "FAR_DIST_TO_CHANGE_WEAPON": 30,
        "SUPPRESS_BY_SHOOT_TIME": 6,
        "SUPPRESS_TRIGGERS_DOWN": 3,
        "WAIT_NEXT_STATIONARY_GRENADE": 1,
        "DIST_TO_HIT_MELEE": 1,
        "DIST_TO_STOP_SPRINT_MELEE": 2,
        "TRY_HIT_PERIOD_MELEE": 0.5,
        "FINGER_HOLD_STATIONARY_GRENADE": 0.3,
        "VALIDATE_MALFUNCTION_CHANCE": 100,
        "REPAIR_MALFUNCTION_IMMEDIATE_CHANCE": 25,
        "DELAY_BEFORE_EXAMINE_MALFUNCTION": 0.5,
        "DELAY_BEFORE_FIX_MALFUNCTION": 0.5
      },
      "Move": {
        "BASE_ROTATE_SPEED": 270,
        "REACH_DIST": 0.5,
        "REACH_DIST_RUN": 0.8,
        "START_SLOW_DIST": 1.5,
        "BASESTART_SLOW_DIST": 1.1,
        "SLOW_COEF": 7,
        "DIST_TO_CAN_CHANGE_WAY": 8,
        "DIST_TO_START_RAYCAST": 15,
        "BASE_START_SERACH": 35,
        "UPDATE_TIME_RECAL_WAY": 7,
        "FAR_DIST": 4,
        "FAR_DIST_SQR": 16,
        "DIST_TO_CAN_CHANGE_WAY_SQR": 64,
        "DIST_TO_START_RAYCAST_SQR": 225,
        "BASE_SQRT_START_SERACH": 1225,
        "Y_APPROXIMATION": 0.7,
        "DELTA_LAST_SEEN_ENEMY": 20,
        "REACH_DIST_COVER": 2,
        "RUN_TO_COVER_MIN": 2,
        "CHANCE_TO_RUN_IF_NO_AMMO_0_100": 100,
        "RUN_IF_CANT_SHOOT": false,
        "RUN_IF_GAOL_FAR_THEN": 10,
        "SEC_TO_CHANGE_TO_RUN": 3,
        "WAIT_DOOR_OPEN_SEC": 1,
        "BREACH_CHANCE_100": 0,
        "ETERNITY_STAMINA": true
      },
      "Grenade": {
        "DELTA_NEXT_ATTEMPT_FROM_COVER": 5,
        "DELTA_NEXT_ATTEMPT": 10,
        "MIN_DIST_NOT_TO_THROW": 8,
        "NEAR_DELTA_THROW_TIME_SEC": 2,
        "MIN_THROW_GRENADE_DIST": 12,
        "MIN_THROW_GRENADE_DIST_SQRT": 144,
        "MIN_DIST_NOT_TO_THROW_SQR": 64,
        "RUN_AWAY": 22,
        "RUN_AWAY_SQR": 484,
        "ADD_GRENADE_AS_DANGER": 65,
        "ADD_GRENADE_AS_DANGER_SQR": 4225,
        "CHANCE_TO_NOTIFY_ENEMY_GR_100": 100,
        "GrenadePerMeter": 0.15,
        "REQUEST_DIST_MUST_THROW_SQRT": 9,
        "REQUEST_DIST_MUST_THROW": 3,
        "BEWARE_TYPE": 2,
        "SHOOT_TO_SMOKE_CHANCE_100": 50,
        "CHANCE_RUN_FLASHED_100": 100,
        "MAX_FLASHED_DIST_TO_SHOOT": 10,
        "MAX_FLASHED_DIST_TO_SHOOT_SQRT": 100,
        "FLASH_GRENADE_TIME_COEF": 0.25,
        "SIZE_SPOTTED_COEF": 2,
        "BE_ATTENTION_COEF": 4,
        "TIME_SHOOT_TO_FLASH": 4,
        "CLOSE_TO_SMOKE_TO_SHOOT": 10,
        "CLOSE_TO_SMOKE_TO_SHOOT_SQRT": 100,
        "CLOSE_TO_SMOKE_TIME_DELTA": 5,
        "SMOKE_CHECK_DELTA": 1,
        "DELTA_GRENADE_START_TIME": 0.01,
        "AMBUSH_IF_SMOKE_IN_ZONE_100": 40,
        "AMBUSH_IF_SMOKE_RETURN_TO_ATTACK_SEC": 30,
        "NO_RUN_FROM_AI_GRENADES": false,
        "MAX_THROW_POWER": 18.7,
        "GrenadePrecision": 0.1,
        "STOP_WHEN_THROW_GRENADE": true,
        "WAIT_TIME_TURN_AWAY": 0.2,
        "SMOKE_SUPPRESS_DELTA": 20,
        "DAMAGE_GRENADE_SUPPRESS_DELTA": 8,
        "STUN_SUPPRESS_DELTA": 9,
        "CHEAT_START_GRENADE_PLACE": false,
        "CAN_THROW_STRAIGHT_CONTACT": true,
        "STRAIGHT_CONTACT_DELTA_SEC": -1,
        "ANG_TYPE": 4
      },
      "Change": {
        "SMOKE_VISION_DIST": 0.6,
        "SMOKE_GAIN_SIGHT": 1.6,
        "SMOKE_SCATTERING": 1.6,
        "SMOKE_PRECICING": 1.6,
        "SMOKE_HEARING": 1,
        "SMOKE_ACCURATY": 1.6,
        "SMOKE_LAY_CHANCE": 1.6,
        "FLASH_VISION_DIST": 0.05,
        "FLASH_GAIN_SIGHT": 1.8,
        "FLASH_SCATTERING": 1.6,
        "FLASH_PRECICING": 1.6,
        "FLASH_HEARING": 1,
        "FLASH_ACCURATY": 1.6,
        "FLASH_LAY_CHANCE": 1,
        "STUN_HEARING": 0.01
      },
      "Cover": {
        "CAN_LAY_TO_COVER_DIST_LOOK_TO_ENEMY": 300,
        "RETURN_TO_ATTACK_AFTER_AMBUSH_MIN": 20,
        "CHECK_CLOSEST_FRIEND_DIST": 15,
        "RETURN_TO_ATTACK_AFTER_AMBUSH_MAX": 50,
        "SOUND_TO_GET_SPOTTED": 2,
        "TIME_TO_MOVE_TO_COVER": 15,
        "MAX_DIST_OF_COVER": 4,
        "CHANGE_RUN_TO_COVER_SEC": 12,
        "CHANGE_RUN_TO_COVER_SEC_GREANDE": 0.6,
        "SIT_DOWN_WHEN_HOLDING": true,
        "DELETE_POINTS_BEHIND_ENEMIES": false,
        "CAN_LAY_TO_COVER": true,
        "MIN_DIST_TO_ENEMY": 9,
        "DIST_CANT_CHANGE_WAY": 5,
        "DIST_CHECK_SFETY": 9,
        "TIME_CHECK_SAFE": 2,
        "HIDE_TO_COVER_TIME": 1.5,
        "MAX_DIST_OF_COVER_SQR": 16,
        "DIST_CANT_CHANGE_WAY_SQR": 25,
        "SPOTTED_COVERS_RADIUS": 3,
        "LOOK_LAST_ENEMY_POS_HOLDING": 1.5,
        "LOOK_LAST_ENEMY_POS_MOVING": 1.5,
        "LOOK_TO_HIT_POINT_IF_LAST_ENEMY": 3,
        "LOOK_LAST_ENEMY_POS_LOOKAROUND": 45,
        "OFFSET_LOOK_ALONG_WALL_ANG": 20,
        "SPOTTED_GRENADE_RADIUS": 16,
        "MAX_SPOTTED_TIME_SEC": 45,
        "WAIT_INT_COVER_FINDING_ENEMY": 2,
        "CLOSE_DIST_POINT_SQRT": 4,
        "DELTA_SEEN_FROM_COVE_LAST_POS": 15,
        "MOVE_TO_COVER_WHEN_TARGET": false,
        "RUN_COVER_IF_CAN_AND_NO_ENEMIES": false,
        "SPOTTED_GRENADE_TIME": 7,
        "DEPENDS_Y_DIST_TO_BOT": false,
        "RUN_IF_FAR": 7,
        "RUN_IF_FAR_SQRT": 225,
        "STAY_IF_FAR": 25,
        "STAY_IF_FAR_SQRT": 625,
        "CHECK_COVER_ENEMY_LOOK": true,
        "SHOOT_NEAR_TO_LEAVE": 2,
        "SHOOT_NEAR_SEC_PERIOD": 0.5,
        "HITS_TO_LEAVE_COVER": 1,
        "HITS_TO_LEAVE_COVER_UNKNOWN": 1,
        "DOG_FIGHT_AFTER_LEAVE": 4,
        "NOT_LOOK_AT_WALL_IS_DANGER": true,
        "MIN_DEFENCE_LEVEL": 22,
        "GOOD_DIST_TO_POINT_COEF": 1.8,
        "ENEMY_DIST_TO_GO_OUT": 1,
        "STATIONARY_WEAPON_NO_ENEMY_GETUP": 20,
        "STATIONARY_WEAPON_MAX_DIST_TO_USE": 25
      },
      "Patrol": {
        "CAN_GESTUS": true,
        "LOOK_TIME_BASE": 12,
        "RESERVE_TIME_STAY": 72,
        "FRIEND_SEARCH_SEC": 12,
        "TALK_DELAY": 999999.1,
        "MIN_TALK_DELAY": 999999,
        "TALK_DELAY_BIG": 999999.1,
        "CHANGE_WAY_TIME": 125.1,
        "MIN_DIST_TO_CLOSE_TALK": 5,
        "VISION_DIST_COEF_PEACE": 0.75,
        "MIN_DIST_TO_CLOSE_TALK_SQR": 25,
        "CHANCE_TO_CUT_WAY_0_100": 75,
        "CUT_WAY_MIN_0_1": 0.4,
        "CUT_WAY_MAX_0_1": 0.65,
        "CHANCE_TO_CHANGE_WAY_0_100": 50,
        "CHANCE_TO_SHOOT_DEADBODY": 52,
        "SUSPETION_PLACE_LIFETIME": 7,
        "RESERVE_OUT_TIME": 30,
        "CLOSE_TO_SELECT_RESERV_WAY": 25,
        "MAX_YDIST_TO_START_WARN_REQUEST_TO_REQUESTER": 5,
        "CAN_CHECK_MAGAZINE": false
      },
      "Hearing": {
        "BOT_CLOSE_PANIC_DIST": 1,
        "CHANCE_TO_HEAR_SIMPLE_SOUND_0_1": 0.88,
        "DISPERSION_COEF": 10,
        "CLOSE_DIST": 36,
        "FAR_DIST": 66,
        "SOUND_DIR_DEEFREE": 30,
        "DIST_PLACE_TO_FIND_POINT": 70,
        "DEAD_BODY_SOUND_RAD": 30,
        "LOOK_ONLY_DANGER": false,
        "RESET_TIMER_DIST": 17,
        "HEAR_DELAY_WHEN_PEACE": 0,
        "HEAR_DELAY_WHEN_HAVE_SMT": 0,
        "LOOK_ONLY_DANGER_DELTA": 9
      },
      "Mind": {
        "HOW_WORK_OVER_DEAD_BODY": 2,
        "MIN_SHOOTS_TIME": 2,
        "MAX_SHOOTS_TIME": 4,
        "TIME_LEAVE_MAP": 7,
        "TIME_TO_RUN_TO_COVER_CAUSE_SHOOT_SEC": 15,
        "DAMAGE_REDUCTION_TIME_SEC": 20,
        "MIN_DAMAGE_SCARE": 20,
        "CHANCE_TO_RUN_CAUSE_DAMAGE_0_100": 35,
        "TIME_TO_FORGOR_ABOUT_ENEMY_SEC": 52,
        "TIME_TO_FIND_ENEMY": 22,
        "MAX_AGGRO_BOT_DIST": 100,
        "HIT_POINT_DETECTION": 4,
        "DANGER_POINT_CHOOSE_COEF": 1,
        "SIMPLE_POINT_CHOOSE_COEF": 0.4,
        "LASTSEEN_POINT_CHOOSE_COEF": 0.2,
        "COVER_DIST_COEF": 1.5,
        "DIST_TO_FOUND_SQRT": 400,
        "MAX_AGGRO_BOT_DIST_SQR": 10000,
        "DIST_TO_STOP_RUN_ENEMY": 15,
        "ENEMY_LOOK_AT_ME_ANG": 15,
        "MIN_START_AGGRESION_COEF": 1,
        "MAX_START_AGGRESION_COEF": 3,
        "CAN_TAKE_ITEMS": false,
        "BULLET_FEEL_DIST": 360,
        "BULLET_FEEL_CLOSE_SDIST": 1,
        "ATTACK_IMMEDIATLY_CHANCE_0_100": 40,
        "CHANCE_FUCK_YOU_ON_CONTACT_100": -10,
        "FRIEND_DEAD_AGR_LOW": -0.2,
        "FRIEND_AGR_KILL": 0.2,
        "LAST_ENEMY_LOOK_TO": 40,
        "CAN_RECEIVE_PLAYER_REQUESTS_SAVAGE": false,
        "CAN_RECEIVE_PLAYER_REQUESTS_BEAR": false,
        "CAN_RECEIVE_PLAYER_REQUESTS_USEC": false,
        "CAN_USE_MEDS": true,
        "SUSPETION_POINT_CHANCE_ADD100": 0,
        "AMBUSH_WHEN_UNDER_FIRE": true,
        "AMBUSH_WHEN_UNDER_FIRE_TIME_RESIST": 60,
        "ATTACK_ENEMY_IF_PROTECT_DELTA_LAST_TIME_SEEN": 1.5,
        "HOLD_IF_PROTECT_DELTA_LAST_TIME_SEEN": 8.5,
        "FIND_COVER_TO_GET_POSITION_WITH_SHOOT": 2,
        "PROTECT_TIME_REAL": true,
        "CHANCE_SHOOT_WHEN_WARN_PLAYER_100": 25,
        "CAN_TALK": false,
        "CAN_PANIC_IS_PROTECT": false,
        "NO_RUN_AWAY_FOR_SAFE": false,
        "PART_PERCENT_TO_HEAL": 0.65,
        "PROTECT_DELTA_HEAL_SEC": 10,
        "CAN_STAND_BY": false,
        "CAN_THROW_REQUESTS": true,
        "GROUP_ANY_PHRASE_DELAY": 999999,
        "GROUP_EXACTLY_PHRASE_DELAY": 999999,
        "DIST_TO_ENEMY_YO_CAN_HEAL": 30,
        "CHANCE_TO_STAY_WHEN_WARN_PLAYER_100": 80,
        "DOG_FIGHT_OUT": 6,
        "DOG_FIGHT_IN": 3,
        "SHOOT_INSTEAD_DOG_FIGHT": 9,
        "PISTOL_SHOTGUN_AMBUSH_DIST": 60,
        "STANDART_AMBUSH_DIST": 200,
        "AI_POWER_COEF": 120,
        "COVER_SECONDS_AFTER_LOSE_VISION": 10,
        "COVER_SELF_ALWAYS_IF_DAMAGED": false,
        "SEC_TO_MORE_DIST_TO_RUN": 10,
        "HEAL_DELAY_SEC": 5,
        "HIT_DELAY_WHEN_HAVE_SMT": -1,
        "HIT_DELAY_WHEN_PEACE": -1,
        "AGGRESSOR_LOYALTY_BONUS": 0,
        "TALK_WITH_QUERY": true,
        "WILL_PERSUE_AXEMAN": true,
        "REVENGE_FOR_SAVAGE_PLAYERS": false,
        "DEFAULT_SAVAGE_BEHAVIOUR": "AlwaysEnemies",
        "REVENGE_BOT_TYPES": []
      },
      "Boss": {
        "BOSS_DIST_TO_WARNING": 100,
        "BOSS_DIST_TO_WARNING_SQRT": 1156,
        "BOSS_DIST_TO_WARNING_OUT": 100,
        "BOSS_DIST_TO_WARNING_OUT_SQRT": 1849,
        "BOSS_DIST_TO_SHOOT": 100,
        "BOSS_DIST_TO_SHOOT_SQRT": 256,
        "CHANCE_TO_SEND_GRENADE_100": 100,
        "MAX_DIST_COVER_BOSS": 25,
        "MAX_DIST_COVER_BOSS_SQRT": 625,
        "MAX_DIST_DECIDER_TO_SEND": 35,
        "MAX_DIST_DECIDER_TO_SEND_SQRT": 1225,
        "TIME_AFTER_LOSE": 15,
        "TIME_AFTER_LOSE_DELTA": 60,
        "PERSONS_SEND": 2,
        "DELTA_SEARCH_TIME": 18,
        "COVER_TO_SEND": true,
        "WAIT_NO_ATTACK_SAVAGE": 10,
        "CHANCE_USE_RESERVE_PATROL_100": 50,
        "KILLA_Y_DELTA_TO_BE_ENEMY_BOSS": 5,
        "KILLA_DITANCE_TO_BE_ENEMY_BOSS": 45,
        "KILLA_START_SEARCH_SEC": 40,
        "KILLA_CONTUTION_TIME": 5,
        "KILLA_CLOSE_ATTACK_DIST": 8,
        "KILLA_MIDDLE_ATTACK_DIST": 22,
        "KILLA_LARGE_ATTACK_DIST": 41,
        "KILLA_SEARCH_METERS": 30,
        "KILLA_DEF_DIST_SQRT": 225,
        "KILLA_SEARCH_SEC_STOP_AFTER_COMING": 25,
        "KILLA_DIST_TO_GO_TO_SUPPRESS": 6,
        "KILLA_AFTER_GRENADE_SUPPRESS_DELAY": 2,
        "KILLA_CLOSEATTACK_TIMES": 3,
        "KILLA_CLOSEATTACK_DELAY": 10,
        "KILLA_HOLD_DELAY": 5,
        "KILLA_BULLET_TO_RELOAD": 15,
        "SHALL_WARN": false,
        "KOJANIY_DIST_WHEN_READY": 40,
        "KOJANIY_DIST_TO_BE_ENEMY": 200,
        "KOJANIY_MIN_DIST_TO_LOOT": 20,
        "KOJANIY_MIN_DIST_TO_LOOT_SQRT": 400,
        "KOJANIY_DIST_ENEMY_TOO_CLOSE": 17,
        "KOJANIY_MANY_ENEMIES_COEF": 1.5,
        "KILLA_ENEMIES_TO_ATTACK": 3,
        "KILLA_ONE_IS_CLOSE": 30,
        "KILLA_TRIGGER_DOWN_DELAY": 1,
        "KILLA_WAIT_IN_COVER_COEF": 1,
        "EFFECT_PAINKILLER": true
      },
      "Core": {
        "VisibleAngle": 160,
        "VisibleDistance": 142,
        "GainSightCoef": 0.1,
        "ScatteringPerMeter": 0.045,
        "ScatteringClosePerMeter": 0.12,
        "DamageCoeff": 1,
        "HearingSense": 2.9,
        "CanRun": true,
        "CanGrenade": true,
        "AimingType": "normal",
        "PistolFireDistancePref": 35,
        "ShotgunFireDistancePref": 50,
        "RifleFireDistancePref": 100,
        "AccuratySpeed": 0.2,
        "WaitInCoverBetweenShotsSec": 0.3
      },
      "Scattering": {
        "MinScatter": 0.03,
        "WorkingScatter": 0.15,
        "MaxScatter": 0.4,
        "SpeedUp": 0.3,
        "SpeedUpAim": 1.4,
        "SpeedDown": -0.3,
        "ToSlowBotSpeed": 1.5,
        "ToLowBotSpeed": 2.4,
        "ToUpBotSpeed": 3.6,
        "MovingSlowCoef": 1.5,
        "ToLowBotAngularSpeed": 80,
        "ToStopBotAngularSpeed": 40,
        "FromShot": 0.001,
        "TracerCoef": 1.3,
        "HandDamageScatteringMinMax": 0.7,
        "HandDamageAccuracySpeed": 1.3,
        "BloodFall": 1.45,
        "Caution": 0.3,
        "ToCaution": 0.6,
        "RecoilControlCoefShootDone": 0.0003,
        "RecoilControlCoefShootDoneAuto": 0.00015,
        "AMPLITUDE_FACTOR": 0.25,
        "AMPLITUDE_SPEED": 0.1,
        "DIST_FROM_OLD_POINT_TO_NOT_AIM": 15,
        "DIST_FROM_OLD_POINT_TO_NOT_AIM_SQRT": 225,
        "DIST_NOT_TO_SHOOT": 0.3,
        "PoseChnageCoef": 0.1,
        "LayFactor": 0.1,
        "RecoilYCoef": 0.0005,
        "RecoilYCoefSppedDown": -0.52,
        "RecoilYMax": 1
      }
    },
    "normal": {
      "Lay": {
        "CHECK_SHOOT_WHEN_LAYING": false,
        "DELTA_LAY_CHECK": 2,
        "DELTA_GETUP": 2.7,
        "DELTA_AFTER_GETUP": 10,
        "CLEAR_POINTS_OF_SCARE_SEC": 20,
        "MAX_LAY_TIME": 35,
        "DELTA_WANT_LAY_CHECL_SEC": 5,
        "ATTACK_LAY_CHANCE": 25,
        "DIST_TO_COVER_TO_LAY": 3.5,
        "DIST_TO_COVER_TO_LAY_SQRT": 12.25,
        "DIST_GRASS_TERRAIN_SQRT": 0.160000011,
        "DIST_ENEMY_NULL_DANGER_LAY": 15,
        "DIST_ENEMY_NULL_DANGER_LAY_SQRT": 225,
        "DIST_ENEMY_GETUP_LAY": 10,
        "DIST_ENEMY_GETUP_LAY_SQRT": 100,
        "DIST_ENEMY_CAN_LAY": 15,
        "DIST_ENEMY_CAN_LAY_SQRT": 225,
        "LAY_AIM": 0.6,
        "MIN_CAN_LAY_DIST_SQRT": 121,
        "MIN_CAN_LAY_DIST": 11,
        "MAX_CAN_LAY_DIST_SQRT": 40000,
        "MAX_CAN_LAY_DIST": 200,
        "LAY_CHANCE_DANGER": 40,
        "DAMAGE_TIME_TO_GETUP": 3
      },
      "Aiming": {
        "MAX_AIM_PRECICING": 2,
        "BETTER_PRECICING_COEF": 0.9,
        "RECALC_DIST": 0.7,
        "RECALC_SQR_DIST": 0.48999998,
        "COEF_FROM_COVER": 0.45,
        "PANIC_COEF": 1.2,
        "PANIC_ACCURATY_COEF": 1.2,
        "HARD_AIM": 0.75,
        "PANIC_TIME": 2,
        "RECALC_MUST_TIME": 3,
        "DAMAGE_PANIC_TIME": 15,
        "DANGER_UP_POINT": 1.3,
        "MAX_AIMING_UPGRADE_BY_TIME": 0.25,
        "DAMAGE_TO_DISCARD_AIM_0_100": 86,
        "MIN_TIME_DISCARD_AIM_SEC": 0.3,
        "MAX_TIME_DISCARD_AIM_SEC": 0.6,
        "XZ_COEF": 0.4,
        "SHOOT_TO_CHANGE_PRIORITY": 5525,
        "BOTTOM_COEF": 0.1,
        "FIRST_CONTACT_ADD_SEC": 0.1,
        "FIRST_CONTACT_ADD_CHANCE_100": 80,
        "BASE_HIT_AFFECTION_DELAY_SEC": 0.57,
        "BASE_HIT_AFFECTION_MIN_ANG": 4,
        "BASE_HIT_AFFECTION_MAX_ANG": 10,
        "BASE_SHIEF": 0.05,
        "SCATTERING_HAVE_DAMAGE_COEF": 2,
        "SCATTERING_DIST_MODIF": 0.67,
        "SCATTERING_DIST_MODIF_CLOSE": 0.6,
        "AIMING_TYPE": 2,
        "DIST_TO_SHOOT_TO_CENTER": 3,
        "DIST_TO_SHOOT_NO_OFFSET": 3,
        "SHPERE_FRIENDY_FIRE_SIZE": -0.1,
        "COEF_IF_MOVE": 1,
        "TIME_COEF_IF_MOVE": 1.1,
        "BOT_MOVE_IF_DELTA": 3.01,
        "NEXT_SHOT_MISS_CHANCE_100": 100,
        "NEXT_SHOT_MISS_Y_OFFSET": 1,
        "ANYTIME_LIGHT_WHEN_AIM_100": 10,
        "ANY_PART_SHOOT_TIME": 5,
        "WEAPON_ROOT_OFFSET": 0.35,
        "MIN_DAMAGE_TO_GET_HIT_AFFETS": 1,
        "MAX_AIM_TIME": 1.5,
        "OFFSET_RECAL_ANYWAY_TIME": 1,
        "Y_TOP_OFFSET_COEF": 0.001,
        "Y_BOTTOM_OFFSET_COEF": 0.015,
        "BASE_SHIEF_STATIONARY_GRENADE": 1.1,
        "XZ_COEF_STATIONARY_GRENADE": 0.8
      },
      "Look": {
        "OLD_TIME_POINT": 11,
        "WAIT_NEW_SENSOR": 2.1,
        "ANGLE_FOR_GETUP": 178,
        "WAIT_NEW__LOOK_SENSOR": 7.8,
        "SELF_NIGHTVISION": true,
        "FULL_SECTOR_VIEW": true,
        "LOOK_THROUGH_GRASS": true,
        "LOOK_AROUND_DELTA": 1.1,
        "MAX_VISION_GRASS_METERS": 0.8,
        "MAX_VISION_GRASS_METERS_FLARE": 8,
        "MAX_VISION_GRASS_METERS_OPT": 0.9090909,
        "MAX_VISION_GRASS_METERS_FLARE_OPT": 0.125,
        "LightOnVisionDistance": 45,
        "FAR_DISTANCE": 160,
        "FarDeltaTimeSec": 3,
        "MIDDLE_DIST": 90,
        "MiddleDeltaTimeSec": 1,
        "CloseDeltaTimeSec": 0.1,
        "POSIBLE_VISION_SPACE": 1.2,
        "GOAL_TO_FULL_DISSAPEAR": 0.2,
        "GOAL_TO_FULL_DISSAPEAR_SHOOT": 0.03,
        "BODY_DELTA_TIME_SEARCH_SEC": 1.7,
        "COME_TO_BODY_DIST": 1.2,
        "MARKSMAN_VISIBLE_DIST_COEF": 1.15,
        "VISIBLE_DISNACE_WITH_LIGHT": 100,
        "ENEMY_LIGHT_ADD": 48,
        "ENEMY_LIGHT_START_DIST": 90,
        "CAN_LOOK_TO_WALL": false,
        "DIST_NOT_TO_IGNORE_WALL": 15,
        "DIST_CHECK_WALL": 20,
        "LOOK_LAST_POSENEMY_IF_NO_DANGER_SEC": 25,
        "MIN_LOOK_AROUD_TIME": 20,
        "OPTIMIZE_TO_ONLY_BODY": true
      },
      "Shoot": {
        "RECOIL_TIME_NORMALIZE": 1,
        "RECOIL_PER_METER": 0.02,
        "MAX_RECOIL_PER_METER": 0.04,
        "HORIZONT_RECOIL_COEF": 0.04,
        "WAIT_NEXT_SINGLE_SHOT": 0.2,
        "WAIT_NEXT_SINGLE_SHOT_LONG_MAX": 3.3,
        "WAIT_NEXT_SINGLE_SHOT_LONG_MIN": 0.4,
        "MARKSMAN_DIST_SEK_COEF": 44,
        "FINGER_HOLD_SINGLE_SHOT": 0.14,
        "BASE_AUTOMATIC_TIME": 0.2,
        "AUTOMATIC_FIRE_SCATTERING_COEF": 1.5,
        "CHANCE_TO_CHANGE_TO_AUTOMATIC_FIRE_100": 94,
        "FAR_DIST_ENEMY": 20,
        "SHOOT_FROM_COVER": 4,
        "FAR_DIST_ENEMY_SQR": 400,
        "MAX_DIST_COEF": 1.35,
        "RECOIL_DELTA_PRESS": 0.15,
        "RUN_DIST_NO_AMMO": 25,
        "RUN_DIST_NO_AMMO_SQRT": 625,
        "CAN_SHOOTS_TIME_TO_AMBUSH": 993,
        "NOT_TO_SEE_ENEMY_TO_WANT_RELOAD_PERCENT": 0.5,
        "NOT_TO_SEE_ENEMY_TO_WANT_RELOAD_SEC": 2,
        "RELOAD_PECNET_NO_ENEMY": 0.6,
        "CHANCE_TO_CHANGE_WEAPON": 0,
        "CHANCE_TO_CHANGE_WEAPON_WITH_HELMET": 40,
        "LOW_DIST_TO_CHANGE_WEAPON": 5,
        "FAR_DIST_TO_CHANGE_WEAPON": 30,
        "SUPPRESS_BY_SHOOT_TIME": 6,
        "SUPPRESS_TRIGGERS_DOWN": 3,
        "WAIT_NEXT_STATIONARY_GRENADE": 1,
        "DIST_TO_HIT_MELEE": 1,
        "DIST_TO_STOP_SPRINT_MELEE": 2,
        "TRY_HIT_PERIOD_MELEE": 0.5,
        "FINGER_HOLD_STATIONARY_GRENADE": 0.3,
        "VALIDATE_MALFUNCTION_CHANCE": 100,
        "REPAIR_MALFUNCTION_IMMEDIATE_CHANCE": 25,
        "DELAY_BEFORE_EXAMINE_MALFUNCTION": 0.5,
        "DELAY_BEFORE_FIX_MALFUNCTION": 0.5
      },
      "Move": {
        "BASE_ROTATE_SPEED": 270,
        "REACH_DIST": 0.5,
        "REACH_DIST_RUN": 0.8,
        "START_SLOW_DIST": 1.5,
        "BASESTART_SLOW_DIST": 1.1,
        "SLOW_COEF": 7,
        "DIST_TO_CAN_CHANGE_WAY": 8,
        "DIST_TO_START_RAYCAST": 15,
        "BASE_START_SERACH": 35,
        "UPDATE_TIME_RECAL_WAY": 7,
        "FAR_DIST": 4,
        "FAR_DIST_SQR": 16,
        "DIST_TO_CAN_CHANGE_WAY_SQR": 64,
        "DIST_TO_START_RAYCAST_SQR": 225,
        "BASE_SQRT_START_SERACH": 1225,
        "Y_APPROXIMATION": 0.7,
        "DELTA_LAST_SEEN_ENEMY": 20,
        "REACH_DIST_COVER": 2,
        "RUN_TO_COVER_MIN": 2,
        "CHANCE_TO_RUN_IF_NO_AMMO_0_100": 100,
        "RUN_IF_CANT_SHOOT": false,
        "RUN_IF_GAOL_FAR_THEN": 10,
        "SEC_TO_CHANGE_TO_RUN": 3,
        "WAIT_DOOR_OPEN_SEC": 1,
        "BREACH_CHANCE_100": 0,
        "ETERNITY_STAMINA": true
      },
      "Grenade": {
        "DELTA_NEXT_ATTEMPT_FROM_COVER": 5,
        "DELTA_NEXT_ATTEMPT": 10,
        "MIN_DIST_NOT_TO_THROW": 8,
        "NEAR_DELTA_THROW_TIME_SEC": 2,
        "MIN_THROW_GRENADE_DIST": 12,
        "MIN_THROW_GRENADE_DIST_SQRT": 144,
        "MIN_DIST_NOT_TO_THROW_SQR": 64,
        "RUN_AWAY": 22,
        "RUN_AWAY_SQR": 484,
        "ADD_GRENADE_AS_DANGER": 65,
        "ADD_GRENADE_AS_DANGER_SQR": 4225,
        "CHANCE_TO_NOTIFY_ENEMY_GR_100": 100,
        "GrenadePerMeter": 0.15,
        "REQUEST_DIST_MUST_THROW_SQRT": 9,
        "REQUEST_DIST_MUST_THROW": 3,
        "BEWARE_TYPE": 2,
        "SHOOT_TO_SMOKE_CHANCE_100": 50,
        "CHANCE_RUN_FLASHED_100": 100,
        "MAX_FLASHED_DIST_TO_SHOOT": 10,
        "MAX_FLASHED_DIST_TO_SHOOT_SQRT": 100,
        "FLASH_GRENADE_TIME_COEF": 0.25,
        "SIZE_SPOTTED_COEF": 2,
        "BE_ATTENTION_COEF": 4,
        "TIME_SHOOT_TO_FLASH": 4,
        "CLOSE_TO_SMOKE_TO_SHOOT": 10,
        "CLOSE_TO_SMOKE_TO_SHOOT_SQRT": 100,
        "CLOSE_TO_SMOKE_TIME_DELTA": 5,
        "SMOKE_CHECK_DELTA": 1,
        "DELTA_GRENADE_START_TIME": 0.01,
        "AMBUSH_IF_SMOKE_IN_ZONE_100": 40,
        "AMBUSH_IF_SMOKE_RETURN_TO_ATTACK_SEC": 30,
        "NO_RUN_FROM_AI_GRENADES": false,
        "MAX_THROW_POWER": 18.7,
        "GrenadePrecision": 0.1,
        "STOP_WHEN_THROW_GRENADE": true,
        "WAIT_TIME_TURN_AWAY": 0.2,
        "SMOKE_SUPPRESS_DELTA": 20,
        "DAMAGE_GRENADE_SUPPRESS_DELTA": 8,
        "STUN_SUPPRESS_DELTA": 9,
        "CHEAT_START_GRENADE_PLACE": false,
        "CAN_THROW_STRAIGHT_CONTACT": true,
        "STRAIGHT_CONTACT_DELTA_SEC": -1,
        "ANG_TYPE": 4
      },
      "Change": {
        "SMOKE_VISION_DIST": 0.6,
        "SMOKE_GAIN_SIGHT": 1.6,
        "SMOKE_SCATTERING": 1.6,
        "SMOKE_PRECICING": 1.6,
        "SMOKE_HEARING": 1,
        "SMOKE_ACCURATY": 1.6,
        "SMOKE_LAY_CHANCE": 1.6,
        "FLASH_VISION_DIST": 0.05,
        "FLASH_GAIN_SIGHT": 1.8,
        "FLASH_SCATTERING": 1.6,
        "FLASH_PRECICING": 1.6,
        "FLASH_HEARING": 1,
        "FLASH_ACCURATY": 1.6,
        "FLASH_LAY_CHANCE": 1,
        "STUN_HEARING": 0.01
      },
      "Cover": {
        "CAN_LAY_TO_COVER_DIST_LOOK_TO_ENEMY": 300,
        "RETURN_TO_ATTACK_AFTER_AMBUSH_MIN": 20,
        "CHECK_CLOSEST_FRIEND_DIST": 15,
        "RETURN_TO_ATTACK_AFTER_AMBUSH_MAX": 50,
        "SOUND_TO_GET_SPOTTED": 2,
        "TIME_TO_MOVE_TO_COVER": 15,
        "MAX_DIST_OF_COVER": 4,
        "CHANGE_RUN_TO_COVER_SEC": 12,
        "CHANGE_RUN_TO_COVER_SEC_GREANDE": 0.6,
        "SIT_DOWN_WHEN_HOLDING": true,
        "DELETE_POINTS_BEHIND_ENEMIES": false,
        "CAN_LAY_TO_COVER": true,
        "MIN_DIST_TO_ENEMY": 9,
        "DIST_CANT_CHANGE_WAY": 5,
        "DIST_CHECK_SFETY": 9,
        "TIME_CHECK_SAFE": 2,
        "HIDE_TO_COVER_TIME": 1.5,
        "MAX_DIST_OF_COVER_SQR": 16,
        "DIST_CANT_CHANGE_WAY_SQR": 25,
        "SPOTTED_COVERS_RADIUS": 3,
        "LOOK_LAST_ENEMY_POS_HOLDING": 1.5,
        "LOOK_LAST_ENEMY_POS_MOVING": 1.5,
        "LOOK_TO_HIT_POINT_IF_LAST_ENEMY": 3,
        "LOOK_LAST_ENEMY_POS_LOOKAROUND": 45,
        "OFFSET_LOOK_ALONG_WALL_ANG": 20,
        "SPOTTED_GRENADE_RADIUS": 16,
        "MAX_SPOTTED_TIME_SEC": 45,
        "WAIT_INT_COVER_FINDING_ENEMY": 2,
        "CLOSE_DIST_POINT_SQRT": 4,
        "DELTA_SEEN_FROM_COVE_LAST_POS": 15,
        "MOVE_TO_COVER_WHEN_TARGET": false,
        "RUN_COVER_IF_CAN_AND_NO_ENEMIES": false,
        "SPOTTED_GRENADE_TIME": 7,
        "DEPENDS_Y_DIST_TO_BOT": false,
        "RUN_IF_FAR": 7,
        "RUN_IF_FAR_SQRT": 225,
        "STAY_IF_FAR": 25,
        "STAY_IF_FAR_SQRT": 625,
        "CHECK_COVER_ENEMY_LOOK": true,
        "SHOOT_NEAR_TO_LEAVE": 2,
        "SHOOT_NEAR_SEC_PERIOD": 0.5,
        "HITS_TO_LEAVE_COVER": 1,
        "HITS_TO_LEAVE_COVER_UNKNOWN": 1,
        "DOG_FIGHT_AFTER_LEAVE": 4,
        "NOT_LOOK_AT_WALL_IS_DANGER": true,
        "MIN_DEFENCE_LEVEL": 22,
        "GOOD_DIST_TO_POINT_COEF": 1.8,
        "ENEMY_DIST_TO_GO_OUT": 1,
        "STATIONARY_WEAPON_NO_ENEMY_GETUP": 20,
        "STATIONARY_WEAPON_MAX_DIST_TO_USE": 25
      },
      "Patrol": {
        "CAN_GESTUS": true,
        "LOOK_TIME_BASE": 12,
        "RESERVE_TIME_STAY": 72,
        "FRIEND_SEARCH_SEC": 12,
        "TALK_DELAY": 999999.1,
        "MIN_TALK_DELAY": 999999,
        "TALK_DELAY_BIG": 999999.1,
        "CHANGE_WAY_TIME": 125.1,
        "MIN_DIST_TO_CLOSE_TALK": 5,
        "VISION_DIST_COEF_PEACE": 0.75,
        "MIN_DIST_TO_CLOSE_TALK_SQR": 25,
        "CHANCE_TO_CUT_WAY_0_100": 75,
        "CUT_WAY_MIN_0_1": 0.4,
        "CUT_WAY_MAX_0_1": 0.65,
        "CHANCE_TO_CHANGE_WAY_0_100": 50,
        "CHANCE_TO_SHOOT_DEADBODY": 52,
        "SUSPETION_PLACE_LIFETIME": 7,
        "RESERVE_OUT_TIME": 30,
        "CLOSE_TO_SELECT_RESERV_WAY": 25,
        "MAX_YDIST_TO_START_WARN_REQUEST_TO_REQUESTER": 5,
        "CAN_CHECK_MAGAZINE": false
      },
      "Hearing": {
        "BOT_CLOSE_PANIC_DIST": 1,
        "CHANCE_TO_HEAR_SIMPLE_SOUND_0_1": 0.88,
        "DISPERSION_COEF": 10,
        "CLOSE_DIST": 36,
        "FAR_DIST": 66,
        "SOUND_DIR_DEEFREE": 30,
        "DIST_PLACE_TO_FIND_POINT": 70,
        "DEAD_BODY_SOUND_RAD": 30,
        "LOOK_ONLY_DANGER": false,
        "RESET_TIMER_DIST": 17,
        "HEAR_DELAY_WHEN_PEACE": 0,
        "HEAR_DELAY_WHEN_HAVE_SMT": 0,
        "LOOK_ONLY_DANGER_DELTA": 9
      },
      "Mind": {
        "HOW_WORK_OVER_DEAD_BODY": 2,
        "MIN_SHOOTS_TIME": 2,
        "MAX_SHOOTS_TIME": 4,
        "TIME_LEAVE_MAP": 7,
        "TIME_TO_RUN_TO_COVER_CAUSE_SHOOT_SEC": 15,
        "DAMAGE_REDUCTION_TIME_SEC": 20,
        "MIN_DAMAGE_SCARE": 20,
        "CHANCE_TO_RUN_CAUSE_DAMAGE_0_100": 35,
        "TIME_TO_FORGOR_ABOUT_ENEMY_SEC": 52,
        "TIME_TO_FIND_ENEMY": 22,
        "MAX_AGGRO_BOT_DIST": 100,
        "HIT_POINT_DETECTION": 4,
        "DANGER_POINT_CHOOSE_COEF": 1,
        "SIMPLE_POINT_CHOOSE_COEF": 0.4,
        "LASTSEEN_POINT_CHOOSE_COEF": 0.2,
        "COVER_DIST_COEF": 1.5,
        "DIST_TO_FOUND_SQRT": 400,
        "MAX_AGGRO_BOT_DIST_SQR": 10000,
        "DIST_TO_STOP_RUN_ENEMY": 15,
        "ENEMY_LOOK_AT_ME_ANG": 15,
        "MIN_START_AGGRESION_COEF": 1,
        "MAX_START_AGGRESION_COEF": 3,
        "CAN_TAKE_ITEMS": false,
        "BULLET_FEEL_DIST": 360,
        "BULLET_FEEL_CLOSE_SDIST": 1,
        "ATTACK_IMMEDIATLY_CHANCE_0_100": 40,
        "CHANCE_FUCK_YOU_ON_CONTACT_100": -10,
        "FRIEND_DEAD_AGR_LOW": -0.2,
        "FRIEND_AGR_KILL": 0.2,
        "LAST_ENEMY_LOOK_TO": 40,
        "CAN_RECEIVE_PLAYER_REQUESTS_SAVAGE": false,
        "CAN_RECEIVE_PLAYER_REQUESTS_BEAR": false,
        "CAN_RECEIVE_PLAYER_REQUESTS_USEC": false,
        "CAN_USE_MEDS": true,
        "SUSPETION_POINT_CHANCE_ADD100": 0,
        "AMBUSH_WHEN_UNDER_FIRE": true,
        "AMBUSH_WHEN_UNDER_FIRE_TIME_RESIST": 60,
        "ATTACK_ENEMY_IF_PROTECT_DELTA_LAST_TIME_SEEN": 1.5,
        "HOLD_IF_PROTECT_DELTA_LAST_TIME_SEEN": 8.5,
        "FIND_COVER_TO_GET_POSITION_WITH_SHOOT": 2,
        "PROTECT_TIME_REAL": true,
        "CHANCE_SHOOT_WHEN_WARN_PLAYER_100": 25,
        "CAN_TALK": false,
        "CAN_PANIC_IS_PROTECT": false,
        "NO_RUN_AWAY_FOR_SAFE": false,
        "PART_PERCENT_TO_HEAL": 0.65,
        "PROTECT_DELTA_HEAL_SEC": 10,
        "CAN_STAND_BY": false,
        "CAN_THROW_REQUESTS": true,
        "GROUP_ANY_PHRASE_DELAY": 999999,
        "GROUP_EXACTLY_PHRASE_DELAY": 999999,
        "DIST_TO_ENEMY_YO_CAN_HEAL": 30,
        "CHANCE_TO_STAY_WHEN_WARN_PLAYER_100": 80,
        "DOG_FIGHT_OUT": 6,
        "DOG_FIGHT_IN": 3,
        "SHOOT_INSTEAD_DOG_FIGHT": 9,
        "PISTOL_SHOTGUN_AMBUSH_DIST": 60,
        "STANDART_AMBUSH_DIST": 200,
        "AI_POWER_COEF": 120,
        "COVER_SECONDS_AFTER_LOSE_VISION": 10,
        "COVER_SELF_ALWAYS_IF_DAMAGED": false,
        "SEC_TO_MORE_DIST_TO_RUN": 10,
        "HEAL_DELAY_SEC": 5,
        "HIT_DELAY_WHEN_HAVE_SMT": -1,
        "HIT_DELAY_WHEN_PEACE": -1,
        "AGGRESSOR_LOYALTY_BONUS": 0,
        "TALK_WITH_QUERY": true,
        "WILL_PERSUE_AXEMAN": true,
        "REVENGE_FOR_SAVAGE_PLAYERS": false,
        "DEFAULT_SAVAGE_BEHAVIOUR": "AlwaysEnemies",
        "REVENGE_BOT_TYPES": []
      },
      "Boss": {
        "BOSS_DIST_TO_WARNING": 100,
        "BOSS_DIST_TO_WARNING_SQRT": 1156,
        "BOSS_DIST_TO_WARNING_OUT": 100,
        "BOSS_DIST_TO_WARNING_OUT_SQRT": 1849,
        "BOSS_DIST_TO_SHOOT": 100,
        "BOSS_DIST_TO_SHOOT_SQRT": 256,
        "CHANCE_TO_SEND_GRENADE_100": 100,
        "MAX_DIST_COVER_BOSS": 25,
        "MAX_DIST_COVER_BOSS_SQRT": 625,
        "MAX_DIST_DECIDER_TO_SEND": 35,
        "MAX_DIST_DECIDER_TO_SEND_SQRT": 1225,
        "TIME_AFTER_LOSE": 15,
        "TIME_AFTER_LOSE_DELTA": 60,
        "PERSONS_SEND": 2,
        "DELTA_SEARCH_TIME": 18,
        "COVER_TO_SEND": true,
        "WAIT_NO_ATTACK_SAVAGE": 10,
        "CHANCE_USE_RESERVE_PATROL_100": 50,
        "KILLA_Y_DELTA_TO_BE_ENEMY_BOSS": 5,
        "KILLA_DITANCE_TO_BE_ENEMY_BOSS": 45,
        "KILLA_START_SEARCH_SEC": 40,
        "KILLA_CONTUTION_TIME": 5,
        "KILLA_CLOSE_ATTACK_DIST": 8,
        "KILLA_MIDDLE_ATTACK_DIST": 22,
        "KILLA_LARGE_ATTACK_DIST": 41,
        "KILLA_SEARCH_METERS": 30,
        "KILLA_DEF_DIST_SQRT": 225,
        "KILLA_SEARCH_SEC_STOP_AFTER_COMING": 25,
        "KILLA_DIST_TO_GO_TO_SUPPRESS": 6,
        "KILLA_AFTER_GRENADE_SUPPRESS_DELAY": 2,
        "KILLA_CLOSEATTACK_TIMES": 3,
        "KILLA_CLOSEATTACK_DELAY": 10,
        "KILLA_HOLD_DELAY": 5,
        "KILLA_BULLET_TO_RELOAD": 15,
        "SHALL_WARN": false,
        "KOJANIY_DIST_WHEN_READY": 40,
        "KOJANIY_DIST_TO_BE_ENEMY": 200,
        "KOJANIY_MIN_DIST_TO_LOOT": 20,
        "KOJANIY_MIN_DIST_TO_LOOT_SQRT": 400,
        "KOJANIY_DIST_ENEMY_TOO_CLOSE": 17,
        "KOJANIY_MANY_ENEMIES_COEF": 1.5,
        "KILLA_ENEMIES_TO_ATTACK": 3,
        "KILLA_ONE_IS_CLOSE": 30,
        "KILLA_TRIGGER_DOWN_DELAY": 1,
        "KILLA_WAIT_IN_COVER_COEF": 1,
        "EFFECT_PAINKILLER": true
      },
      "Core": {
        "VisibleAngle": 160,
        "VisibleDistance": 142,
        "GainSightCoef": 0.1,
        "ScatteringPerMeter": 0.045,
        "ScatteringClosePerMeter": 0.12,
        "DamageCoeff": 1,
        "HearingSense": 2.9,
        "CanRun": true,
        "CanGrenade": true,
        "AimingType": "normal",
        "PistolFireDistancePref": 35,
        "ShotgunFireDistancePref": 50,
        "RifleFireDistancePref": 100,
        "AccuratySpeed": 0.2,
        "WaitInCoverBetweenShotsSec": 0.3
      },
      "Scattering": {
        "MinScatter": 0.03,
        "WorkingScatter": 0.15,
        "MaxScatter": 0.4,
        "SpeedUp": 0.3,
        "SpeedUpAim": 1.4,
        "SpeedDown": -0.3,
        "ToSlowBotSpeed": 1.5,
        "ToLowBotSpeed": 2.4,
        "ToUpBotSpeed": 3.6,
        "MovingSlowCoef": 1.5,
        "ToLowBotAngularSpeed": 80,
        "ToStopBotAngularSpeed": 40,
        "FromShot": 0.001,
        "TracerCoef": 1.3,
        "HandDamageScatteringMinMax": 0.7,
        "HandDamageAccuracySpeed": 1.3,
        "BloodFall": 1.45,
        "Caution": 0.3,
        "ToCaution": 0.6,
        "RecoilControlCoefShootDone": 0.0003,
        "RecoilControlCoefShootDoneAuto": 0.00015,
        "AMPLITUDE_FACTOR": 0.25,
        "AMPLITUDE_SPEED": 0.1,
        "DIST_FROM_OLD_POINT_TO_NOT_AIM": 15,
        "DIST_FROM_OLD_POINT_TO_NOT_AIM_SQRT": 225,
        "DIST_NOT_TO_SHOOT": 0.3,
        "PoseChnageCoef": 0.1,
        "LayFactor": 0.1,
        "RecoilYCoef": 0.0005,
        "RecoilYCoefSppedDown": -0.52,
        "RecoilYMax": 1
      }
    },
    "hard": {
      "Lay": {
        "CHECK_SHOOT_WHEN_LAYING": false,
        "DELTA_LAY_CHECK": 2,
        "DELTA_GETUP": 2.7,
        "DELTA_AFTER_GETUP": 10,
        "CLEAR_POINTS_OF_SCARE_SEC": 20,
        "MAX_LAY_TIME": 35,
        "DELTA_WANT_LAY_CHECL_SEC": 5,
        "ATTACK_LAY_CHANCE": 25,
        "DIST_TO_COVER_TO_LAY": 3.5,
        "DIST_TO_COVER_TO_LAY_SQRT": 12.25,
        "DIST_GRASS_TERRAIN_SQRT": 0.160000011,
        "DIST_ENEMY_NULL_DANGER_LAY": 15,
        "DIST_ENEMY_NULL_DANGER_LAY_SQRT": 225,
        "DIST_ENEMY_GETUP_LAY": 10,
        "DIST_ENEMY_GETUP_LAY_SQRT": 100,
        "DIST_ENEMY_CAN_LAY": 15,
        "DIST_ENEMY_CAN_LAY_SQRT": 225,
        "LAY_AIM": 0.6,
        "MIN_CAN_LAY_DIST_SQRT": 121,
        "MIN_CAN_LAY_DIST": 11,
        "MAX_CAN_LAY_DIST_SQRT": 40000,
        "MAX_CAN_LAY_DIST": 200,
        "LAY_CHANCE_DANGER": 40,
        "DAMAGE_TIME_TO_GETUP": 3
      },
      "Aiming": {
        "MAX_AIM_PRECICING": 2,
        "BETTER_PRECICING_COEF": 0.9,
        "RECALC_DIST": 0.7,
        "RECALC_SQR_DIST": 0.48999998,
        "COEF_FROM_COVER": 0.45,
        "PANIC_COEF": 1.2,
        "PANIC_ACCURATY_COEF": 1.2,
        "HARD_AIM": 0.75,
        "PANIC_TIME": 2,
        "RECALC_MUST_TIME": 3,
        "DAMAGE_PANIC_TIME": 15,
        "DANGER_UP_POINT": 1.3,
        "MAX_AIMING_UPGRADE_BY_TIME": 0.25,
        "DAMAGE_TO_DISCARD_AIM_0_100": 86,
        "MIN_TIME_DISCARD_AIM_SEC": 0.3,
        "MAX_TIME_DISCARD_AIM_SEC": 0.6,
        "XZ_COEF": 0.4,
        "SHOOT_TO_CHANGE_PRIORITY": 5525,
        "BOTTOM_COEF": 0.1,
        "FIRST_CONTACT_ADD_SEC": 0.1,
        "FIRST_CONTACT_ADD_CHANCE_100": 80,
        "BASE_HIT_AFFECTION_DELAY_SEC": 0.57,
        "BASE_HIT_AFFECTION_MIN_ANG": 4,
        "BASE_HIT_AFFECTION_MAX_ANG": 10,
        "BASE_SHIEF": 0.05,
        "SCATTERING_HAVE_DAMAGE_COEF": 2,
        "SCATTERING_DIST_MODIF": 0.67,
        "SCATTERING_DIST_MODIF_CLOSE": 0.6,
        "AIMING_TYPE": 2,
        "DIST_TO_SHOOT_TO_CENTER": 3,
        "DIST_TO_SHOOT_NO_OFFSET": 3,
        "SHPERE_FRIENDY_FIRE_SIZE": -0.1,
        "COEF_IF_MOVE": 1,
        "TIME_COEF_IF_MOVE": 1.1,
        "BOT_MOVE_IF_DELTA": 3.01,
        "NEXT_SHOT_MISS_CHANCE_100": 100,
        "NEXT_SHOT_MISS_Y_OFFSET": 1,
        "ANYTIME_LIGHT_WHEN_AIM_100": 10,
        "ANY_PART_SHOOT_TIME": 5,
        "WEAPON_ROOT_OFFSET": 0.35,
        "MIN_DAMAGE_TO_GET_HIT_AFFETS": 1,
        "MAX_AIM_TIME": 1.5,
        "OFFSET_RECAL_ANYWAY_TIME": 1,
        "Y_TOP_OFFSET_COEF": 0.001,
        "Y_BOTTOM_OFFSET_COEF": 0.015,
        "BASE_SHIEF_STATIONARY_GRENADE": 1.1,
        "XZ_COEF_STATIONARY_GRENADE": 0.8
      },
      "Look": {
        "OLD_TIME_POINT": 11,
        "WAIT_NEW_SENSOR": 2.1,
        "ANGLE_FOR_GETUP": 178,
        "WAIT_NEW__LOOK_SENSOR": 7.8,
        "SELF_NIGHTVISION": true,
        "FULL_SECTOR_VIEW": true,
        "LOOK_THROUGH_GRASS": true,
        "LOOK_AROUND_DELTA": 1.1,
        "MAX_VISION_GRASS_METERS": 0.8,
        "MAX_VISION_GRASS_METERS_FLARE": 8,
        "MAX_VISION_GRASS_METERS_OPT": 0.9090909,
        "MAX_VISION_GRASS_METERS_FLARE_OPT": 0.125,
        "LightOnVisionDistance": 45,
        "FAR_DISTANCE": 160,
        "FarDeltaTimeSec": 3,
        "MIDDLE_DIST": 90,
        "MiddleDeltaTimeSec": 1,
        "CloseDeltaTimeSec": 0.1,
        "POSIBLE_VISION_SPACE": 1.2,
        "GOAL_TO_FULL_DISSAPEAR": 0.2,
        "GOAL_TO_FULL_DISSAPEAR_SHOOT": 0.03,
        "BODY_DELTA_TIME_SEARCH_SEC": 1.7,
        "COME_TO_BODY_DIST": 1.2,
        "MARKSMAN_VISIBLE_DIST_COEF": 1.15,
        "VISIBLE_DISNACE_WITH_LIGHT": 100,
        "ENEMY_LIGHT_ADD": 48,
        "ENEMY_LIGHT_START_DIST": 90,
        "CAN_LOOK_TO_WALL": false,
        "DIST_NOT_TO_IGNORE_WALL": 15,
        "DIST_CHECK_WALL": 20,
        "LOOK_LAST_POSENEMY_IF_NO_DANGER_SEC": 25,
        "MIN_LOOK_AROUD_TIME": 20,
        "OPTIMIZE_TO_ONLY_BODY": true
      },
      "Shoot": {
        "RECOIL_TIME_NORMALIZE": 1,
        "RECOIL_PER_METER": 0.02,
        "MAX_RECOIL_PER_METER": 0.04,
        "HORIZONT_RECOIL_COEF": 0.04,
        "WAIT_NEXT_SINGLE_SHOT": 0.2,
        "WAIT_NEXT_SINGLE_SHOT_LONG_MAX": 3.3,
        "WAIT_NEXT_SINGLE_SHOT_LONG_MIN": 0.4,
        "MARKSMAN_DIST_SEK_COEF": 44,
        "FINGER_HOLD_SINGLE_SHOT": 0.14,
        "BASE_AUTOMATIC_TIME": 0.2,
        "AUTOMATIC_FIRE_SCATTERING_COEF": 1.5,
        "CHANCE_TO_CHANGE_TO_AUTOMATIC_FIRE_100": 94,
        "FAR_DIST_ENEMY": 20,
        "SHOOT_FROM_COVER": 4,
        "FAR_DIST_ENEMY_SQR": 400,
        "MAX_DIST_COEF": 1.35,
        "RECOIL_DELTA_PRESS": 0.15,
        "RUN_DIST_NO_AMMO": 25,
        "RUN_DIST_NO_AMMO_SQRT": 625,
        "CAN_SHOOTS_TIME_TO_AMBUSH": 993,
        "NOT_TO_SEE_ENEMY_TO_WANT_RELOAD_PERCENT": 0.5,
        "NOT_TO_SEE_ENEMY_TO_WANT_RELOAD_SEC": 2,
        "RELOAD_PECNET_NO_ENEMY": 0.6,
        "CHANCE_TO_CHANGE_WEAPON": 0,
        "CHANCE_TO_CHANGE_WEAPON_WITH_HELMET": 40,
        "LOW_DIST_TO_CHANGE_WEAPON": 5,
        "FAR_DIST_TO_CHANGE_WEAPON": 30,
        "SUPPRESS_BY_SHOOT_TIME": 6,
        "SUPPRESS_TRIGGERS_DOWN": 3,
        "WAIT_NEXT_STATIONARY_GRENADE": 1,
        "DIST_TO_HIT_MELEE": 1,
        "DIST_TO_STOP_SPRINT_MELEE": 2,
        "TRY_HIT_PERIOD_MELEE": 0.5,
        "FINGER_HOLD_STATIONARY_GRENADE": 0.3,
        "VALIDATE_MALFUNCTION_CHANCE": 100,
        "REPAIR_MALFUNCTION_IMMEDIATE_CHANCE": 25,
        "DELAY_BEFORE_EXAMINE_MALFUNCTION": 0.5,
        "DELAY_BEFORE_FIX_MALFUNCTION": 0.5
      },
      "Move": {
        "BASE_ROTATE_SPEED": 270,
        "REACH_DIST": 0.5,
        "REACH_DIST_RUN": 0.8,
        "START_SLOW_DIST": 1.5,
        "BASESTART_SLOW_DIST": 1.1,
        "SLOW_COEF": 7,
        "DIST_TO_CAN_CHANGE_WAY": 8,
        "DIST_TO_START_RAYCAST": 15,
        "BASE_START_SERACH": 35,
        "UPDATE_TIME_RECAL_WAY": 7,
        "FAR_DIST": 4,
        "FAR_DIST_SQR": 16,
        "DIST_TO_CAN_CHANGE_WAY_SQR": 64,
        "DIST_TO_START_RAYCAST_SQR": 225,
        "BASE_SQRT_START_SERACH": 1225,
        "Y_APPROXIMATION": 0.7,
        "DELTA_LAST_SEEN_ENEMY": 20,
        "REACH_DIST_COVER": 2,
        "RUN_TO_COVER_MIN": 2,
        "CHANCE_TO_RUN_IF_NO_AMMO_0_100": 100,
        "RUN_IF_CANT_SHOOT": false,
        "RUN_IF_GAOL_FAR_THEN": 10,
        "SEC_TO_CHANGE_TO_RUN": 3,
        "WAIT_DOOR_OPEN_SEC": 1,
        "BREACH_CHANCE_100": 0,
        "ETERNITY_STAMINA": true
      },
      "Grenade": {
        "DELTA_NEXT_ATTEMPT_FROM_COVER": 5,
        "DELTA_NEXT_ATTEMPT": 10,
        "MIN_DIST_NOT_TO_THROW": 8,
        "NEAR_DELTA_THROW_TIME_SEC": 2,
        "MIN_THROW_GRENADE_DIST": 12,
        "MIN_THROW_GRENADE_DIST_SQRT": 144,
        "MIN_DIST_NOT_TO_THROW_SQR": 64,
        "RUN_AWAY": 22,
        "RUN_AWAY_SQR": 484,
        "ADD_GRENADE_AS_DANGER": 65,
        "ADD_GRENADE_AS_DANGER_SQR": 4225,
        "CHANCE_TO_NOTIFY_ENEMY_GR_100": 100,
        "GrenadePerMeter": 0.15,
        "REQUEST_DIST_MUST_THROW_SQRT": 9,
        "REQUEST_DIST_MUST_THROW": 3,
        "BEWARE_TYPE": 2,
        "SHOOT_TO_SMOKE_CHANCE_100": 50,
        "CHANCE_RUN_FLASHED_100": 100,
        "MAX_FLASHED_DIST_TO_SHOOT": 10,
        "MAX_FLASHED_DIST_TO_SHOOT_SQRT": 100,
        "FLASH_GRENADE_TIME_COEF": 0.25,
        "SIZE_SPOTTED_COEF": 2,
        "BE_ATTENTION_COEF": 4,
        "TIME_SHOOT_TO_FLASH": 4,
        "CLOSE_TO_SMOKE_TO_SHOOT": 10,
        "CLOSE_TO_SMOKE_TO_SHOOT_SQRT": 100,
        "CLOSE_TO_SMOKE_TIME_DELTA": 5,
        "SMOKE_CHECK_DELTA": 1,
        "DELTA_GRENADE_START_TIME": 0.01,
        "AMBUSH_IF_SMOKE_IN_ZONE_100": 40,
        "AMBUSH_IF_SMOKE_RETURN_TO_ATTACK_SEC": 30,
        "NO_RUN_FROM_AI_GRENADES": false,
        "MAX_THROW_POWER": 18.7,
        "GrenadePrecision": 0.1,
        "STOP_WHEN_THROW_GRENADE": true,
        "WAIT_TIME_TURN_AWAY": 0.2,
        "SMOKE_SUPPRESS_DELTA": 20,
        "DAMAGE_GRENADE_SUPPRESS_DELTA": 8,
        "STUN_SUPPRESS_DELTA": 9,
        "CHEAT_START_GRENADE_PLACE": false,
        "CAN_THROW_STRAIGHT_CONTACT": true,
        "STRAIGHT_CONTACT_DELTA_SEC": -1,
        "ANG_TYPE": 4
      },
      "Change": {
        "SMOKE_VISION_DIST": 0.6,
        "SMOKE_GAIN_SIGHT": 1.6,
        "SMOKE_SCATTERING": 1.6,
        "SMOKE_PRECICING": 1.6,
        "SMOKE_HEARING": 1,
        "SMOKE_ACCURATY": 1.6,
        "SMOKE_LAY_CHANCE": 1.6,
        "FLASH_VISION_DIST": 0.05,
        "FLASH_GAIN_SIGHT": 1.8,
        "FLASH_SCATTERING": 1.6,
        "FLASH_PRECICING": 1.6,
        "FLASH_HEARING": 1,
        "FLASH_ACCURATY": 1.6,
        "FLASH_LAY_CHANCE": 1,
        "STUN_HEARING": 0.01
      },
      "Cover": {
        "CAN_LAY_TO_COVER_DIST_LOOK_TO_ENEMY": 300,
        "RETURN_TO_ATTACK_AFTER_AMBUSH_MIN": 20,
        "CHECK_CLOSEST_FRIEND_DIST": 15,
        "RETURN_TO_ATTACK_AFTER_AMBUSH_MAX": 50,
        "SOUND_TO_GET_SPOTTED": 2,
        "TIME_TO_MOVE_TO_COVER": 15,
        "MAX_DIST_OF_COVER": 4,
        "CHANGE_RUN_TO_COVER_SEC": 12,
        "CHANGE_RUN_TO_COVER_SEC_GREANDE": 0.6,
        "SIT_DOWN_WHEN_HOLDING": true,
        "DELETE_POINTS_BEHIND_ENEMIES": false,
        "CAN_LAY_TO_COVER": true,
        "MIN_DIST_TO_ENEMY": 9,
        "DIST_CANT_CHANGE_WAY": 5,
        "DIST_CHECK_SFETY": 9,
        "TIME_CHECK_SAFE": 2,
        "HIDE_TO_COVER_TIME": 1.5,
        "MAX_DIST_OF_COVER_SQR": 16,
        "DIST_CANT_CHANGE_WAY_SQR": 25,
        "SPOTTED_COVERS_RADIUS": 3,
        "LOOK_LAST_ENEMY_POS_HOLDING": 1.5,
        "LOOK_LAST_ENEMY_POS_MOVING": 1.5,
        "LOOK_TO_HIT_POINT_IF_LAST_ENEMY": 3,
        "LOOK_LAST_ENEMY_POS_LOOKAROUND": 45,
        "OFFSET_LOOK_ALONG_WALL_ANG": 20,
        "SPOTTED_GRENADE_RADIUS": 16,
        "MAX_SPOTTED_TIME_SEC": 45,
        "WAIT_INT_COVER_FINDING_ENEMY": 2,
        "CLOSE_DIST_POINT_SQRT": 4,
        "DELTA_SEEN_FROM_COVE_LAST_POS": 15,
        "MOVE_TO_COVER_WHEN_TARGET": false,
        "RUN_COVER_IF_CAN_AND_NO_ENEMIES": false,
        "SPOTTED_GRENADE_TIME": 7,
        "DEPENDS_Y_DIST_TO_BOT": false,
        "RUN_IF_FAR": 7,
        "RUN_IF_FAR_SQRT": 225,
        "STAY_IF_FAR": 25,
        "STAY_IF_FAR_SQRT": 625,
        "CHECK_COVER_ENEMY_LOOK": true,
        "SHOOT_NEAR_TO_LEAVE": 2,
        "SHOOT_NEAR_SEC_PERIOD": 0.5,
        "HITS_TO_LEAVE_COVER": 1,
        "HITS_TO_LEAVE_COVER_UNKNOWN": 1,
        "DOG_FIGHT_AFTER_LEAVE": 4,
        "NOT_LOOK_AT_WALL_IS_DANGER": true,
        "MIN_DEFENCE_LEVEL": 22,
        "GOOD_DIST_TO_POINT_COEF": 1.8,
        "ENEMY_DIST_TO_GO_OUT": 1,
        "STATIONARY_WEAPON_NO_ENEMY_GETUP": 20,
        "STATIONARY_WEAPON_MAX_DIST_TO_USE": 25
      },
      "Patrol": {
        "CAN_GESTUS": true,
        "LOOK_TIME_BASE": 12,
        "RESERVE_TIME_STAY": 72,
        "FRIEND_SEARCH_SEC": 12,
        "TALK_DELAY": 999999.1,
        "MIN_TALK_DELAY": 999999,
        "TALK_DELAY_BIG": 999999.1,
        "CHANGE_WAY_TIME": 125.1,
        "MIN_DIST_TO_CLOSE_TALK": 5,
        "VISION_DIST_COEF_PEACE": 0.75,
        "MIN_DIST_TO_CLOSE_TALK_SQR": 25,
        "CHANCE_TO_CUT_WAY_0_100": 75,
        "CUT_WAY_MIN_0_1": 0.4,
        "CUT_WAY_MAX_0_1": 0.65,
        "CHANCE_TO_CHANGE_WAY_0_100": 50,
        "CHANCE_TO_SHOOT_DEADBODY": 52,
        "SUSPETION_PLACE_LIFETIME": 7,
        "RESERVE_OUT_TIME": 30,
        "CLOSE_TO_SELECT_RESERV_WAY": 25,
        "MAX_YDIST_TO_START_WARN_REQUEST_TO_REQUESTER": 5,
        "CAN_CHECK_MAGAZINE": false
      },
      "Hearing": {
        "BOT_CLOSE_PANIC_DIST": 1,
        "CHANCE_TO_HEAR_SIMPLE_SOUND_0_1": 0.88,
        "DISPERSION_COEF": 10,
        "CLOSE_DIST": 36,
        "FAR_DIST": 66,
        "SOUND_DIR_DEEFREE": 30,
        "DIST_PLACE_TO_FIND_POINT": 70,
        "DEAD_BODY_SOUND_RAD": 30,
        "LOOK_ONLY_DANGER": false,
        "RESET_TIMER_DIST": 17,
        "HEAR_DELAY_WHEN_PEACE": 0,
        "HEAR_DELAY_WHEN_HAVE_SMT": 0,
        "LOOK_ONLY_DANGER_DELTA": 9
      },
      "Mind": {
        "HOW_WORK_OVER_DEAD_BODY": 2,
        "MIN_SHOOTS_TIME": 2,
        "MAX_SHOOTS_TIME": 4,
        "TIME_LEAVE_MAP": 7,
        "TIME_TO_RUN_TO_COVER_CAUSE_SHOOT_SEC": 15,
        "DAMAGE_REDUCTION_TIME_SEC": 20,
        "MIN_DAMAGE_SCARE": 20,
        "CHANCE_TO_RUN_CAUSE_DAMAGE_0_100": 35,
        "TIME_TO_FORGOR_ABOUT_ENEMY_SEC": 52,
        "TIME_TO_FIND_ENEMY": 22,
        "MAX_AGGRO_BOT_DIST": 100,
        "HIT_POINT_DETECTION": 4,
        "DANGER_POINT_CHOOSE_COEF": 1,
        "SIMPLE_POINT_CHOOSE_COEF": 0.4,
        "LASTSEEN_POINT_CHOOSE_COEF": 0.2,
        "COVER_DIST_COEF": 1.5,
        "DIST_TO_FOUND_SQRT": 400,
        "MAX_AGGRO_BOT_DIST_SQR": 10000,
        "DIST_TO_STOP_RUN_ENEMY": 15,
        "ENEMY_LOOK_AT_ME_ANG": 15,
        "MIN_START_AGGRESION_COEF": 1,
        "MAX_START_AGGRESION_COEF": 3,
        "CAN_TAKE_ITEMS": false,
        "BULLET_FEEL_DIST": 360,
        "BULLET_FEEL_CLOSE_SDIST": 1,
        "ATTACK_IMMEDIATLY_CHANCE_0_100": 40,
        "CHANCE_FUCK_YOU_ON_CONTACT_100": -10,
        "FRIEND_DEAD_AGR_LOW": -0.2,
        "FRIEND_AGR_KILL": 0.2,
        "LAST_ENEMY_LOOK_TO": 40,
        "CAN_RECEIVE_PLAYER_REQUESTS_SAVAGE": false,
        "CAN_RECEIVE_PLAYER_REQUESTS_BEAR": false,
        "CAN_RECEIVE_PLAYER_REQUESTS_USEC": false,
        "CAN_USE_MEDS": true,
        "SUSPETION_POINT_CHANCE_ADD100": 0,
        "AMBUSH_WHEN_UNDER_FIRE": true,
        "AMBUSH_WHEN_UNDER_FIRE_TIME_RESIST": 60,
        "ATTACK_ENEMY_IF_PROTECT_DELTA_LAST_TIME_SEEN": 1.5,
        "HOLD_IF_PROTECT_DELTA_LAST_TIME_SEEN": 8.5,
        "FIND_COVER_TO_GET_POSITION_WITH_SHOOT": 2,
        "PROTECT_TIME_REAL": true,
        "CHANCE_SHOOT_WHEN_WARN_PLAYER_100": 25,
        "CAN_TALK": false,
        "CAN_PANIC_IS_PROTECT": false,
        "NO_RUN_AWAY_FOR_SAFE": false,
        "PART_PERCENT_TO_HEAL": 0.65,
        "PROTECT_DELTA_HEAL_SEC": 10,
        "CAN_STAND_BY": false,
        "CAN_THROW_REQUESTS": true,
        "GROUP_ANY_PHRASE_DELAY": 999999,
        "GROUP_EXACTLY_PHRASE_DELAY": 999999,
        "DIST_TO_ENEMY_YO_CAN_HEAL": 30,
        "CHANCE_TO_STAY_WHEN_WARN_PLAYER_100": 80,
        "DOG_FIGHT_OUT": 6,
        "DOG_FIGHT_IN": 3,
        "SHOOT_INSTEAD_DOG_FIGHT": 9,
        "PISTOL_SHOTGUN_AMBUSH_DIST": 60,
        "STANDART_AMBUSH_DIST": 200,
        "AI_POWER_COEF": 120,
        "COVER_SECONDS_AFTER_LOSE_VISION": 10,
        "COVER_SELF_ALWAYS_IF_DAMAGED": false,
        "SEC_TO_MORE_DIST_TO_RUN": 10,
        "HEAL_DELAY_SEC": 5,
        "HIT_DELAY_WHEN_HAVE_SMT": -1,
        "HIT_DELAY_WHEN_PEACE": -1,
        "AGGRESSOR_LOYALTY_BONUS": 0,
        "TALK_WITH_QUERY": true,
        "WILL_PERSUE_AXEMAN": true,
        "REVENGE_FOR_SAVAGE_PLAYERS": false,
        "DEFAULT_SAVAGE_BEHAVIOUR": "AlwaysEnemies",
        "REVENGE_BOT_TYPES": []
      },
      "Boss": {
        "BOSS_DIST_TO_WARNING": 100,
        "BOSS_DIST_TO_WARNING_SQRT": 1156,
        "BOSS_DIST_TO_WARNING_OUT": 100,
        "BOSS_DIST_TO_WARNING_OUT_SQRT": 1849,
        "BOSS_DIST_TO_SHOOT": 100,
        "BOSS_DIST_TO_SHOOT_SQRT": 256,
        "CHANCE_TO_SEND_GRENADE_100": 100,
        "MAX_DIST_COVER_BOSS": 25,
        "MAX_DIST_COVER_BOSS_SQRT": 625,
        "MAX_DIST_DECIDER_TO_SEND": 35,
        "MAX_DIST_DECIDER_TO_SEND_SQRT": 1225,
        "TIME_AFTER_LOSE": 15,
        "TIME_AFTER_LOSE_DELTA": 60,
        "PERSONS_SEND": 2,
        "DELTA_SEARCH_TIME": 18,
        "COVER_TO_SEND": true,
        "WAIT_NO_ATTACK_SAVAGE": 10,
        "CHANCE_USE_RESERVE_PATROL_100": 50,
        "KILLA_Y_DELTA_TO_BE_ENEMY_BOSS": 5,
        "KILLA_DITANCE_TO_BE_ENEMY_BOSS": 45,
        "KILLA_START_SEARCH_SEC": 40,
        "KILLA_CONTUTION_TIME": 5,
        "KILLA_CLOSE_ATTACK_DIST": 8,
        "KILLA_MIDDLE_ATTACK_DIST": 22,
        "KILLA_LARGE_ATTACK_DIST": 41,
        "KILLA_SEARCH_METERS": 30,
        "KILLA_DEF_DIST_SQRT": 225,
        "KILLA_SEARCH_SEC_STOP_AFTER_COMING": 25,
        "KILLA_DIST_TO_GO_TO_SUPPRESS": 6,
        "KILLA_AFTER_GRENADE_SUPPRESS_DELAY": 2,
        "KILLA_CLOSEATTACK_TIMES": 3,
        "KILLA_CLOSEATTACK_DELAY": 10,
        "KILLA_HOLD_DELAY": 5,
        "KILLA_BULLET_TO_RELOAD": 15,
        "SHALL_WARN": false,
        "KOJANIY_DIST_WHEN_READY": 40,
        "KOJANIY_DIST_TO_BE_ENEMY": 200,
        "KOJANIY_MIN_DIST_TO_LOOT": 20,
        "KOJANIY_MIN_DIST_TO_LOOT_SQRT": 400,
        "KOJANIY_DIST_ENEMY_TOO_CLOSE": 17,
        "KOJANIY_MANY_ENEMIES_COEF": 1.5,
        "KILLA_ENEMIES_TO_ATTACK": 3,
        "KILLA_ONE_IS_CLOSE": 30,
        "KILLA_TRIGGER_DOWN_DELAY": 1,
        "KILLA_WAIT_IN_COVER_COEF": 1,
        "EFFECT_PAINKILLER": true
      },
      "Core": {
        "VisibleAngle": 160,
        "VisibleDistance": 142,
        "GainSightCoef": 0.1,
        "ScatteringPerMeter": 0.045,
        "ScatteringClosePerMeter": 0.12,
        "DamageCoeff": 1,
        "HearingSense": 2.9,
        "CanRun": true,
        "CanGrenade": true,
        "AimingType": "normal",
        "PistolFireDistancePref": 35,
        "ShotgunFireDistancePref": 50,
        "RifleFireDistancePref": 100,
        "AccuratySpeed": 0.2,
        "WaitInCoverBetweenShotsSec": 0.3
      },
      "Scattering": {
        "MinScatter": 0.03,
        "WorkingScatter": 0.15,
        "MaxScatter": 0.4,
        "SpeedUp": 0.3,
        "SpeedUpAim": 1.4,
        "SpeedDown": -0.3,
        "ToSlowBotSpeed": 1.5,
        "ToLowBotSpeed": 2.4,
        "ToUpBotSpeed": 3.6,
        "MovingSlowCoef": 1.5,
        "ToLowBotAngularSpeed": 80,
        "ToStopBotAngularSpeed": 40,
        "FromShot": 0.001,
        "TracerCoef": 1.3,
        "HandDamageScatteringMinMax": 0.7,
        "HandDamageAccuracySpeed": 1.3,
        "BloodFall": 1.45,
        "Caution": 0.3,
        "ToCaution": 0.6,
        "RecoilControlCoefShootDone": 0.0003,
        "RecoilControlCoefShootDoneAuto": 0.00015,
        "AMPLITUDE_FACTOR": 0.25,
        "AMPLITUDE_SPEED": 0.1,
        "DIST_FROM_OLD_POINT_TO_NOT_AIM": 15,
        "DIST_FROM_OLD_POINT_TO_NOT_AIM_SQRT": 225,
        "DIST_NOT_TO_SHOOT": 0.3,
        "PoseChnageCoef": 0.1,
        "LayFactor": 0.1,
        "RecoilYCoef": 0.0005,
        "RecoilYCoefSppedDown": -0.52,
        "RecoilYMax": 1
      }
    },
    "impossible": {
      "Lay": {
        "CHECK_SHOOT_WHEN_LAYING": false,
        "DELTA_LAY_CHECK": 2,
        "DELTA_GETUP": 2.7,
        "DELTA_AFTER_GETUP": 10,
        "CLEAR_POINTS_OF_SCARE_SEC": 20,
        "MAX_LAY_TIME": 35,
        "DELTA_WANT_LAY_CHECL_SEC": 5,
        "ATTACK_LAY_CHANCE": 25,
        "DIST_TO_COVER_TO_LAY": 3.5,
        "DIST_TO_COVER_TO_LAY_SQRT": 12.25,
        "DIST_GRASS_TERRAIN_SQRT": 0.160000011,
        "DIST_ENEMY_NULL_DANGER_LAY": 15,
        "DIST_ENEMY_NULL_DANGER_LAY_SQRT": 225,
        "DIST_ENEMY_GETUP_LAY": 10,
        "DIST_ENEMY_GETUP_LAY_SQRT": 100,
        "DIST_ENEMY_CAN_LAY": 15,
        "DIST_ENEMY_CAN_LAY_SQRT": 225,
        "LAY_AIM": 0.6,
        "MIN_CAN_LAY_DIST_SQRT": 121,
        "MIN_CAN_LAY_DIST": 11,
        "MAX_CAN_LAY_DIST_SQRT": 40000,
        "MAX_CAN_LAY_DIST": 200,
        "LAY_CHANCE_DANGER": 40,
        "DAMAGE_TIME_TO_GETUP": 3
      },
      "Aiming": {
        "MAX_AIM_PRECICING": 2,
        "BETTER_PRECICING_COEF": 0.9,
        "RECALC_DIST": 0.7,
        "RECALC_SQR_DIST": 0.48999998,
        "COEF_FROM_COVER": 0.45,
        "PANIC_COEF": 1.2,
        "PANIC_ACCURATY_COEF": 1.2,
        "HARD_AIM": 0.75,
        "PANIC_TIME": 2,
        "RECALC_MUST_TIME": 3,
        "DAMAGE_PANIC_TIME": 15,
        "DANGER_UP_POINT": 1.3,
        "MAX_AIMING_UPGRADE_BY_TIME": 0.25,
        "DAMAGE_TO_DISCARD_AIM_0_100": 86,
        "MIN_TIME_DISCARD_AIM_SEC": 0.3,
        "MAX_TIME_DISCARD_AIM_SEC": 0.6,
        "XZ_COEF": 0.4,
        "SHOOT_TO_CHANGE_PRIORITY": 5525,
        "BOTTOM_COEF": 0.1,
        "FIRST_CONTACT_ADD_SEC": 0.1,
        "FIRST_CONTACT_ADD_CHANCE_100": 80,
        "BASE_HIT_AFFECTION_DELAY_SEC": 0.57,
        "BASE_HIT_AFFECTION_MIN_ANG": 4,
        "BASE_HIT_AFFECTION_MAX_ANG": 10,
        "BASE_SHIEF": 0.05,
        "SCATTERING_HAVE_DAMAGE_COEF": 2,
        "SCATTERING_DIST_MODIF": 0.67,
        "SCATTERING_DIST_MODIF_CLOSE": 0.6,
        "AIMING_TYPE": 2,
        "DIST_TO_SHOOT_TO_CENTER": 3,
        "DIST_TO_SHOOT_NO_OFFSET": 3,
        "SHPERE_FRIENDY_FIRE_SIZE": -0.1,
        "COEF_IF_MOVE": 1,
        "TIME_COEF_IF_MOVE": 1.1,
        "BOT_MOVE_IF_DELTA": 3.01,
        "NEXT_SHOT_MISS_CHANCE_100": 100,
        "NEXT_SHOT_MISS_Y_OFFSET": 1,
        "ANYTIME_LIGHT_WHEN_AIM_100": 10,
        "ANY_PART_SHOOT_TIME": 5,
        "WEAPON_ROOT_OFFSET": 0.35,
        "MIN_DAMAGE_TO_GET_HIT_AFFETS": 1,
        "MAX_AIM_TIME": 1.5,
        "OFFSET_RECAL_ANYWAY_TIME": 1,
        "Y_TOP_OFFSET_COEF": 0.001,
        "Y_BOTTOM_OFFSET_COEF": 0.015,
        "BASE_SHIEF_STATIONARY_GRENADE": 1.1,
        "XZ_COEF_STATIONARY_GRENADE": 0.8
      },
      "Look": {
        "OLD_TIME_POINT": 11,
        "WAIT_NEW_SENSOR": 2.1,
        "ANGLE_FOR_GETUP": 178,
        "WAIT_NEW__LOOK_SENSOR": 7.8,
        "SELF_NIGHTVISION": true,
        "FULL_SECTOR_VIEW": true,
        "LOOK_THROUGH_GRASS": true,
        "LOOK_AROUND_DELTA": 1.1,
        "MAX_VISION_GRASS_METERS": 0.8,
        "MAX_VISION_GRASS_METERS_FLARE": 8,
        "MAX_VISION_GRASS_METERS_OPT": 0.9090909,
        "MAX_VISION_GRASS_METERS_FLARE_OPT": 0.125,
        "LightOnVisionDistance": 45,
        "FAR_DISTANCE": 160,
        "FarDeltaTimeSec": 3,
        "MIDDLE_DIST": 90,
        "MiddleDeltaTimeSec": 1,
        "CloseDeltaTimeSec": 0.1,
        "POSIBLE_VISION_SPACE": 1.2,
        "GOAL_TO_FULL_DISSAPEAR": 0.2,
        "GOAL_TO_FULL_DISSAPEAR_SHOOT": 0.03,
        "BODY_DELTA_TIME_SEARCH_SEC": 1.7,
        "COME_TO_BODY_DIST": 1.2,
        "MARKSMAN_VISIBLE_DIST_COEF": 1.15,
        "VISIBLE_DISNACE_WITH_LIGHT": 100,
        "ENEMY_LIGHT_ADD": 48,
        "ENEMY_LIGHT_START_DIST": 90,
        "CAN_LOOK_TO_WALL": false,
        "DIST_NOT_TO_IGNORE_WALL": 15,
        "DIST_CHECK_WALL": 20,
        "LOOK_LAST_POSENEMY_IF_NO_DANGER_SEC": 25,
        "MIN_LOOK_AROUD_TIME": 20,
        "OPTIMIZE_TO_ONLY_BODY": true
      },
      "Shoot": {
        "RECOIL_TIME_NORMALIZE": 1,
        "RECOIL_PER_METER": 0.02,
        "MAX_RECOIL_PER_METER": 0.04,
        "HORIZONT_RECOIL_COEF": 0.04,
        "WAIT_NEXT_SINGLE_SHOT": 0.2,
        "WAIT_NEXT_SINGLE_SHOT_LONG_MAX": 3.3,
        "WAIT_NEXT_SINGLE_SHOT_LONG_MIN": 0.4,
        "MARKSMAN_DIST_SEK_COEF": 44,
        "FINGER_HOLD_SINGLE_SHOT": 0.14,
        "BASE_AUTOMATIC_TIME": 0.2,
        "AUTOMATIC_FIRE_SCATTERING_COEF": 1.5,
        "CHANCE_TO_CHANGE_TO_AUTOMATIC_FIRE_100": 94,
        "FAR_DIST_ENEMY": 20,
        "SHOOT_FROM_COVER": 4,
        "FAR_DIST_ENEMY_SQR": 400,
        "MAX_DIST_COEF": 1.35,
        "RECOIL_DELTA_PRESS": 0.15,
        "RUN_DIST_NO_AMMO": 25,
        "RUN_DIST_NO_AMMO_SQRT": 625,
        "CAN_SHOOTS_TIME_TO_AMBUSH": 993,
        "NOT_TO_SEE_ENEMY_TO_WANT_RELOAD_PERCENT": 0.5,
        "NOT_TO_SEE_ENEMY_TO_WANT_RELOAD_SEC": 2,
        "RELOAD_PECNET_NO_ENEMY": 0.6,
        "CHANCE_TO_CHANGE_WEAPON": 0,
        "CHANCE_TO_CHANGE_WEAPON_WITH_HELMET": 40,
        "LOW_DIST_TO_CHANGE_WEAPON": 5,
        "FAR_DIST_TO_CHANGE_WEAPON": 30,
        "SUPPRESS_BY_SHOOT_TIME": 6,
        "SUPPRESS_TRIGGERS_DOWN": 3,
        "WAIT_NEXT_STATIONARY_GRENADE": 1,
        "DIST_TO_HIT_MELEE": 1,
        "DIST_TO_STOP_SPRINT_MELEE": 2,
        "TRY_HIT_PERIOD_MELEE": 0.5,
        "FINGER_HOLD_STATIONARY_GRENADE": 0.3,
        "VALIDATE_MALFUNCTION_CHANCE": 100,
        "REPAIR_MALFUNCTION_IMMEDIATE_CHANCE": 25,
        "DELAY_BEFORE_EXAMINE_MALFUNCTION": 0.5,
        "DELAY_BEFORE_FIX_MALFUNCTION": 0.5
      },
      "Move": {
        "BASE_ROTATE_SPEED": 270,
        "REACH_DIST": 0.5,
        "REACH_DIST_RUN": 0.8,
        "START_SLOW_DIST": 1.5,
        "BASESTART_SLOW_DIST": 1.1,
        "SLOW_COEF": 7,
        "DIST_TO_CAN_CHANGE_WAY": 8,
        "DIST_TO_START_RAYCAST": 15,
        "BASE_START_SERACH": 35,
        "UPDATE_TIME_RECAL_WAY": 7,
        "FAR_DIST": 4,
        "FAR_DIST_SQR": 16,
        "DIST_TO_CAN_CHANGE_WAY_SQR": 64,
        "DIST_TO_START_RAYCAST_SQR": 225,
        "BASE_SQRT_START_SERACH": 1225,
        "Y_APPROXIMATION": 0.7,
        "DELTA_LAST_SEEN_ENEMY": 20,
        "REACH_DIST_COVER": 2,
        "RUN_TO_COVER_MIN": 2,
        "CHANCE_TO_RUN_IF_NO_AMMO_0_100": 100,
        "RUN_IF_CANT_SHOOT": false,
        "RUN_IF_GAOL_FAR_THEN": 10,
        "SEC_TO_CHANGE_TO_RUN": 3,
        "WAIT_DOOR_OPEN_SEC": 1,
        "BREACH_CHANCE_100": 0,
        "ETERNITY_STAMINA": true
      },
      "Grenade": {
        "DELTA_NEXT_ATTEMPT_FROM_COVER": 5,
        "DELTA_NEXT_ATTEMPT": 10,
        "MIN_DIST_NOT_TO_THROW": 8,
        "NEAR_DELTA_THROW_TIME_SEC": 2,
        "MIN_THROW_GRENADE_DIST": 12,
        "MIN_THROW_GRENADE_DIST_SQRT": 144,
        "MIN_DIST_NOT_TO_THROW_SQR": 64,
        "RUN_AWAY": 22,
        "RUN_AWAY_SQR": 484,
        "ADD_GRENADE_AS_DANGER": 65,
        "ADD_GRENADE_AS_DANGER_SQR": 4225,
        "CHANCE_TO_NOTIFY_ENEMY_GR_100": 100,
        "GrenadePerMeter": 0.15,
        "REQUEST_DIST_MUST_THROW_SQRT": 9,
        "REQUEST_DIST_MUST_THROW": 3,
        "BEWARE_TYPE": 2,
        "SHOOT_TO_SMOKE_CHANCE_100": 50,
        "CHANCE_RUN_FLASHED_100": 100,
        "MAX_FLASHED_DIST_TO_SHOOT": 10,
        "MAX_FLASHED_DIST_TO_SHOOT_SQRT": 100,
        "FLASH_GRENADE_TIME_COEF": 0.25,
        "SIZE_SPOTTED_COEF": 2,
        "BE_ATTENTION_COEF": 4,
        "TIME_SHOOT_TO_FLASH": 4,
        "CLOSE_TO_SMOKE_TO_SHOOT": 10,
        "CLOSE_TO_SMOKE_TO_SHOOT_SQRT": 100,
        "CLOSE_TO_SMOKE_TIME_DELTA": 5,
        "SMOKE_CHECK_DELTA": 1,
        "DELTA_GRENADE_START_TIME": 0.01,
        "AMBUSH_IF_SMOKE_IN_ZONE_100": 40,
        "AMBUSH_IF_SMOKE_RETURN_TO_ATTACK_SEC": 30,
        "NO_RUN_FROM_AI_GRENADES": false,
        "MAX_THROW_POWER": 18.7,
        "GrenadePrecision": 0.1,
        "STOP_WHEN_THROW_GRENADE": true,
        "WAIT_TIME_TURN_AWAY": 0.2,
        "SMOKE_SUPPRESS_DELTA": 20,
        "DAMAGE_GRENADE_SUPPRESS_DELTA": 8,
        "STUN_SUPPRESS_DELTA": 9,
        "CHEAT_START_GRENADE_PLACE": false,
        "CAN_THROW_STRAIGHT_CONTACT": true,
        "STRAIGHT_CONTACT_DELTA_SEC": -1,
        "ANG_TYPE": 4
      },
      "Change": {
        "SMOKE_VISION_DIST": 0.6,
        "SMOKE_GAIN_SIGHT": 1.6,
        "SMOKE_SCATTERING": 1.6,
        "SMOKE_PRECICING": 1.6,
        "SMOKE_HEARING": 1,
        "SMOKE_ACCURATY": 1.6,
        "SMOKE_LAY_CHANCE": 1.6,
        "FLASH_VISION_DIST": 0.05,
        "FLASH_GAIN_SIGHT": 1.8,
        "FLASH_SCATTERING": 1.6,
        "FLASH_PRECICING": 1.6,
        "FLASH_HEARING": 1,
        "FLASH_ACCURATY": 1.6,
        "FLASH_LAY_CHANCE": 1,
        "STUN_HEARING": 0.01
      },
      "Cover": {
        "CAN_LAY_TO_COVER_DIST_LOOK_TO_ENEMY": 300,
        "RETURN_TO_ATTACK_AFTER_AMBUSH_MIN": 20,
        "CHECK_CLOSEST_FRIEND_DIST": 15,
        "RETURN_TO_ATTACK_AFTER_AMBUSH_MAX": 50,
        "SOUND_TO_GET_SPOTTED": 2,
        "TIME_TO_MOVE_TO_COVER": 15,
        "MAX_DIST_OF_COVER": 4,
        "CHANGE_RUN_TO_COVER_SEC": 12,
        "CHANGE_RUN_TO_COVER_SEC_GREANDE": 0.6,
        "SIT_DOWN_WHEN_HOLDING": true,
        "DELETE_POINTS_BEHIND_ENEMIES": false,
        "CAN_LAY_TO_COVER": true,
        "MIN_DIST_TO_ENEMY": 9,
        "DIST_CANT_CHANGE_WAY": 5,
        "DIST_CHECK_SFETY": 9,
        "TIME_CHECK_SAFE": 2,
        "HIDE_TO_COVER_TIME": 1.5,
        "MAX_DIST_OF_COVER_SQR": 16,
        "DIST_CANT_CHANGE_WAY_SQR": 25,
        "SPOTTED_COVERS_RADIUS": 3,
        "LOOK_LAST_ENEMY_POS_HOLDING": 1.5,
        "LOOK_LAST_ENEMY_POS_MOVING": 1.5,
        "LOOK_TO_HIT_POINT_IF_LAST_ENEMY": 3,
        "LOOK_LAST_ENEMY_POS_LOOKAROUND": 45,
        "OFFSET_LOOK_ALONG_WALL_ANG": 20,
        "SPOTTED_GRENADE_RADIUS": 16,
        "MAX_SPOTTED_TIME_SEC": 45,
        "WAIT_INT_COVER_FINDING_ENEMY": 2,
        "CLOSE_DIST_POINT_SQRT": 4,
        "DELTA_SEEN_FROM_COVE_LAST_POS": 15,
        "MOVE_TO_COVER_WHEN_TARGET": false,
        "RUN_COVER_IF_CAN_AND_NO_ENEMIES": false,
        "SPOTTED_GRENADE_TIME": 7,
        "DEPENDS_Y_DIST_TO_BOT": false,
        "RUN_IF_FAR": 7,
        "RUN_IF_FAR_SQRT": 225,
        "STAY_IF_FAR": 25,
        "STAY_IF_FAR_SQRT": 625,
        "CHECK_COVER_ENEMY_LOOK": true,
        "SHOOT_NEAR_TO_LEAVE": 2,
        "SHOOT_NEAR_SEC_PERIOD": 0.5,
        "HITS_TO_LEAVE_COVER": 1,
        "HITS_TO_LEAVE_COVER_UNKNOWN": 1,
        "DOG_FIGHT_AFTER_LEAVE": 4,
        "NOT_LOOK_AT_WALL_IS_DANGER": true,
        "MIN_DEFENCE_LEVEL": 22,
        "GOOD_DIST_TO_POINT_COEF": 1.8,
        "ENEMY_DIST_TO_GO_OUT": 1,
        "STATIONARY_WEAPON_NO_ENEMY_GETUP": 20,
        "STATIONARY_WEAPON_MAX_DIST_TO_USE": 25
      },
      "Patrol": {
        "CAN_GESTUS": true,
        "LOOK_TIME_BASE": 12,
        "RESERVE_TIME_STAY": 72,
        "FRIEND_SEARCH_SEC": 12,
        "TALK_DELAY": 999999.1,
        "MIN_TALK_DELAY": 999999,
        "TALK_DELAY_BIG": 999999.1,
        "CHANGE_WAY_TIME": 125.1,
        "MIN_DIST_TO_CLOSE_TALK": 5,
        "VISION_DIST_COEF_PEACE": 0.75,
        "MIN_DIST_TO_CLOSE_TALK_SQR": 25,
        "CHANCE_TO_CUT_WAY_0_100": 75,
        "CUT_WAY_MIN_0_1": 0.4,
        "CUT_WAY_MAX_0_1": 0.65,
        "CHANCE_TO_CHANGE_WAY_0_100": 50,
        "CHANCE_TO_SHOOT_DEADBODY": 52,
        "SUSPETION_PLACE_LIFETIME": 7,
        "RESERVE_OUT_TIME": 30,
        "CLOSE_TO_SELECT_RESERV_WAY": 25,
        "MAX_YDIST_TO_START_WARN_REQUEST_TO_REQUESTER": 5,
        "CAN_CHECK_MAGAZINE": false
      },
      "Hearing": {
        "BOT_CLOSE_PANIC_DIST": 1,
        "CHANCE_TO_HEAR_SIMPLE_SOUND_0_1": 0.88,
        "DISPERSION_COEF": 10,
        "CLOSE_DIST": 36,
        "FAR_DIST": 66,
        "SOUND_DIR_DEEFREE": 30,
        "DIST_PLACE_TO_FIND_POINT": 70,
        "DEAD_BODY_SOUND_RAD": 30,
        "LOOK_ONLY_DANGER": false,
        "RESET_TIMER_DIST": 17,
        "HEAR_DELAY_WHEN_PEACE": 0,
        "HEAR_DELAY_WHEN_HAVE_SMT": 0,
        "LOOK_ONLY_DANGER_DELTA": 9
      },
      "Mind": {
        "HOW_WORK_OVER_DEAD_BODY": 2,
        "MIN_SHOOTS_TIME": 2,
        "MAX_SHOOTS_TIME": 4,
        "TIME_LEAVE_MAP": 7,
        "TIME_TO_RUN_TO_COVER_CAUSE_SHOOT_SEC": 15,
        "DAMAGE_REDUCTION_TIME_SEC": 20,
        "MIN_DAMAGE_SCARE": 20,
        "CHANCE_TO_RUN_CAUSE_DAMAGE_0_100": 35,
        "TIME_TO_FORGOR_ABOUT_ENEMY_SEC": 52,
        "TIME_TO_FIND_ENEMY": 22,
        "MAX_AGGRO_BOT_DIST": 100,
        "HIT_POINT_DETECTION": 4,
        "DANGER_POINT_CHOOSE_COEF": 1,
        "SIMPLE_POINT_CHOOSE_COEF": 0.4,
        "LASTSEEN_POINT_CHOOSE_COEF": 0.2,
        "COVER_DIST_COEF": 1.5,
        "DIST_TO_FOUND_SQRT": 400,
        "MAX_AGGRO_BOT_DIST_SQR": 10000,
        "DIST_TO_STOP_RUN_ENEMY": 15,
        "ENEMY_LOOK_AT_ME_ANG": 15,
        "MIN_START_AGGRESION_COEF": 1,
        "MAX_START_AGGRESION_COEF": 3,
        "CAN_TAKE_ITEMS": false,
        "BULLET_FEEL_DIST": 360,
        "BULLET_FEEL_CLOSE_SDIST": 1,
        "ATTACK_IMMEDIATLY_CHANCE_0_100": 40,
        "CHANCE_FUCK_YOU_ON_CONTACT_100": -10,
        "FRIEND_DEAD_AGR_LOW": -0.2,
        "FRIEND_AGR_KILL": 0.2,
        "LAST_ENEMY_LOOK_TO": 40,
        "CAN_RECEIVE_PLAYER_REQUESTS_SAVAGE": false,
        "CAN_RECEIVE_PLAYER_REQUESTS_BEAR": false,
        "CAN_RECEIVE_PLAYER_REQUESTS_USEC": false,
        "CAN_USE_MEDS": true,
        "SUSPETION_POINT_CHANCE_ADD100": 0,
        "AMBUSH_WHEN_UNDER_FIRE": true,
        "AMBUSH_WHEN_UNDER_FIRE_TIME_RESIST": 60,
        "ATTACK_ENEMY_IF_PROTECT_DELTA_LAST_TIME_SEEN": 1.5,
        "HOLD_IF_PROTECT_DELTA_LAST_TIME_SEEN": 8.5,
        "FIND_COVER_TO_GET_POSITION_WITH_SHOOT": 2,
        "PROTECT_TIME_REAL": true,
        "CHANCE_SHOOT_WHEN_WARN_PLAYER_100": 25,
        "CAN_TALK": false,
        "CAN_PANIC_IS_PROTECT": false,
        "NO_RUN_AWAY_FOR_SAFE": false,
        "PART_PERCENT_TO_HEAL": 0.65,
        "PROTECT_DELTA_HEAL_SEC": 10,
        "CAN_STAND_BY": false,
        "CAN_THROW_REQUESTS": true,
        "GROUP_ANY_PHRASE_DELAY": 999999,
        "GROUP_EXACTLY_PHRASE_DELAY": 999999,
        "DIST_TO_ENEMY_YO_CAN_HEAL": 30,
        "CHANCE_TO_STAY_WHEN_WARN_PLAYER_100": 80,
        "DOG_FIGHT_OUT": 6,
        "DOG_FIGHT_IN": 3,
        "SHOOT_INSTEAD_DOG_FIGHT": 9,
        "PISTOL_SHOTGUN_AMBUSH_DIST": 60,
        "STANDART_AMBUSH_DIST": 200,
        "AI_POWER_COEF": 120,
        "COVER_SECONDS_AFTER_LOSE_VISION": 10,
        "COVER_SELF_ALWAYS_IF_DAMAGED": false,
        "SEC_TO_MORE_DIST_TO_RUN": 10,
        "HEAL_DELAY_SEC": 5,
        "HIT_DELAY_WHEN_HAVE_SMT": -1,
        "HIT_DELAY_WHEN_PEACE": -1,
        "AGGRESSOR_LOYALTY_BONUS": 0,
        "TALK_WITH_QUERY": true,
        "WILL_PERSUE_AXEMAN": true,
        "REVENGE_FOR_SAVAGE_PLAYERS": false,
        "DEFAULT_SAVAGE_BEHAVIOUR": "AlwaysEnemies",
        "REVENGE_BOT_TYPES": []
      },
      "Boss": {
        "BOSS_DIST_TO_WARNING": 100,
        "BOSS_DIST_TO_WARNING_SQRT": 1156,
        "BOSS_DIST_TO_WARNING_OUT": 100,
        "BOSS_DIST_TO_WARNING_OUT_SQRT": 1849,
        "BOSS_DIST_TO_SHOOT": 100,
        "BOSS_DIST_TO_SHOOT_SQRT": 256,
        "CHANCE_TO_SEND_GRENADE_100": 100,
        "MAX_DIST_COVER_BOSS": 25,
        "MAX_DIST_COVER_BOSS_SQRT": 625,
        "MAX_DIST_DECIDER_TO_SEND": 35,
        "MAX_DIST_DECIDER_TO_SEND_SQRT": 1225,
        "TIME_AFTER_LOSE": 15,
        "TIME_AFTER_LOSE_DELTA": 60,
        "PERSONS_SEND": 2,
        "DELTA_SEARCH_TIME": 18,
        "COVER_TO_SEND": true,
        "WAIT_NO_ATTACK_SAVAGE": 10,
        "CHANCE_USE_RESERVE_PATROL_100": 50,
        "KILLA_Y_DELTA_TO_BE_ENEMY_BOSS": 5,
        "KILLA_DITANCE_TO_BE_ENEMY_BOSS": 45,
        "KILLA_START_SEARCH_SEC": 40,
        "KILLA_CONTUTION_TIME": 5,
        "KILLA_CLOSE_ATTACK_DIST": 8,
        "KILLA_MIDDLE_ATTACK_DIST": 22,
        "KILLA_LARGE_ATTACK_DIST": 41,
        "KILLA_SEARCH_METERS": 30,
        "KILLA_DEF_DIST_SQRT": 225,
        "KILLA_SEARCH_SEC_STOP_AFTER_COMING": 25,
        "KILLA_DIST_TO_GO_TO_SUPPRESS": 6,
        "KILLA_AFTER_GRENADE_SUPPRESS_DELAY": 2,
        "KILLA_CLOSEATTACK_TIMES": 3,
        "KILLA_CLOSEATTACK_DELAY": 10,
        "KILLA_HOLD_DELAY": 5,
        "KILLA_BULLET_TO_RELOAD": 15,
        "SHALL_WARN": false,
        "KOJANIY_DIST_WHEN_READY": 40,
        "KOJANIY_DIST_TO_BE_ENEMY": 200,
        "KOJANIY_MIN_DIST_TO_LOOT": 20,
        "KOJANIY_MIN_DIST_TO_LOOT_SQRT": 400,
        "KOJANIY_DIST_ENEMY_TOO_CLOSE": 17,
        "KOJANIY_MANY_ENEMIES_COEF": 1.5,
        "KILLA_ENEMIES_TO_ATTACK": 3,
        "KILLA_ONE_IS_CLOSE": 30,
        "KILLA_TRIGGER_DOWN_DELAY": 1,
        "KILLA_WAIT_IN_COVER_COEF": 1,
        "EFFECT_PAINKILLER": true
      },
      "Core": {
        "VisibleAngle": 160,
        "VisibleDistance": 142,
        "GainSightCoef": 0.1,
        "ScatteringPerMeter": 0.045,
        "ScatteringClosePerMeter": 0.12,
        "DamageCoeff": 1,
        "HearingSense": 2.9,
        "CanRun": true,
        "CanGrenade": true,
        "AimingType": "normal",
        "PistolFireDistancePref": 35,
        "ShotgunFireDistancePref": 50,
        "RifleFireDistancePref": 100,
        "AccuratySpeed": 0.2,
        "WaitInCoverBetweenShotsSec": 0.3
      },
      "Scattering": {
        "MinScatter": 0.03,
        "WorkingScatter": 0.15,
        "MaxScatter": 0.4,
        "SpeedUp": 0.3,
        "SpeedUpAim": 1.4,
        "SpeedDown": -0.3,
        "ToSlowBotSpeed": 1.5,
        "ToLowBotSpeed": 2.4,
        "ToUpBotSpeed": 3.6,
        "MovingSlowCoef": 1.5,
        "ToLowBotAngularSpeed": 80,
        "ToStopBotAngularSpeed": 40,
        "FromShot": 0.001,
        "TracerCoef": 1.3,
        "HandDamageScatteringMinMax": 0.7,
        "HandDamageAccuracySpeed": 1.3,
        "BloodFall": 1.45,
        "Caution": 0.3,
        "ToCaution": 0.6,
        "RecoilControlCoefShootDone": 0.0003,
        "RecoilControlCoefShootDoneAuto": 0.00015,
        "AMPLITUDE_FACTOR": 0.25,
        "AMPLITUDE_SPEED": 0.1,
        "DIST_FROM_OLD_POINT_TO_NOT_AIM": 15,
        "DIST_FROM_OLD_POINT_TO_NOT_AIM_SQRT": 225,
        "DIST_NOT_TO_SHOOT": 0.3,
        "PoseChnageCoef": 0.1,
        "LayFactor": 0.1,
        "RecoilYCoef": 0.0005,
        "RecoilYCoefSppedDown": -0.52,
        "RecoilYMax": 1
      }
    }
  },
  "chances": {
    "equipment": {
      "Headwear": 1,
      "Earpiece": 0,
      "FaceCover": 0,
      "ArmorVest": 0,
      "Eyewear": 0,
      "ArmBand": 0,
      "TacticalVest": 0,
      "Backpack": 0,
      "FirstPrimaryWeapon": 100,
      "SecondPrimaryWeapon": 0,
      "Holster": 100,
      "Scabbard": 100,
      "Pockets": 100,
      "SecuredContainer": 100
    },
    "weaponMods": {
      "mod_stock": 100,
      "mod_charge": 0,
      "mod_magazine": 100,
      "mod_muzzle": 100,
      "mod_reciever": 100,
      "mod_mount_000": 19,
      "mod_mount": 89,
      "mod_tactical_000": 0,
      "mod_tactical_001": 0,
      "mod_tactical_002": 0,
      "mod_scope": 0,
      "mod_tactical": 0,
      "mod_sight_rear": 59,
      "mod_sight_front": 49,
      "mod_mount_001": 67,
      "mod_mount_002": 100,
      "mod_foregrip": 20
    },
    "equipmentMods": {
      "mod_nvg": 100
    }
  },
  "generation": {
    "items": {
      "specialItems": {
        "weights": {
          "0": 1,
          "1": 0
        },
        "whitelist": []
      },
      "healing": {
        "weights": {
          "0": 1,
          "1": 2,
          "2": 1
        },
        "whitelist": []
      },
      "drugs": {
        "weights": {
          "0": 1,
          "1": 2,
          "2": 0
        },
        "whitelist": []
      },
      "stims": {
        "weights": {
          "0": 2,
          "1": 1,
          "2": 0
        },
        "whitelist": []
      },
      "food": {
        "weights": {
          "0": 10,
          "1": 5,
          "2": 2
        },
        "whitelist": []
      },
      "drink": {
        "weights": {
          "0": 10,
          "1": 5,
          "2": 2
        },
        "whitelist": []
      },
      "currency": {
        "weights": {
          "0": 20,
          "1": 5,
          "2": 1
        },
        "whitelist": []
      },
      "backpackLoot": {
        "weights": {
          "0": 1,
          "1": 1,
          "2": 2,
          "3": 1,
          "4": 1,
          "5": 1,
          "6": 1,
          "7": 0
        },
        "whitelist": []
      },
      "pocketLoot": {
        "weights": {
          "0": 1,
          "1": 6,
          "2": 3,
          "3": 1,
          "4": 1
        },
        "whitelist": []
      },
      "vestLoot": {
        "weights": {
          "0": 1,
          "1": 1,
          "2": 2,
          "3": 1,
          "4": 0,
          "5": 0,
          "6": 0
        },
        "whitelist": []
      },
      "magazines": {
        "weights": {
          "0": 0,
          "1": 0,
          "2": 1,
          "3": 3,
          "4": 1
        },
        "whitelist": []
      },
      "grenades": {
        "weights": {
          "0": 1,
          "1": 2,
          "2": 1,
          "3": 1,
          "4": 0,
          "5": 0
        },
        "whitelist": []
      }
    }
  }
}