{
  "items": [
    {
      "_id": "676d2437fea226f885066042",
      "_tpl": "544a5caa4bdc2d1a388b4568",
      "parentId": "hideout",
      "slotId": "hideout",
      "upd": {
        "UnlimitedCount": true,
        "StackObjectsCount": 9999999,
        "BuyRestrictionMax": 3,
        "BuyRestrictionCurrent": 0
      }
    },
    {
      "_id": "676d2437fea226f885066043",
      "_tpl": "6570e83223c1f638ef0b0ede",
      "parentId": "676d2437fea226f885066042",
      "slotId": "Soft_armor_front"
    },
    {
      "_id": "676d2437fea226f885066044",
      "_tpl": "6570e87c23c1f638ef0b0ee2",
      "parentId": "676d2437fea226f885066042",
      "slotId": "Soft_armor_back"
    },
    {
      "_id": "676d2437fea226f885066045",
      "_tpl": "6570e90b3a5689d85f08db97",
      "parentId": "676d2437fea226f885066042",
      "slotId": "Groin"
    },
    {
      "_id": "676d2437fea226f885066046",
      "_tpl": "656f9fa0498d1b7e3e071d98",
      "parentId": "676d2437fea226f885066042",
      "slotId": "Front_plate"
    },
    {
      "_id": "676d2437fea226f885066047",
      "_tpl": "656f9fa0498d1b7e3e071d98",
      "parentId": "676d2437fea226f885066042",
      "slotId": "Back_plate"
    },
    {
      "_id": "676d2437fea226f88506604a",
      "_tpl": "5648a69d4bdc2ded0b8b457b",
      "parentId": "hideout",
      "slotId": "hideout",
      "upd": {
        "UnlimitedCount": true,
        "StackObjectsCount": 9999999,
        "BuyRestrictionMax": 6,
        "BuyRestrictionCurrent": 0
      }
    },
    {
      "_id": "676d2437fea226f885066050",
      "_tpl": "5aa7e276e5b5b000171d0647",
      "parentId": "hideout",
      "slotId": "hideout",
      "upd": {
        "UnlimitedCount": true,
        "StackObjectsCount": 9999999,
        "BuyRestrictionMax": 1,
        "BuyRestrictionCurrent": 0
      }
    },
    {
      "_id": "676d2437fea226f885066051",
      "_tpl": "657bc06daab96fccee08be9b",
      "parentId": "676d2437fea226f885066050",
      "slotId": "Helmet_top"
    },
    {
      "_id": "676d2437fea226f885066052",
      "_tpl": "657bc0d8a1c61ee0c303632f",
      "parentId": "676d2437fea226f885066050",
      "slotId": "Helmet_back"
    },
    {
      "_id": "676d2437fea226f885066053",
      "_tpl": "657bc107aab96fccee08be9f",
      "parentId": "676d2437fea226f885066050",
      "slotId": "Helmet_ears"
    },
    {
      "_id": "676d2437fea226f885066056",
      "_tpl": "545cdae64bdc2d39198b4568",
      "parentId": "hideout",
      "slotId": "hideout",
      "upd": {
        "UnlimitedCount": true,
        "StackObjectsCount": 9999999,
        "BuyRestrictionMax": 3,
        "BuyRestrictionCurrent": 0
      }
    },
    {
      "_id": "676d2437fea226f88506605c",
      "_tpl": "5aa7e4a4e5b5b000137b76f2",
      "parentId": "hideout",
      "slotId": "hideout",
      "upd": {
        "UnlimitedCount": true,
        "StackObjectsCount": 9999999,
        "BuyRestrictionMax": 1,
        "BuyRestrictionCurrent": 0
      }
    },
    {
      "_id": "676d2437fea226f88506605d",
      "_tpl": "657f925dada5fadd1f07a57a",
      "parentId": "676d2437fea226f88506605c",
      "slotId": "Helmet_top"
    },
    {
      "_id": "676d2437fea226f88506605e",
      "_tpl": "657f92acada5fadd1f07a57e",
      "parentId": "676d2437fea226f88506605c",
      "slotId": "Helmet_back"
    },
    {
      "_id": "676d2437fea226f88506605f",
      "_tpl": "657f92e7f4c82973640b2354",
      "parentId": "676d2437fea226f88506605c",
      "slotId": "Helmet_ears"
    },
    {
      "_id": "676d2437fea226f885066062",
      "_tpl": "5645bcc04bdc2d363b8b4572",
      "parentId": "hideout",
      "slotId": "hideout",
      "upd": {
        "UnlimitedCount": true,
        "StackObjectsCount": 9999999,
        "BuyRestrictionMax": 8,
        "BuyRestrictionCurrent": 0
      }
    },
    {
      "_id": "676d2437fea226f885066068",
      "_tpl": "5aa7e454e5b5b0214e506fa2",
      "parentId": "hideout",
      "slotId": "hideout",
      "upd": {
        "UnlimitedCount": true,
        "StackObjectsCount": 9999999,
        "BuyRestrictionMax": 4,
        "BuyRestrictionCurrent": 0
      }
    },
    {
      "_id": "676d2437fea226f885066069",
      "_tpl": "657f925dada5fadd1f07a57a",
      "parentId": "676d2437fea226f885066068",
      "slotId": "Helmet_top"
    },
    {
      "_id": "676d2437fea226f88506606a",
      "_tpl": "657f92acada5fadd1f07a57e",
      "parentId": "676d2437fea226f885066068",
      "slotId": "Helmet_back"
    },
    {
      "_id": "676d2437fea226f88506606b",
      "_tpl": "657f92e7f4c82973640b2354",
      "parentId": "676d2437fea226f885066068",
      "slotId": "Helmet_ears"
    },
    {
      "_id": "676d2437fea226f88506606e",
      "_tpl": "5ab8ebf186f7742d8b372e80",
      "parentId": "hideout",
      "slotId": "hideout",
      "upd": {
        "UnlimitedCount": true,
        "StackObjectsCount": 9999999,
        "BuyRestrictionMax": 1,
        "BuyRestrictionCurrent": 0
      }
    },
    {
      "_id": "676d2437fea226f885066071",
      "_tpl": "59e7643b86f7742cbf2c109a",
      "parentId": "hideout",
      "slotId": "hideout",
      "upd": {
        "UnlimitedCount": true,
        "StackObjectsCount": 9999999,
        "BuyRestrictionMax": 4,
        "BuyRestrictionCurrent": 0
      }
    },
    {
      "_id": "676d2437fea226f885066074",
      "_tpl": "544a5cde4bdc2d39388b456b",
      "parentId": "hideout",
      "slotId": "hideout",
      "upd": {
        "UnlimitedCount": true,
        "StackObjectsCount": 9999999,
        "BuyRestrictionMax": 8,
        "BuyRestrictionCurrent": 0
      }
    },
    {
      "_id": "676d2437fea226f88506607a",
      "_tpl": "59e7711e86f7746cae05fbe1",
      "parentId": "hideout",
      "slotId": "hideout",
      "upd": {
        "UnlimitedCount": true,
        "StackObjectsCount": 9999999,
        "BuyRestrictionMax": 5,
        "BuyRestrictionCurrent": 0
      }
    },
    {
      "_id": "676d2437fea226f88506607b",
      "_tpl": "657ba50c23918923cb0df56c",
      "parentId": "676d2437fea226f88506607a",
      "slotId": "Helmet_top"
    },
    {
      "_id": "676d2437fea226f88506607c",
      "_tpl": "657ba5439ba22f103e08139f",
      "parentId": "676d2437fea226f88506607a",
      "slotId": "Helmet_back"
    },
    {
      "_id": "676d2437fea226f88506607d",
      "_tpl": "657ba57af58ba5a62501079e",
      "parentId": "676d2437fea226f88506607a",
      "slotId": "Helmet_ears"
    },
    {
      "_id": "676d2437fea226f885066080",
      "_tpl": "557ff21e4bdc2d89578b4586",
      "parentId": "hideout",
      "slotId": "hideout",
      "upd": {
        "UnlimitedCount": true,
        "StackObjectsCount": 9999999,
        "BuyRestrictionMax": 5,
        "BuyRestrictionCurrent": 0
      }
    },
    {
      "_id": "676d2437fea226f885066086",
      "_tpl": "5645bc214bdc2d363b8b4571",
      "parentId": "hideout",
      "slotId": "hideout",
      "upd": {
        "UnlimitedCount": true,
        "StackObjectsCount": 9999999,
        "BuyRestrictionMax": 10,
        "BuyRestrictionCurrent": 0
      }
    },
    {
      "_id": "676d2437fea226f885066087",
      "_tpl": "657bae18b7e9ca9a02045c0a",
      "parentId": "676d2437fea226f885066086",
      "slotId": "Helmet_top"
    },
    {
      "_id": "676d2437fea226f885066088",
      "_tpl": "657baeaacfcf63c951052db3",
      "parentId": "676d2437fea226f885066086",
      "slotId": "Helmet_back"
    },
    {
      "_id": "676d2437fea226f885066089",
      "_tpl": "657baecbc6f689d3a205b863",
      "parentId": "676d2437fea226f885066086",
      "slotId": "Helmet_ears"
    },
    {
      "_id": "676d2437fea226f88506608c",
      "_tpl": "592c2d1a86f7746dbe2af32a",
      "parentId": "hideout",
      "slotId": "hideout",
      "upd": {
        "UnlimitedCount": true,
        "StackObjectsCount": 9999999,
        "BuyRestrictionMax": "3",
        "BuyRestrictionCurrent": 0
      }
    },
    {
      "_id": "676d2437fea226f885066092",
      "_tpl": "5aa7cfc0e5b5b00015693143",
      "parentId": "hideout",
      "slotId": "hideout",
      "upd": {
        "UnlimitedCount": true,
        "StackObjectsCount": 9999999,
        "BuyRestrictionMax": 5,
        "BuyRestrictionCurrent": 0
      }
    },
    {
      "_id": "676d2437fea226f885066093",
      "_tpl": "657baaf0b7e9ca9a02045c02",
      "parentId": "676d2437fea226f885066092",
      "slotId": "Helmet_top"
    },
    {
      "_id": "676d2437fea226f885066094",
      "_tpl": "657bab6ec6f689d3a205b85f",
      "parentId": "676d2437fea226f885066092",
      "slotId": "Helmet_back"
    },
    {
      "_id": "676d2437fea226f885066095",
      "_tpl": "657babc6f58ba5a6250107a2",
      "parentId": "676d2437fea226f885066092",
      "slotId": "Helmet_ears"
    },
    {
      "_id": "676d2437fea226f88506609c",
      "_tpl": "5648a7494bdc2d9d488b4583",
      "parentId": "hideout",
      "slotId": "hideout",
      "upd": {
        "UnlimitedCount": true,
        "StackObjectsCount": 9999999,
        "BuyRestrictionMax": 10,
        "BuyRestrictionCurrent": 0
      }
    },
    {
      "_id": "676d2437fea226f88506609d",
      "_tpl": "65703d866584602f7d057a8a",
      "parentId": "676d2437fea226f88506609c",
      "slotId": "Soft_armor_front"
    },
    {
      "_id": "676d2437fea226f88506609e",
      "_tpl": "65703fa06584602f7d057a8e",
      "parentId": "676d2437fea226f88506609c",
      "slotId": "Soft_armor_back"
    },
    {
      "_id": "676d2437fea226f88506609f",
      "_tpl": "65703fe46a912c8b5c03468b",
      "parentId": "676d2437fea226f88506609c",
      "slotId": "Soft_armor_left"
    },
    {
      "_id": "676d2437fea226f8850660a0",
      "_tpl": "657040374e67e8ec7a0d261c",
      "parentId": "676d2437fea226f88506609c",
      "slotId": "soft_armor_right"
    },
    {
      "_id": "676d2437fea226f8850660a3",
      "_tpl": "5929a2a086f7744f4b234d43",
      "parentId": "hideout",
      "slotId": "hideout",
      "upd": {
        "UnlimitedCount": true,
        "StackObjectsCount": 9999999,
        "BuyRestrictionMax": 6,
        "BuyRestrictionCurrent": 0
      }
    },
    {
      "_id": "676d2437fea226f8850660a6",
      "_tpl": "5ab8f04f86f774585f4237d8",
      "parentId": "hideout",
      "slotId": "hideout",
      "upd": {
        "UnlimitedCount": true,
        "StackObjectsCount": 9999999,
        "BuyRestrictionMax": 10,
        "BuyRestrictionCurrent": 0
      }
    },
    {
      "_id": "676d2437fea226f8850660a9",
      "_tpl": "5aa2a7e8e5b5b00016327c16",
      "parentId": "hideout",
      "slotId": "hideout",
      "upd": {
        "UnlimitedCount": true,
        "StackObjectsCount": 9999999,
        "BuyRestrictionMax": "10",
        "BuyRestrictionCurrent": 0
      }
    },
    {
      "_id": "676d2437fea226f8850660ac",
      "_tpl": "5aa2ba19e5b5b00014028f4e",
      "parentId": "hideout",
      "slotId": "hideout",
      "upd": {
        "UnlimitedCount": true,
        "StackObjectsCount": 9999999,
        "BuyRestrictionMax": 10,
        "BuyRestrictionCurrent": 0
      }
    },
    {
      "_id": "676d2438fea226f8850660af",
      "_tpl": "5b432b2f5acfc4771e1c6622",
      "parentId": "hideout",
      "slotId": "hideout",
      "upd": {
        "UnlimitedCount": true,
        "StackObjectsCount": 9999999,
        "BuyRestrictionMax": 7,
        "BuyRestrictionCurrent": 0
      }
    },
    {
      "_id": "676d2438fea226f8850660b2",
      "_tpl": "5b3f3b0e86f7746752107cda",
      "parentId": "hideout",
      "slotId": "hideout",
      "upd": {
        "UnlimitedCount": true,
        "StackObjectsCount": 9999999,
        "BuyRestrictionMax": "1",
        "BuyRestrictionCurrent": 0
      }
    },
    {
      "_id": "676d2438fea226f8850660b5",
      "_tpl": "5b3f3af486f774679e752c1f",
      "parentId": "hideout",
      "slotId": "hideout",
      "upd": {
        "UnlimitedCount": true,
        "StackObjectsCount": 9999999,
        "BuyRestrictionMax": "1",
        "BuyRestrictionCurrent": 0
      }
    },
    {
      "_id": "676d2438fea226f8850660b8",
      "_tpl": "5b44c8ea86f7742d1627baf1",
      "parentId": "hideout",
      "slotId": "hideout",
      "upd": {
        "UnlimitedCount": true,
        "StackObjectsCount": 9999999,
        "BuyRestrictionMax": 5,
        "BuyRestrictionCurrent": 0
      }
    },
    {
      "_id": "676d2438fea226f8850660bb",
      "_tpl": "5ca2113f86f7740b2547e1d2",
      "parentId": "hideout",
      "slotId": "hideout",
      "upd": {
        "UnlimitedCount": true,
        "StackObjectsCount": 9999999,
        "BuyRestrictionMax": 1,
        "BuyRestrictionCurrent": 0
      }
    },
    {
      "_id": "676d2438fea226f8850660be",
      "_tpl": "592c2d1a86f7746dbe2af32a",
      "parentId": "hideout",
      "slotId": "hideout",
      "upd": {
        "UnlimitedCount": true,
        "StackObjectsCount": 9999999,
        "BuyRestrictionMax": 1,
        "BuyRestrictionCurrent": 0
      }
    },
    {
      "_id": "676d2438fea226f8850660c4",
      "_tpl": "5ca20ee186f774799474abc2",
      "parentId": "hideout",
      "slotId": "hideout",
      "upd": {
        "UnlimitedCount": true,
        "StackObjectsCount": 9999999,
        "BuyRestrictionMax": 1,
        "BuyRestrictionCurrent": 0
      }
    },
    {
      "_id": "676d2438fea226f8850660c5",
      "_tpl": "657bbe73a1c61ee0c303632b",
      "parentId": "676d2438fea226f8850660c4",
      "slotId": "Helmet_top"
    },
    {
      "_id": "676d2438fea226f8850660c6",
      "_tpl": "657bbed0aab96fccee08be96",
      "parentId": "676d2438fea226f8850660c4",
      "slotId": "Helmet_back"
    },
    {
      "_id": "676d2438fea226f8850660c7",
      "_tpl": "657bbefeb30eca9763051189",
      "parentId": "676d2438fea226f8850660c4",
      "slotId": "Helmet_ears"
    },
    {
      "_id": "676d2438fea226f8850660ca",
      "_tpl": "5ab8f39486f7745cd93a1cca",
      "parentId": "hideout",
      "slotId": "hideout",
      "upd": {
        "UnlimitedCount": true,
        "StackObjectsCount": 9999999,
        "BuyRestrictionMax": 4,
        "BuyRestrictionCurrent": 0
      }
    },
    {
      "_id": "676d2438fea226f8850660d3",
      "_tpl": "5ab8dced86f774646209ec87",
      "parentId": "hideout",
      "slotId": "hideout",
      "upd": {
        "UnlimitedCount": true,
        "StackObjectsCount": 9999999,
        "BuyRestrictionMax": "3",
        "BuyRestrictionCurrent": 0
      }
    },
    {
      "_id": "676d2438fea226f8850660d4",
      "_tpl": "6570f6e774d84423df065f21",
      "parentId": "676d2438fea226f8850660d3",
      "slotId": "Soft_armor_front"
    },
    {
      "_id": "676d2438fea226f8850660d5",
      "_tpl": "6570f71dd67d0309980a7af8",
      "parentId": "676d2438fea226f8850660d3",
      "slotId": "Soft_armor_back"
    },
    {
      "_id": "676d2438fea226f8850660d6",
      "_tpl": "6570f74774d84423df065f25",
      "parentId": "676d2438fea226f8850660d3",
      "slotId": "Soft_armor_left"
    },
    {
      "_id": "676d2438fea226f8850660d7",
      "_tpl": "6570f79c4c65ab77a6015121",
      "parentId": "676d2438fea226f8850660d3",
      "slotId": "soft_armor_right"
    },
    {
      "_id": "676d2438fea226f8850660d8",
      "_tpl": "656fa25e94b480b8a500c0e0",
      "parentId": "676d2438fea226f8850660d3",
      "slotId": "Front_plate"
    },
    {
      "_id": "676d2438fea226f8850660d9",
      "_tpl": "656fa25e94b480b8a500c0e0",
      "parentId": "676d2438fea226f8850660d3",
      "slotId": "Back_plate"
    },
    {
      "_id": "676d2438fea226f8850660dc",
      "_tpl": "5ac4c50d5acfc40019262e87",
      "parentId": "hideout",
      "slotId": "hideout",
      "upd": {
        "UnlimitedCount": true,
        "StackObjectsCount": 9999999,
        "BuyRestrictionMax": 3,
        "BuyRestrictionCurrent": 0
      }
    },
    {
      "_id": "676d2438fea226f8850660df",
      "_tpl": "5b46238386f7741a693bcf9c",
      "parentId": "hideout",
      "slotId": "hideout",
      "upd": {
        "UnlimitedCount": true,
        "StackObjectsCount": 9999999,
        "BuyRestrictionMax": 4,
        "BuyRestrictionCurrent": 0
      }
    },
    {
      "_id": "676d2438fea226f8850660e5",
      "_tpl": "5aa7d03ae5b5b00016327db5",
      "parentId": "hideout",
      "slotId": "hideout",
      "upd": {
        "UnlimitedCount": true,
        "StackObjectsCount": 9999999,
        "BuyRestrictionMax": 3,
        "BuyRestrictionCurrent": 0
      }
    },
    {
      "_id": "676d2438fea226f8850660e6",
      "_tpl": "654a90aff4f81a421b0a7c86",
      "parentId": "676d2438fea226f8850660e5",
      "slotId": "helmet_top"
    },
    {
      "_id": "676d2438fea226f8850660e7",
      "_tpl": "654a91068e1ce698150fd1e2",
      "parentId": "676d2438fea226f8850660e5",
      "slotId": "helmet_back"
    },
    {
      "_id": "676d2438fea226f8850660e8",
      "_tpl": "654a9189bcc67a392b056c79",
      "parentId": "676d2438fea226f8850660e5",
      "slotId": "helmet_ears"
    },
    {
      "_id": "676d2438fea226f8850660eb",
      "_tpl": "5a16b672fcdbcb001912fa83",
      "parentId": "hideout",
      "slotId": "hideout",
      "upd": {
        "UnlimitedCount": true,
        "StackObjectsCount": 9999999,
        "BuyRestrictionMax": 3,
        "BuyRestrictionCurrent": 0
      }
    },
    {
      "_id": "676d2438fea226f8850660ee",
      "_tpl": "5bffe7930db834001b734a39",
      "parentId": "hideout",
      "slotId": "hideout",
      "upd": {
        "UnlimitedCount": true,
        "StackObjectsCount": 9999999,
        "BuyRestrictionMax": 1,
        "BuyRestrictionCurrent": 0
      }
    },
    {
      "_id": "676d2438fea226f8850660f1",
      "_tpl": "572b7f1624597762ae139822",
      "parentId": "hideout",
      "slotId": "hideout",
      "upd": {
        "UnlimitedCount": true,
        "StackObjectsCount": 9999999,
        "BuyRestrictionMax": "10",
        "BuyRestrictionCurrent": 0
      }
    },
    {
      "_id": "676d2438fea226f8850660f6",
      "_tpl": "5b40e4035acfc47a87740943",
      "parentId": "hideout",
      "slotId": "hideout",
      "upd": {
        "UnlimitedCount": true,
        "StackObjectsCount": 9999999,
        "BuyRestrictionMax": 3,
        "BuyRestrictionCurrent": 0
      }
    },
    {
      "_id": "676d2438fea226f8850660f7",
      "_tpl": "657f95bff92cd718b701550c",
      "parentId": "676d2438fea226f8850660f6",
      "slotId": "Helmet_top"
    },
    {
      "_id": "676d2438fea226f8850660f8",
      "_tpl": "657f9605f4c82973640b2358",
      "parentId": "676d2438fea226f8850660f6",
      "slotId": "Helmet_back"
    },
    {
      "_id": "676d2438fea226f885066102",
      "_tpl": "5b44d22286f774172b0c9de8",
      "parentId": "hideout",
      "slotId": "hideout",
      "upd": {
        "UnlimitedCount": true,
        "StackObjectsCount": 9999999,
        "BuyRestrictionMax": 3,
        "BuyRestrictionCurrent": 0
      }
    },
    {
      "_id": "676d2438fea226f885066103",
      "_tpl": "65704de13e7bba58ea0285c8",
      "parentId": "676d2438fea226f885066102",
      "slotId": "Soft_armor_front"
    },
    {
      "_id": "676d2438fea226f885066104",
      "_tpl": "65705c3c14f2ed6d7d0b7738",
      "parentId": "676d2438fea226f885066102",
      "slotId": "Soft_armor_back"
    },
    {
      "_id": "676d2438fea226f885066105",
      "_tpl": "65705c777260e1139e091408",
      "parentId": "676d2438fea226f885066102",
      "slotId": "Soft_armor_left"
    },
    {
      "_id": "676d2438fea226f885066106",
      "_tpl": "65705cb314f2ed6d7d0b773c",
      "parentId": "676d2438fea226f885066102",
      "slotId": "soft_armor_right"
    },
    {
      "_id": "676d2438fea226f885066107",
      "_tpl": "65705cea4916448ae1050897",
      "parentId": "676d2438fea226f885066102",
      "slotId": "Collar"
    },
    {
      "_id": "676d2438fea226f885066108",
      "_tpl": "656f9d5900d62bcd2e02407c",
      "parentId": "676d2438fea226f885066102",
      "slotId": "Front_plate"
    },
    {
      "_id": "676d2438fea226f885066109",
      "_tpl": "656f9d5900d62bcd2e02407c",
      "parentId": "676d2438fea226f885066102",
      "slotId": "Back_plate"
    },
    {
      "_id": "676d2438fea226f88506610c",
      "_tpl": "5aa7e373e5b5b000137b76f0",
      "parentId": "hideout",
      "slotId": "hideout",
      "upd": {
        "UnlimitedCount": true,
        "StackObjectsCount": 9999999,
        "BuyRestrictionMax": 3,
        "BuyRestrictionCurrent": 0
      }
    },
    {
      "_id": "676d2438fea226f885066112",
      "_tpl": "5c06c6a80db834001b735491",
      "parentId": "hideout",
      "slotId": "hideout",
      "upd": {
        "UnlimitedCount": true,
        "StackObjectsCount": 9999999,
        "BuyRestrictionMax": 10,
        "BuyRestrictionCurrent": 0
      }
    },
    {
      "_id": "676d2438fea226f885066113",
      "_tpl": "6571199565daf6aa960c9b10",
      "parentId": "676d2438fea226f885066112",
      "slotId": "Helmet_top"
    },
    {
      "_id": "676d2438fea226f885066114",
      "_tpl": "657119d49eb8c145180dbb95",
      "parentId": "676d2438fea226f885066112",
      "slotId": "Helmet_back"
    },
    {
      "_id": "676d2438fea226f885066115",
      "_tpl": "657119fea330b8c9060f7afc",
      "parentId": "676d2438fea226f885066112",
      "slotId": "Helmet_ears"
    },
    {
      "_id": "676d2438fea226f885066118",
      "_tpl": "5aa2ba71e5b5b000137b758f",
      "parentId": "hideout",
      "slotId": "hideout",
      "upd": {
        "UnlimitedCount": true,
        "StackObjectsCount": 9999999,
        "BuyRestrictionMax": 4,
        "BuyRestrictionCurrent": 0
      }
    },
    {
      "_id": "676d2438fea226f88506611b",
      "_tpl": "5aa7e3abe5b5b000171d064d",
      "parentId": "hideout",
      "slotId": "hideout",
      "upd": {
        "UnlimitedCount": true,
        "StackObjectsCount": 9999999,
        "BuyRestrictionMax": 3,
        "BuyRestrictionCurrent": 0
      }
    },
    {
      "_id": "676d2438fea226f88506612b",
      "_tpl": "5ca21c6986f77479963115a7",
      "parentId": "hideout",
      "slotId": "hideout",
      "upd": {
        "UnlimitedCount": true,
        "StackObjectsCount": 9999999,
        "BuyRestrictionMax": 1,
        "BuyRestrictionCurrent": 0
      }
    },
    {
      "_id": "676d2438fea226f88506612c",
      "_tpl": "6575d9a79e27f4a85e08112d",
      "parentId": "676d2438fea226f88506612b",
      "slotId": "Soft_armor_front"
    },
    {
      "_id": "676d2438fea226f88506612d",
      "_tpl": "6575d9b8945bf78edd04c427",
      "parentId": "676d2438fea226f88506612b",
      "slotId": "Soft_armor_back"
    },
    {
      "_id": "676d2438fea226f88506612e",
      "_tpl": "6575d9c40546f8b1de093dee",
      "parentId": "676d2438fea226f88506612b",
      "slotId": "Soft_armor_left"
    },
    {
      "_id": "676d2438fea226f88506612f",
      "_tpl": "6575d9cf0546f8b1de093df2",
      "parentId": "676d2438fea226f88506612b",
      "slotId": "soft_armor_right"
    },
    {
      "_id": "676d2438fea226f885066130",
      "_tpl": "6575d9d8945bf78edd04c42b",
      "parentId": "676d2438fea226f88506612b",
      "slotId": "Collar"
    },
    {
      "_id": "676d2438fea226f885066131",
      "_tpl": "6575da07945bf78edd04c433",
      "parentId": "676d2438fea226f88506612b",
      "slotId": "Shoulder_l"
    },
    {
      "_id": "676d2438fea226f885066132",
      "_tpl": "6575da159e27f4a85e081131",
      "parentId": "676d2438fea226f88506612b",
      "slotId": "Shoulder_r"
    },
    {
      "_id": "676d2438fea226f885066133",
      "_tpl": "6575d9e7945bf78edd04c42f",
      "parentId": "676d2438fea226f88506612b",
      "slotId": "Groin"
    },
    {
      "_id": "676d2438fea226f885066134",
      "_tpl": "6575d9f816c2762fba00588d",
      "parentId": "676d2438fea226f88506612b",
      "slotId": "Groin_back"
    },
    {
      "_id": "676d2438fea226f885066135",
      "_tpl": "65573fa5655447403702a816",
      "parentId": "676d2438fea226f88506612b",
      "slotId": "Front_plate"
    },
    {
      "_id": "676d2438fea226f885066136",
      "_tpl": "65573fa5655447403702a816",
      "parentId": "676d2438fea226f88506612b",
      "slotId": "Back_plate"
    },
    {
      "_id": "676d2438fea226f885066137",
      "_tpl": "64afd81707e2cf40e903a316",
      "parentId": "676d2438fea226f88506612b",
      "slotId": "Left_side_plate"
    },
    {
      "_id": "676d2438fea226f885066138",
      "_tpl": "64afd81707e2cf40e903a316",
      "parentId": "676d2438fea226f88506612b",
      "slotId": "Right_side_plate"
    },
    {
      "_id": "676d2438fea226f88506613b",
      "_tpl": "5aa2b9ede5b5b000137b758b",
      "parentId": "hideout",
      "slotId": "hideout",
      "upd": {
        "UnlimitedCount": true,
        "StackObjectsCount": 9999999,
        "BuyRestrictionMax": 3,
        "BuyRestrictionCurrent": 0
      }
    },
    {
      "_id": "676d2438fea226f88506613e",
      "_tpl": "5b40e61f5acfc4001a599bec",
      "parentId": "hideout",
      "slotId": "hideout",
      "upd": {
        "UnlimitedCount": true,
        "StackObjectsCount": 9999999,
        "BuyRestrictionMax": 10,
        "BuyRestrictionCurrent": 0
      }
    },
    {
      "_id": "676d2438fea226f885066149",
      "_tpl": "5c0e5bab86f77461f55ed1f3",
      "parentId": "hideout",
      "slotId": "hideout",
      "upd": {
        "UnlimitedCount": true,
        "StackObjectsCount": 9999999,
        "BuyRestrictionMax": 3,
        "BuyRestrictionCurrent": 0
      }
    },
    {
      "_id": "676d2438fea226f88506614a",
      "_tpl": "6571b27a6d84a2b8b6007f92",
      "parentId": "676d2438fea226f885066149",
      "slotId": "Soft_armor_front"
    },
    {
      "_id": "676d2438fea226f88506614b",
      "_tpl": "6571baa74cb80d995d0a1490",
      "parentId": "676d2438fea226f885066149",
      "slotId": "Soft_armor_back"
    },
    {
      "_id": "676d2438fea226f88506614c",
      "_tpl": "6571baac6d84a2b8b6007fa3",
      "parentId": "676d2438fea226f885066149",
      "slotId": "Soft_armor_left"
    },
    {
      "_id": "676d2438fea226f88506614d",
      "_tpl": "6571bab0f41985531a038091",
      "parentId": "676d2438fea226f885066149",
      "slotId": "soft_armor_right"
    },
    {
      "_id": "676d2438fea226f88506614e",
      "_tpl": "6571babb4076795e5e07383f",
      "parentId": "676d2438fea226f885066149",
      "slotId": "Collar"
    },
    {
      "_id": "676d2438fea226f88506614f",
      "_tpl": "6571bac34076795e5e073843",
      "parentId": "676d2438fea226f885066149",
      "slotId": "Groin"
    },
    {
      "_id": "676d2438fea226f885066150",
      "_tpl": "6571babf4cb80d995d0a1494",
      "parentId": "676d2438fea226f885066149",
      "slotId": "Groin_back"
    },
    {
      "_id": "676d2438fea226f885066151",
      "_tpl": "654a4dea7c17dec2f50cc86a",
      "parentId": "676d2438fea226f885066149",
      "slotId": "Front_plate"
    },
    {
      "_id": "676d2438fea226f885066154",
      "_tpl": "5ab8f85d86f7745cd93a1cf5",
      "parentId": "hideout",
      "slotId": "hideout",
      "upd": {
        "UnlimitedCount": true,
        "StackObjectsCount": 9999999,
        "BuyRestrictionMax": 10,
        "BuyRestrictionCurrent": 0
      }
    },
    {
      "_id": "676d2438fea226f885066162",
      "_tpl": "5b44cf1486f77431723e3d05",
      "parentId": "hideout",
      "slotId": "hideout",
      "upd": {
        "UnlimitedCount": true,
        "StackObjectsCount": 9999999,
        "BuyRestrictionMax": 1,
        "BuyRestrictionCurrent": 0
      }
    },
    {
      "_id": "676d2438fea226f885066163",
      "_tpl": "6575c3b3dc9932aed601c5f4",
      "parentId": "676d2438fea226f885066162",
      "slotId": "Soft_armor_front"
    },
    {
      "_id": "676d2438fea226f885066164",
      "_tpl": "6575c3beefc786cd9101a5ed",
      "parentId": "676d2438fea226f885066162",
      "slotId": "Soft_armor_back"
    },
    {
      "_id": "676d2438fea226f885066165",
      "_tpl": "6575c3cdc6700bd6b40e8a90",
      "parentId": "676d2438fea226f885066162",
      "slotId": "Soft_armor_left"
    },
    {
      "_id": "676d2438fea226f885066166",
      "_tpl": "6575c3dfdc9932aed601c5f8",
      "parentId": "676d2438fea226f885066162",
      "slotId": "soft_armor_right"
    },
    {
      "_id": "676d2438fea226f885066167",
      "_tpl": "6575c3ec52b7f8c76a05ee39",
      "parentId": "676d2438fea226f885066162",
      "slotId": "Collar"
    },
    {
      "_id": "676d2438fea226f885066168",
      "_tpl": "6575c3fd52b7f8c76a05ee3d",
      "parentId": "676d2438fea226f885066162",
      "slotId": "Shoulder_l"
    },
    {
      "_id": "676d2438fea226f885066169",
      "_tpl": "6575c40c52b7f8c76a05ee41",
      "parentId": "676d2438fea226f885066162",
      "slotId": "Shoulder_r"
    },
    {
      "_id": "676d2438fea226f88506616a",
      "_tpl": "656fa8d700d62bcd2e024084",
      "parentId": "676d2438fea226f885066162",
      "slotId": "Front_plate"
    },
    {
      "_id": "676d2438fea226f88506616b",
      "_tpl": "656fa8d700d62bcd2e024084",
      "parentId": "676d2438fea226f885066162",
      "slotId": "Back_plate"
    },
    {
      "_id": "676d2438fea226f88506616c",
      "_tpl": "6557458f83942d705f0c4962",
      "parentId": "676d2438fea226f885066162",
      "slotId": "Left_side_plate"
    },
    {
      "_id": "676d2438fea226f88506616d",
      "_tpl": "6557458f83942d705f0c4962",
      "parentId": "676d2438fea226f885066162",
      "slotId": "Right_side_plate"
    },
    {
      "_id": "676d2438fea226f885066170",
      "_tpl": "5b432b6c5acfc4001a599bf0",
      "parentId": "hideout",
      "slotId": "hideout",
      "upd": {
        "UnlimitedCount": true,
        "StackObjectsCount": 9999999,
        "BuyRestrictionMax": 10,
        "BuyRestrictionCurrent": 0
      }
    },
    {
      "_id": "676d2439fea226f885066175",
      "_tpl": "5b432d215acfc4771e1c6624",
      "parentId": "hideout",
      "slotId": "hideout",
      "upd": {
        "UnlimitedCount": true,
        "StackObjectsCount": 9999999,
        "BuyRestrictionMax": 4,
        "BuyRestrictionCurrent": 0
      }
    },
    {
      "_id": "676d2439fea226f885066176",
      "_tpl": "657bb92fa1c61ee0c303631f",
      "parentId": "676d2439fea226f885066175",
      "slotId": "Helmet_top"
    },
    {
      "_id": "676d2439fea226f885066177",
      "_tpl": "657bb99db30eca976305117f",
      "parentId": "676d2439fea226f885066175",
      "slotId": "Helmet_back"
    },
    {
      "_id": "676d2439fea226f885066182",
      "_tpl": "5c0e51be86f774598e797894",
      "parentId": "hideout",
      "slotId": "hideout",
      "upd": {
        "UnlimitedCount": true,
        "StackObjectsCount": 9999999,
        "BuyRestrictionMax": 2,
        "BuyRestrictionCurrent": 0
      }
    },
    {
      "_id": "676d2439fea226f885066183",
      "_tpl": "654a8b0b0337d53f9102c2ae",
      "parentId": "676d2439fea226f885066182",
      "slotId": "Soft_armor_front"
    },
    {
      "_id": "676d2439fea226f885066184",
      "_tpl": "654a8976f414fcea4004d78b",
      "parentId": "676d2439fea226f885066182",
      "slotId": "Soft_armor_back"
    },
    {
      "_id": "676d2439fea226f885066185",
      "_tpl": "654a8b3df414fcea4004d78f",
      "parentId": "676d2439fea226f885066182",
      "slotId": "Soft_armor_left"
    },
    {
      "_id": "676d2439fea226f885066186",
      "_tpl": "654a8b80f414fcea4004d797",
      "parentId": "676d2439fea226f885066182",
      "slotId": "soft_armor_right"
    },
    {
      "_id": "676d2439fea226f885066187",
      "_tpl": "654a8ae00337d53f9102c2aa",
      "parentId": "676d2439fea226f885066182",
      "slotId": "Collar"
    },
    {
      "_id": "676d2439fea226f885066188",
      "_tpl": "654a8bc5f414fcea4004d79b",
      "parentId": "676d2439fea226f885066182",
      "slotId": "Groin"
    },
    {
      "_id": "676d2439fea226f885066189",
      "_tpl": "656f603f94b480b8a500c0d6",
      "parentId": "676d2439fea226f885066182",
      "slotId": "Front_plate"
    },
    {
      "_id": "676d2439fea226f88506618a",
      "_tpl": "656efd66034e8e01c407f35c",
      "parentId": "676d2439fea226f885066182",
      "slotId": "Back_plate"
    },
    {
      "_id": "676d2439fea226f885066191",
      "_tpl": "5c0e746986f7741453628fe5",
      "parentId": "hideout",
      "slotId": "hideout",
      "upd": {
        "UnlimitedCount": true,
        "StackObjectsCount": 9999999,
        "BuyRestrictionMax": 2,
        "BuyRestrictionCurrent": 0
      }
    },
    {
      "_id": "676d2439fea226f885066192",
      "_tpl": "6570df294cc0d2ab1e05ed74",
      "parentId": "676d2439fea226f885066191",
      "slotId": "Soft_armor_front"
    },
    {
      "_id": "676d2439fea226f885066193",
      "_tpl": "6570df9c615f54368b04fca9",
      "parentId": "676d2439fea226f885066191",
      "slotId": "Soft_armor_back"
    },
    {
      "_id": "676d2439fea226f885066194",
      "_tpl": "656fa0fb498d1b7e3e071d9c",
      "parentId": "676d2439fea226f885066191",
      "slotId": "Front_plate"
    },
    {
      "_id": "676d2439fea226f885066195",
      "_tpl": "656fa0fb498d1b7e3e071d9c",
      "parentId": "676d2439fea226f885066191",
      "slotId": "Back_plate"
    },
    {
      "_id": "676d2439fea226f885066198",
      "_tpl": "5aa7e373e5b5b000137b76f0",
      "parentId": "hideout",
      "slotId": "hideout",
      "upd": {
        "UnlimitedCount": true,
        "StackObjectsCount": 9999999,
        "BuyRestrictionMax": 3,
        "BuyRestrictionCurrent": 0
      }
    },
    {
      "_id": "676d2439fea226f88506619b",
      "_tpl": "5c0e6a1586f77404597b4965",
      "parentId": "hideout",
      "slotId": "hideout",
      "upd": {
        "UnlimitedCount": true,
        "StackObjectsCount": 9999999,
        "BuyRestrictionMax": "3",
        "BuyRestrictionCurrent": 0
      }
    },
    {
      "_id": "676d2439fea226f88506619e",
      "_tpl": "5ab8f4ff86f77431c60d91ba",
      "parentId": "hideout",
      "slotId": "hideout",
      "upd": {
        "UnlimitedCount": true,
        "StackObjectsCount": 9999999,
        "BuyRestrictionMax": 5,
        "BuyRestrictionCurrent": 0
      }
    },
    {
      "_id": "676d2439fea226f8850661a1",
      "_tpl": "5b43271c5acfc432ff4dce65",
      "parentId": "hideout",
      "slotId": "hideout",
      "upd": {
        "UnlimitedCount": true,
        "StackObjectsCount": 9999999,
        "BuyRestrictionMax": 10,
        "BuyRestrictionCurrent": 0
      }
    },
    {
      "_id": "676d2439fea226f8850661a4",
      "_tpl": "5c165d832e2216398b5a7e36",
      "parentId": "hideout",
      "slotId": "hideout",
      "upd": {
        "UnlimitedCount": true,
        "StackObjectsCount": 9999999,
        "BuyRestrictionMax": 5,
        "BuyRestrictionCurrent": 0
      }
    },
    {
      "_id": "676d2439fea226f8850661a7",
      "_tpl": "5ab8dab586f77441cd04f2a2",
      "parentId": "hideout",
      "slotId": "hideout",
      "upd": {
        "UnlimitedCount": true,
        "StackObjectsCount": 9999999,
        "BuyRestrictionMax": "3",
        "BuyRestrictionCurrent": 0
      }
    },
    {
      "_id": "676d522744352992480d000f",
      "_tpl": "5aa2b986e5b5b00014028f4c",
      "parentId": "hideout",
      "slotId": "hideout",
      "upd": {
        "UnlimitedCount": true,
        "StackObjectsCount": 9999999,
        "BuyRestrictionMax": 5,
        "BuyRestrictionCurrent": 0
      }
    },
    {
      "_id": "676d522744352992480d002f",
      "_tpl": "5c0e774286f77468413cc5b2",
      "parentId": "hideout",
      "slotId": "hideout",
      "upd": {
        "UnlimitedCount": true,
        "StackObjectsCount": 9999999,
        "BuyRestrictionMax": 1,
        "BuyRestrictionCurrent": 0
      }
    },
    {
      "_id": "676d522744352992480d0032",
      "_tpl": "5aa2b87de5b5b00016327c25",
      "parentId": "hideout",
      "slotId": "hideout",
      "upd": {
        "UnlimitedCount": true,
        "StackObjectsCount": 9999999,
        "BuyRestrictionMax": "10",
        "BuyRestrictionCurrent": 0
      }
    },
    {
      "_id": "676d522744352992480d0035",
      "_tpl": "5d5d940f86f7742797262046",
      "parentId": "hideout",
      "slotId": "hideout",
      "upd": {
        "UnlimitedCount": true,
        "StackObjectsCount": 9999999,
        "BuyRestrictionMax": 2,
        "BuyRestrictionCurrent": 0
      }
    },
    {
      "_id": "676d522744352992480d0038",
      "_tpl": "5aa7e373e5b5b000137b76f0",
      "parentId": "hideout",
      "slotId": "hideout",
      "upd": {
        "UnlimitedCount": true,
        "StackObjectsCount": 9999999,
        "BuyRestrictionMax": 3,
        "BuyRestrictionCurrent": 0
      }
    },
    {
      "_id": "676d522744352992480d003b",
      "_tpl": "5b432b965acfc47a8774094e",
      "parentId": "hideout",
      "slotId": "hideout",
      "upd": {
        "UnlimitedCount": true,
        "StackObjectsCount": 9999999,
        "BuyRestrictionMax": 2,
        "BuyRestrictionCurrent": 0
      }
    },
    {
      "_id": "676d522744352992480d0042",
      "_tpl": "5648a7494bdc2d9d488b4583",
      "parentId": "hideout",
      "slotId": "hideout",
      "upd": {
        "UnlimitedCount": true,
        "StackObjectsCount": 9999999,
        "BuyRestrictionMax": 3,
        "BuyRestrictionCurrent": 0
      }
    },
    {
      "_id": "676d522744352992480d0043",
      "_tpl": "65703d866584602f7d057a8a",
      "parentId": "676d522744352992480d0042",
      "slotId": "Soft_armor_front"
    },
    {
      "_id": "676d522744352992480d0044",
      "_tpl": "65703fa06584602f7d057a8e",
      "parentId": "676d522744352992480d0042",
      "slotId": "Soft_armor_back"
    },
    {
      "_id": "676d522744352992480d0045",
      "_tpl": "65703fe46a912c8b5c03468b",
      "parentId": "676d522744352992480d0042",
      "slotId": "Soft_armor_left"
    },
    {
      "_id": "676d522744352992480d0046",
      "_tpl": "657040374e67e8ec7a0d261c",
      "parentId": "676d522744352992480d0042",
      "slotId": "soft_armor_right"
    },
    {
      "_id": "676d522744352992480d0049",
      "_tpl": "5aa7e3abe5b5b000171d064d",
      "parentId": "hideout",
      "slotId": "hideout",
      "upd": {
        "UnlimitedCount": true,
        "StackObjectsCount": 9999999,
        "BuyRestrictionMax": 5,
        "BuyRestrictionCurrent": 0
      }
    },
    {
      "_id": "676d522744352992480d0050",
      "_tpl": "5ab8e4ed86f7742d8e50c7fa",
      "parentId": "hideout",
      "slotId": "hideout",
      "upd": {
        "UnlimitedCount": true,
        "StackObjectsCount": 9999999,
        "BuyRestrictionMax": 1,
        "BuyRestrictionCurrent": 0
      }
    },
    {
      "_id": "676d522744352992480d0051",
      "_tpl": "657044e971369562b300ce9b",
      "parentId": "676d522744352992480d0050",
      "slotId": "Soft_armor_front"
    },
    {
      "_id": "676d522744352992480d0052",
      "_tpl": "657045741bd9beedc40b7299",
      "parentId": "676d522744352992480d0050",
      "slotId": "Soft_armor_back"
    },
    {
      "_id": "676d522744352992480d0053",
      "_tpl": "657045b97e80617cee095bda",
      "parentId": "676d522744352992480d0050",
      "slotId": "Soft_armor_left"
    },
    {
      "_id": "676d522744352992480d0054",
      "_tpl": "6570460471369562b300ce9f",
      "parentId": "676d522744352992480d0050",
      "slotId": "soft_armor_right"
    },
    {
      "_id": "676d8c83034fce54db06c92f",
      "_tpl": "5b3f3ade86f7746b6b790d8e",
      "parentId": "hideout",
      "slotId": "hideout",
      "upd": {
        "UnlimitedCount": true,
        "StackObjectsCount": 9999999,
        "BuyRestrictionMax": "1",
        "BuyRestrictionCurrent": 0
      }
    },
    {
      "_id": "676da859f5ca205bc20b5111",
      "_tpl": "5ca2151486f774244a3b8d30",
      "parentId": "hideout",
      "slotId": "hideout",
      "upd": {
        "StackObjectsCount": 10
      }
    },
    {
      "_id": "6576e976fad2d1a4c00ca47f",
      "_tpl": "6575dd3e9e27f4a85e081142",
      "parentId": "676da859f5ca205bc20b5111",
      "slotId": "Soft_armor_front"
    },
    {
      "_id": "6576e976fad2d1a4c00ca480",
      "_tpl": "6575dd519e27f4a85e081146",
      "parentId": "676da859f5ca205bc20b5111",
      "slotId": "Soft_armor_back"
    },
    {
      "_id": "6576e976fad2d1a4c00ca481",
      "_tpl": "6575dd64945bf78edd04c438",
      "parentId": "676da859f5ca205bc20b5111",
      "slotId": "Soft_armor_left"
    },
    {
      "_id": "6576e976fad2d1a4c00ca482",
      "_tpl": "6575dd6e9d3a0ddf660b9047",
      "parentId": "676da859f5ca205bc20b5111",
      "slotId": "soft_armor_right"
    },
    {
      "_id": "6576e976fad2d1a4c00ca483",
      "_tpl": "6575dd769d3a0ddf660b904b",
      "parentId": "676da859f5ca205bc20b5111",
      "slotId": "Collar"
    },
    {
      "_id": "6576e976fad2d1a4c00ca484",
      "_tpl": "6575dd800546f8b1de093df6",
      "parentId": "676da859f5ca205bc20b5111",
      "slotId": "Groin"
    },
    {
      "_id": "6576e976fad2d1a4c00ca485",
      "_tpl": "6575dd94945bf78edd04c43c",
      "parentId": "676da859f5ca205bc20b5111",
      "slotId": "Groin_back"
    },
    {
      "_id": "6576e976fad2d1a4c00ca486",
      "_tpl": "65573fa5655447403702a816",
      "parentId": "676da859f5ca205bc20b5111",
      "slotId": "Front_plate"
    },
    {
      "_id": "6576e976fad2d1a4c00ca487",
      "_tpl": "65573fa5655447403702a816",
      "parentId": "676da859f5ca205bc20b5111",
      "slotId": "Back_plate"
    },
    {
      "_id": "676da859f5ca205bc20b515d",
      "_tpl": "5b40e2bc5acfc40016388216",
      "parentId": "hideout",
      "slotId": "hideout",
      "upd": {
        "StackObjectsCount": 10
      }
    },
    {
      "_id": "6576e428ab23f2038109a9cc",
      "_tpl": "657112234269e9a568089eac",
      "parentId": "676da859f5ca205bc20b515d",
      "slotId": "Helmet_top"
    },
    {
      "_id": "6576e428ab23f2038109a9cd",
      "_tpl": "657112a4818110db4600aa66",
      "parentId": "676da859f5ca205bc20b515d",
      "slotId": "Helmet_back"
    },
    {
      "_id": "6576e428ab23f2038109a9ce",
      "_tpl": "657112ce22996eaf110881fb",
      "parentId": "676da859f5ca205bc20b515d",
      "slotId": "Helmet_ears"
    },
    {
      "_id": "676da859f5ca205bc20b515e",
      "_tpl": "65573fa5655447403702a816",
      "parentId": "hideout",
      "slotId": "hideout",
      "upd": {
        "StackObjectsCount": 10
      }
    },
    {
      "_id": "676da859f5ca205bc20b5297",
      "_tpl": "64abd93857958b4249003418",
      "parentId": "hideout",
      "slotId": "hideout",
      "upd": {
        "StackObjectsCount": 10
      }
    },
    {
      "_id": "6576eae7424f2c87d30c7607",
      "_tpl": "6570f30b0921c914bf07964c",
      "parentId": "676da859f5ca205bc20b5297",
      "slotId": "Soft_armor_front"
    },
    {
      "_id": "6576eae7424f2c87d30c7608",
      "_tpl": "6570f35cd67d0309980a7acb",
      "parentId": "676da859f5ca205bc20b5297",
      "slotId": "Soft_armor_back"
    },
    {
      "_id": "6576eae7424f2c87d30c7609",
      "_tpl": "6570f3890b4ae5847f060dad",
      "parentId": "676da859f5ca205bc20b5297",
      "slotId": "Soft_armor_left"
    },
    {
      "_id": "6576eae7424f2c87d30c760a",
      "_tpl": "6570f3bb0b4ae5847f060db2",
      "parentId": "676da859f5ca205bc20b5297",
      "slotId": "soft_armor_right"
    },
    {
      "_id": "6576eae7424f2c87d30c760b",
      "_tpl": "656fb0bd7c2d57afe200c0dc",
      "parentId": "676da859f5ca205bc20b5297",
      "slotId": "Front_plate"
    },
    {
      "_id": "6576eae7424f2c87d30c760c",
      "_tpl": "656fb0bd7c2d57afe200c0dc",
      "parentId": "676da859f5ca205bc20b5297",
      "slotId": "Back_plate"
    },
    {
      "_id": "676da859f5ca205bc20b5f5b",
      "_tpl": "657089638db3adca1009f4ca",
      "parentId": "hideout",
      "slotId": "hideout",
      "upd": {
        "StackObjectsCount": 10
      }
    },
    {
      "_id": "676da859f5ca205bc20b6085",
      "_tpl": "5b4329f05acfc47a86086aa1",
      "parentId": "hideout",
      "slotId": "hideout",
      "upd": {
        "StackObjectsCount": 10
      }
    },
    {
      "_id": "6576e590fad2d1a4c00ca469",
      "_tpl": "65711b07a330b8c9060f7b01",
      "parentId": "676da859f5ca205bc20b6085",
      "slotId": "Helmet_top"
    },
    {
      "_id": "6576e590fad2d1a4c00ca46a",
      "_tpl": "65711b489eb8c145180dbb9d",
      "parentId": "676da859f5ca205bc20b6085",
      "slotId": "Helmet_back"
    },
    {
      "_id": "6576e590fad2d1a4c00ca46b",
      "_tpl": "65711b9b65daf6aa960c9b1b",
      "parentId": "676da859f5ca205bc20b6085",
      "slotId": "helmet_eyes"
    },
    {
      "_id": "6576e590fad2d1a4c00ca46c",
      "_tpl": "65711bc79eb8c145180dbba1",
      "parentId": "676da859f5ca205bc20b6085",
      "slotId": "helmet_jaw"
    },
    {
      "_id": "6576e590fad2d1a4c00ca46d",
      "_tpl": "65711b706d197c216005b31c",
      "parentId": "676da859f5ca205bc20b6085",
      "slotId": "Helmet_ears"
    },
    {
      "_id": "676da859f5ca205bc20b61ba",
      "_tpl": "5d5d646386f7742797261fd9",
      "parentId": "hideout",
      "slotId": "hideout",
      "upd": {
        "StackObjectsCount": 10
      }
    },
    {
      "_id": "6576e7cc46600d80c70ba7c8",
      "_tpl": "65764e1e2bc38ef78e076489",
      "parentId": "676da859f5ca205bc20b61ba",
      "slotId": "Soft_armor_front"
    },
    {
      "_id": "6576e7cc46600d80c70ba7c9",
      "_tpl": "65764fae2bc38ef78e07648d",
      "parentId": "676da859f5ca205bc20b61ba",
      "slotId": "Soft_armor_back"
    },
    {
      "_id": "6576e7cc46600d80c70ba7ca",
      "_tpl": "6576504b526e320fbe035783",
      "parentId": "676da859f5ca205bc20b61ba",
      "slotId": "Groin"
    },
    {
      "_id": "6576e7cc46600d80c70ba7cb",
      "_tpl": "6576500f526e320fbe03577f",
      "parentId": "676da859f5ca205bc20b61ba",
      "slotId": "Groin_back"
    },
    {
      "_id": "676da859f5ca205bc20b62af",
      "_tpl": "609e8540d5c319764c2bc2e9",
      "parentId": "hideout",
      "slotId": "hideout",
      "upd": {
        "StackObjectsCount": 10
      }
    },
    {
      "_id": "6576eaa3424f2c87d30c7600",
      "_tpl": "6572e5221b5bc1185508c24f",
      "parentId": "676da859f5ca205bc20b62af",
      "slotId": "Soft_armor_front"
    },
    {
      "_id": "6576eaa3424f2c87d30c7601",
      "_tpl": "6572e52f73c0eabb700109a0",
      "parentId": "676da859f5ca205bc20b62af",
      "slotId": "Soft_armor_back"
    },
    {
      "_id": "6576eaa3424f2c87d30c7602",
      "_tpl": "6572e53c73c0eabb700109a4",
      "parentId": "676da859f5ca205bc20b62af",
      "slotId": "Soft_armor_left"
    },
    {
      "_id": "6576eaa3424f2c87d30c7603",
      "_tpl": "6572e54873c0eabb700109a8",
      "parentId": "676da859f5ca205bc20b62af",
      "slotId": "soft_armor_right"
    },
    {
      "_id": "6576eaa3424f2c87d30c7604",
      "_tpl": "656f9fa0498d1b7e3e071d98",
      "parentId": "676da859f5ca205bc20b62af",
      "slotId": "Front_plate"
    },
    {
      "_id": "6576eaa3424f2c87d30c7605",
      "_tpl": "656f9fa0498d1b7e3e071d98",
      "parentId": "676da859f5ca205bc20b62af",
      "slotId": "Back_plate"
    },
    {
      "_id": "676da859f5ca205bc20b62c1",
      "_tpl": "6038d614d10cbf667352dd44",
      "parentId": "hideout",
      "slotId": "hideout",
      "upd": {
        "StackObjectsCount": 10
      }
    },
    {
      "_id": "676da859f5ca205bc20b63b4",
      "_tpl": "5c0e655586f774045612eeb2",
      "parentId": "hideout",
      "slotId": "hideout",
      "upd": {
        "StackObjectsCount": 10
      }
    },
    {
      "_id": "6576eb55424f2c87d30c761a",
      "_tpl": "6570e025615f54368b04fcb0",
      "parentId": "676da859f5ca205bc20b63b4",
      "slotId": "Soft_armor_front"
    },
    {
      "_id": "6576eb55424f2c87d30c761b",
      "_tpl": "6570e0610b57c03ec90b96ef",
      "parentId": "676da859f5ca205bc20b63b4",
      "slotId": "Soft_armor_back"
    },
    {
      "_id": "6576eb55424f2c87d30c761c",
      "_tpl": "656fad8c498d1b7e3e071da0",
      "parentId": "676da859f5ca205bc20b63b4",
      "slotId": "Front_plate"
    },
    {
      "_id": "6576eb55424f2c87d30c761d",
      "_tpl": "656fad8c498d1b7e3e071da0",
      "parentId": "676da859f5ca205bc20b63b4",
      "slotId": "Back_plate"
    },
    {
      "_id": "676da859f5ca205bc20b63d3",
      "_tpl": "66b5f22b78bbc0200425f904",
      "parentId": "hideout",
      "slotId": "hideout",
      "upd": {
        "StackObjectsCount": 10
      }
    },
    {
      "_id": "676da859f5ca205bc20b641f",
      "_tpl": "5c0e446786f7742013381639",
      "parentId": "hideout",
      "slotId": "hideout",
      "upd": {
        "StackObjectsCount": 10
      }
    },
    {
      "_id": "6576e7b4ab23f2038109a9e9",
      "_tpl": "657087577f6d4590ac0d2109",
      "parentId": "676da859f5ca205bc20b641f",
      "slotId": "Soft_armor_front"
    },
    {
      "_id": "6576e7b4ab23f2038109a9ea",
      "_tpl": "6570880f4a747dbb63005ee5",
      "parentId": "676da859f5ca205bc20b641f",
      "slotId": "Soft_armor_back"
    },
    {
      "_id": "6576e7b4ab23f2038109a9eb",
      "_tpl": "65708afe4a747dbb63005eee",
      "parentId": "676da859f5ca205bc20b641f",
      "slotId": "Collar"
    },
    {
      "_id": "6576e7b4ab23f2038109a9ec",
      "_tpl": "65708b4c4a747dbb63005ef3",
      "parentId": "676da859f5ca205bc20b641f",
      "slotId": "Groin"
    },
    {
      "_id": "676da859f5ca205bc20b6426",
      "_tpl": "60a3c70cde5f453f634816a3",
      "parentId": "hideout",
      "slotId": "hideout",
      "upd": {
        "StackObjectsCount": 930000,
        "BuyRestrictionMax": 2
      }
    },
    {
      "_id": "6576e5a2ab23f2038109a9df",
      "_tpl": "6570fae34c65ab77a6015146",
      "parentId": "676da859f5ca205bc20b6426",
      "slotId": "Soft_armor_front"
    },
    {
      "_id": "6576e5a2ab23f2038109a9e0",
      "_tpl": "6570fa1f4c65ab77a601512f",
      "parentId": "676da859f5ca205bc20b6426",
      "slotId": "Soft_armor_back"
    },
    {
      "_id": "6576e5a2ab23f2038109a9e1",
      "_tpl": "6570fb22584a51c23e03251f",
      "parentId": "676da859f5ca205bc20b6426",
      "slotId": "Soft_armor_left"
    },
    {
      "_id": "6576e5a2ab23f2038109a9e2",
      "_tpl": "6570fb6ad3eefd23430f8c7c",
      "parentId": "676da859f5ca205bc20b6426",
      "slotId": "soft_armor_right"
    },
    {
      "_id": "6576e5a2ab23f2038109a9e3",
      "_tpl": "6570fb8f4c65ab77a601514d",
      "parentId": "676da859f5ca205bc20b6426",
      "slotId": "Collar"
    },
    {
      "_id": "6576e5a2ab23f2038109a9e4",
      "_tpl": "6570fbdd74d84423df065f60",
      "parentId": "676da859f5ca205bc20b6426",
      "slotId": "Shoulder_l"
    },
    {
      "_id": "6576e5a2ab23f2038109a9e5",
      "_tpl": "6570fc41d3eefd23430f8c83",
      "parentId": "676da859f5ca205bc20b6426",
      "slotId": "Shoulder_r"
    },
    {
      "_id": "6576e5a2ab23f2038109a9e6",
      "_tpl": "656fb21fa0dce000a2020f7c",
      "parentId": "676da859f5ca205bc20b6426",
      "slotId": "Front_plate"
    },
    {
      "_id": "6576e5a2ab23f2038109a9e7",
      "_tpl": "656fb21fa0dce000a2020f7c",
      "parentId": "676da859f5ca205bc20b6426",
      "slotId": "Back_plate"
    },
    {
      "_id": "672767168e0d0c98fd051934",
      "_tpl": "5b44cf1486f77431723e3d05",
      "parentId": "hideout",
      "slotId": "hideout",
      "upd": {
        "StackObjectsCount": 940000,
        "BuyRestrictionMax": 1
      }
    },
    {
      "_id": "6576eb0d424f2c87d30c760e",
      "_tpl": "6575c3b3dc9932aed601c5f4",
      "parentId": "672767168e0d0c98fd051934",
      "slotId": "Soft_armor_front"
    },
    {
      "_id": "6576eb0d424f2c87d30c760f",
      "_tpl": "6575c3beefc786cd9101a5ed",
      "parentId": "672767168e0d0c98fd051934",
      "slotId": "Soft_armor_back"
    },
    {
      "_id": "6576eb0d424f2c87d30c7610",
      "_tpl": "6575c3cdc6700bd6b40e8a90",
      "parentId": "672767168e0d0c98fd051934",
      "slotId": "Soft_armor_left"
    },
    {
      "_id": "6576eb0d424f2c87d30c7611",
      "_tpl": "6575c3dfdc9932aed601c5f8",
      "parentId": "672767168e0d0c98fd051934",
      "slotId": "soft_armor_right"
    },
    {
      "_id": "6576eb0d424f2c87d30c7612",
      "_tpl": "6575c3ec52b7f8c76a05ee39",
      "parentId": "672767168e0d0c98fd051934",
      "slotId": "Collar"
    },
    {
      "_id": "6576eb0d424f2c87d30c7613",
      "_tpl": "6575c3fd52b7f8c76a05ee3d",
      "parentId": "672767168e0d0c98fd051934",
      "slotId": "Shoulder_l"
    },
    {
      "_id": "6576eb0d424f2c87d30c7614",
      "_tpl": "6575c40c52b7f8c76a05ee41",
      "parentId": "672767168e0d0c98fd051934",
      "slotId": "Shoulder_r"
    },
    {
      "_id": "6576eb0d424f2c87d30c7615",
      "_tpl": "656fa8d700d62bcd2e024084",
      "parentId": "672767168e0d0c98fd051934",
      "slotId": "Front_plate"
    },
    {
      "_id": "6576eb0d424f2c87d30c7616",
      "_tpl": "656fa8d700d62bcd2e024084",
      "parentId": "672767168e0d0c98fd051934",
      "slotId": "Back_plate"
    },
    {
      "_id": "6576eb0d424f2c87d30c7617",
      "_tpl": "6557458f83942d705f0c4962",
      "parentId": "672767168e0d0c98fd051934",
      "slotId": "Left_side_plate"
    },
    {
      "_id": "6576eb0d424f2c87d30c7618",
      "_tpl": "6557458f83942d705f0c4962",
      "parentId": "672767168e0d0c98fd051934",
      "slotId": "Right_side_plate"
    }
  ],
  "barter_scheme": {
    "676d2437fea226f885066042": [
      [
        {
          "count": 105574,
          "_tpl": "5449016a4bdc2d6f028b456f"
        }
      ]
    ],
    "676d2437fea226f88506604a": [
      [
        {
          "count": 45177,
          "_tpl": "5449016a4bdc2d6f028b456f"
        }
      ]
    ],
    "676d2437fea226f885066050": [
      [
        {
          "count": 3,
          "_tpl": "5d1b31ce86f7742523398394"
        },
        {
          "count": 1,
          "_tpl": "5d1b317c86f7742523398392"
        },
        {
          "count": 3,
          "_tpl": "590c31c586f774245e3141b2"
        }
      ]
    ],
    "676d2437fea226f885066056": [
      [
        {
          "count": 57861,
          "_tpl": "5449016a4bdc2d6f028b456f"
        }
      ]
    ],
    "676d2437fea226f88506605c": [
      [
        {
          "count": 49505,
          "_tpl": "5449016a4bdc2d6f028b456f"
        }
      ]
    ],
    "676d2437fea226f885066062": [
      [
        {
          "count": 42236,
          "_tpl": "5449016a4bdc2d6f028b456f"
        }
      ]
    ],
    "676d2437fea226f885066068": [
      [
        {
          "count": 54312,
          "_tpl": "5449016a4bdc2d6f028b456f"
        }
      ]
    ],
    "676d2437fea226f88506606e": [
      [
        {
          "count": 1,
          "_tpl": "5c1267ee86f77416ec610f72"
        }
      ]
    ],
    "676d2437fea226f885066071": [
      [
        {
          "count": 10673,
          "_tpl": "5449016a4bdc2d6f028b456f"
        }
      ]
    ],
    "676d2437fea226f885066074": [
      [
        {
          "count": 20336,
          "_tpl": "5449016a4bdc2d6f028b456f"
        }
      ]
    ],
    "676d2437fea226f88506607a": [
      [
        {
          "count": 8879,
          "_tpl": "5449016a4bdc2d6f028b456f"
        }
      ]
    ],
    "676d2437fea226f885066080": [
      [
        {
          "count": 1853,
          "_tpl": "5449016a4bdc2d6f028b456f"
        }
      ]
    ],
    "676d2437fea226f885066086": [
      [
        {
          "count": 34545,
          "_tpl": "5449016a4bdc2d6f028b456f"
        }
      ]
    ],
    "676d2437fea226f88506608c": [
      [
        {
          "count": 47598,
          "_tpl": "5449016a4bdc2d6f028b456f"
        }
      ]
    ],
    "676d2437fea226f885066092": [
      [
        {
          "count": 2,
          "_tpl": "59e3556c86f7741776641ac2"
        }
      ]
    ],
    "676d2437fea226f88506609c": [
      [
        {
          "count": 29152,
          "_tpl": "5449016a4bdc2d6f028b456f"
        }
      ]
    ],
    "676d2437fea226f8850660a3": [
      [
        {
          "count": 23780,
          "_tpl": "5449016a4bdc2d6f028b456f"
        }
      ]
    ],
    "676d2437fea226f8850660a6": [
      [
        {
          "count": 6660,
          "_tpl": "5449016a4bdc2d6f028b456f"
        }
      ]
    ],
    "676d2437fea226f8850660a9": [
      [
        {
          "count": 1823,
          "_tpl": "5449016a4bdc2d6f028b456f"
        }
      ]
    ],
    "676d2437fea226f8850660ac": [
      [
        {
          "count": 5007,
          "_tpl": "5449016a4bdc2d6f028b456f"
        }
      ]
    ],
    "676d2438fea226f8850660af": [
      [
        {
          "count": 8325,
          "_tpl": "5449016a4bdc2d6f028b456f"
        }
      ]
    ],
    "676d2438fea226f8850660b2": [
      [
        {
          "count": 593,
          "_tpl": "5449016a4bdc2d6f028b456f"
        }
      ]
    ],
    "676d2438fea226f8850660b5": [
      [
        {
          "count": 637,
          "_tpl": "5449016a4bdc2d6f028b456f"
        }
      ]
    ],
    "676d2438fea226f8850660b8": [
      [
        {
          "count": 31766,
          "_tpl": "5449016a4bdc2d6f028b456f"
        }
      ]
    ],
    "676d2438fea226f8850660bb": [
      [
        {
          "count": 5,
          "_tpl": "59e366c186f7741778269d85"
        },
        {
          "count": 1,
          "_tpl": "62a09f32621468534a797acb"
        }
      ]
    ],
    "676d2438fea226f8850660be": [
      [
        {
          "count": 5,
          "_tpl": "57347c1124597737fb1379e3"
        },
        {
          "count": 1,
          "_tpl": "59faf98186f774067b6be103"
        }
      ]
    ],
    "676d2438fea226f8850660c4": [
      [
        {
          "count": 1,
          "_tpl": "57347ca924597744596b4e71"
        }
      ]
    ],
    "676d2438fea226f8850660ca": [
      [
        {
          "count": 4793,
          "_tpl": "5449016a4bdc2d6f028b456f"
        }
      ]
    ],
    "676d2438fea226f8850660d3": [
      [
        {
          "count": 10,
          "_tpl": "59f32c3b86f77472a31742f0",
          "level": 20,
          "side": "Any"
        }
      ]
    ],
    "676d2438fea226f8850660dc": [
      [
        {
          "count": 5385,
          "_tpl": "5449016a4bdc2d6f028b456f"
        }
      ]
    ],
    "676d2438fea226f8850660df": [
      [
        {
          "count": 27828,
          "_tpl": "5449016a4bdc2d6f028b456f"
        }
      ]
    ],
    "676d2438fea226f8850660e5": [
      [
        {
          "count": 2,
          "_tpl": "59e770b986f7742cbd762754"
        }
      ]
    ],
    "676d2438fea226f8850660eb": [
      [
        {
          "count": 14932,
          "_tpl": "5449016a4bdc2d6f028b456f"
        }
      ]
    ],
    "676d2438fea226f8850660ee": [
      [
        {
          "count": 1,
          "_tpl": "5780cf7f2459777de4559322"
        },
        {
          "count": 1,
          "_tpl": "5a0dc95c86f77452440fc675"
        },
        {
          "count": 5,
          "_tpl": "5c12688486f77426843c7d32"
        }
      ]
    ],
    "676d2438fea226f8850660f1": [
      [
        {
          "count": 2874,
          "_tpl": "5449016a4bdc2d6f028b456f"
        }
      ]
    ],
    "676d2438fea226f8850660f6": [
      [
        {
          "count": 58875,
          "_tpl": "5449016a4bdc2d6f028b456f"
        }
      ]
    ],
    "676d2438fea226f885066102": [
      [
        {
          "count": 50949,
          "_tpl": "5449016a4bdc2d6f028b456f"
        }
      ]
    ],
    "676d2438fea226f88506610c": [
      [
        {
          "count": 4,
          "_tpl": "59e366c186f7741778269d85"
        }
      ]
    ],
    "676d2438fea226f885066112": [
      [
        {
          "count": 29084,
          "_tpl": "5449016a4bdc2d6f028b456f"
        }
      ]
    ],
    "676d2438fea226f885066118": [
      [
        {
          "count": 49980,
          "_tpl": "5449016a4bdc2d6f028b456f"
        }
      ]
    ],
    "676d2438fea226f88506611b": [
      [
        {
          "count": 2,
          "_tpl": "59e366c186f7741778269d85"
        }
      ]
    ],
    "676d2438fea226f88506612b": [
      [
        {
          "count": 3,
          "_tpl": "59e3639286f7741777737013"
        }
      ]
    ],
    "676d2438fea226f88506613b": [
      [
        {
          "count": 1,
          "_tpl": "5e2af29386f7746d4159f077"
        }
      ]
    ],
    "676d2438fea226f88506613e": [
      [
        {
          "count": 1923,
          "_tpl": "5449016a4bdc2d6f028b456f"
        }
      ]
    ],
    "676d2438fea226f885066149": [
      [
        {
          "count": 41620,
          "_tpl": "5449016a4bdc2d6f028b456f"
        }
      ]
    ],
    "676d2438fea226f885066154": [
      [
        {
          "count": 4727,
          "_tpl": "5449016a4bdc2d6f028b456f"
        }
      ]
    ],
    "676d2438fea226f885066162": [
      [
        {
          "count": 205349,
          "_tpl": "5449016a4bdc2d6f028b456f"
        }
      ]
    ],
    "676d2438fea226f885066170": [
      [
        {
          "count": 7584,
          "_tpl": "5449016a4bdc2d6f028b456f"
        }
      ]
    ],
    "676d2439fea226f885066175": [
      [
        {
          "count": 35681,
          "_tpl": "5449016a4bdc2d6f028b456f"
        }
      ]
    ],
    "676d2439fea226f885066182": [
      [
        {
          "count": 64269,
          "_tpl": "5449016a4bdc2d6f028b456f"
        }
      ]
    ],
    "676d2439fea226f885066191": [
      [
        {
          "count": 90132,
          "_tpl": "5449016a4bdc2d6f028b456f"
        }
      ]
    ],
    "676d2439fea226f885066198": [
      [
        {
          "count": 3,
          "_tpl": "5aa7e373e5b5b000137b76f0"
        }
      ]
    ],
    "676d2439fea226f88506619b": [
      [
        {
          "count": 1,
          "_tpl": "590de71386f774347051a052"
        }
      ]
    ],
    "676d2439fea226f88506619e": [
      [
        {
          "count": 7535,
          "_tpl": "5449016a4bdc2d6f028b456f"
        }
      ]
    ],
    "676d2439fea226f8850661a1": [
      [
        {
          "count": 2215,
          "_tpl": "5449016a4bdc2d6f028b456f"
        }
      ]
    ],
    "676d2439fea226f8850661a4": [
      [
        {
          "count": 49395,
          "_tpl": "5449016a4bdc2d6f028b456f"
        }
      ]
    ],
    "676d2439fea226f8850661a7": [
      [
        {
          "count": 41024,
          "_tpl": "5449016a4bdc2d6f028b456f"
        }
      ]
    ],
    "676d522744352992480d000f": [
      [
        {
          "count": 2252,
          "_tpl": "5449016a4bdc2d6f028b456f"
        }
      ]
    ],
    "676d522744352992480d002f": [
      [
        {
          "count": 1,
          "_tpl": "5c05300686f7746dce784e5d"
        }
      ]
    ],
    "676d522744352992480d0032": [
      [
        {
          "count": 1916,
          "_tpl": "5449016a4bdc2d6f028b456f"
        }
      ]
    ],
    "676d522744352992480d0035": [
      [
        {
          "count": 67446,
          "_tpl": "5449016a4bdc2d6f028b456f"
        }
      ]
    ],
    "676d522744352992480d0038": [
      [
        {
          "count": 6,
          "_tpl": "59f32c3b86f77472a31742f0",
          "level": 20,
          "side": "Any"
        }
      ]
    ],
    "676d522744352992480d003b": [
      [
        {
          "count": 3,
          "_tpl": "5c13cef886f774072e618e82"
        }
      ]
    ],
    "676d522744352992480d0042": [
      [
        {
          "count": 3,
          "_tpl": "572b7fa524597762b747ce82"
        }
      ]
    ],
    "676d522744352992480d0049": [
      [
        {
          "count": 23882,
          "_tpl": "5449016a4bdc2d6f028b456f"
        }
      ]
    ],
    "676d522744352992480d0050": [
      [
        {
          "count": 2,
          "_tpl": "5751435d24597720a27126d1"
        }
      ]
    ],
    "676d8c83034fce54db06c92f": [
      [
        {
          "count": 993,
          "_tpl": "5449016a4bdc2d6f028b456f"
        }
      ]
    ],
    "676da859f5ca205bc20b5111": [
      [
        {
          "count": 6969,
          "_tpl": "5449016a4bdc2d6f028b456f"
        }
      ]
    ],
    "676da859f5ca205bc20b515d": [
      [
        {
          "count": 6969,
          "_tpl": "5449016a4bdc2d6f028b456f"
        }
      ]
    ],
    "676da859f5ca205bc20b515e": [
      [
        {
          "count": 6969,
          "_tpl": "5449016a4bdc2d6f028b456f"
        }
      ]
    ],
    "676da859f5ca205bc20b5297": [
      [
        {
          "count": 6969,
          "_tpl": "5449016a4bdc2d6f028b456f"
        }
      ]
    ],
    "676da859f5ca205bc20b5f5b": [
      [
        {
          "count": 6969,
          "_tpl": "5449016a4bdc2d6f028b456f"
        }
      ]
    ],
    "676da859f5ca205bc20b6085": [
      [
        {
          "count": 6969,
          "_tpl": "5449016a4bdc2d6f028b456f"
        }
      ]
    ],
    "676da859f5ca205bc20b61ba": [
      [
        {
          "count": 6969,
          "_tpl": "5449016a4bdc2d6f028b456f"
        }
      ]
    ],
    "676da859f5ca205bc20b62af": [
      [
        {
          "count": 6969,
          "_tpl": "5449016a4bdc2d6f028b456f"
        }
      ]
    ],
    "676da859f5ca205bc20b62c1": [
      [
        {
          "count": 6969,
          "_tpl": "5449016a4bdc2d6f028b456f"
        }
      ]
    ],
    "676da859f5ca205bc20b63b4": [
      [
        {
          "count": 6969,
          "_tpl": "5449016a4bdc2d6f028b456f"
        }
      ]
    ],
    "676da859f5ca205bc20b63d3": [
      [
        {
          "count": 6969,
          "_tpl": "5449016a4bdc2d6f028b456f"
        }
      ]
    ],
    "676da859f5ca205bc20b641f": [
      [
        {
          "count": 6969,
          "_tpl": "5449016a4bdc2d6f028b456f"
        }
      ]
    ],
    "676da859f5ca205bc20b6426": [
      [
        {
          "count": 92019,
          "_tpl": "5449016a4bdc2d6f028b456f"
        }
      ]
    ],
    "672767168e0d0c98fd051934": [
      [
        {
          "count": 205349,
          "_tpl": "5449016a4bdc2d6f028b456f"
        }
      ]
    ]
  },
  "loyal_level_items": {
    "676d2437fea226f885066042": 4,
    "676d2437fea226f88506604a": 3,
    "676d2437fea226f885066050": 4,
    "676d2437fea226f885066056": 3,
    "676d2437fea226f88506605c": 3,
    "676d2437fea226f885066062": 2,
    "676d2437fea226f885066068": 2,
    "676d2437fea226f88506606e": 4,
    "676d2437fea226f885066071": 1,
    "676d2437fea226f885066074": 2,
    "676d2437fea226f88506607a": 1,
    "676d2437fea226f885066080": 1,
    "676d2437fea226f885066086": 1,
    "676d2437fea226f88506608c": 3,
    "676d2437fea226f885066092": 2,
    "676d2437fea226f88506609c": 1,
    "676d2437fea226f8850660a3": 2,
    "676d2437fea226f8850660a6": 1,
    "676d2437fea226f8850660a9": 1,
    "676d2437fea226f8850660ac": 2,
    "676d2438fea226f8850660af": 4,
    "676d2438fea226f8850660b2": 1,
    "676d2438fea226f8850660b5": 1,
    "676d2438fea226f8850660b8": 2,
    "676d2438fea226f8850660bb": 4,
    "676d2438fea226f8850660be": 2,
    "676d2438fea226f8850660c4": 4,
    "676d2438fea226f8850660ca": 2,
    "676d2438fea226f8850660d3": 4,
    "676d2438fea226f8850660dc": 1,
    "676d2438fea226f8850660df": 2,
    "676d2438fea226f8850660e5": 2,
    "676d2438fea226f8850660eb": 2,
    "676d2438fea226f8850660ee": 4,
    "676d2438fea226f8850660f1": 1,
    "676d2438fea226f8850660f6": 3,
    "676d2438fea226f885066102": 2,
    "676d2438fea226f88506610c": 4,
    "676d2438fea226f885066112": 1,
    "676d2438fea226f885066118": 3,
    "676d2438fea226f88506611b": 2,
    "676d2438fea226f88506612b": 4,
    "676d2438fea226f88506613b": 3,
    "676d2438fea226f88506613e": 1,
    "676d2438fea226f885066149": 2,
    "676d2438fea226f885066154": 3,
    "676d2438fea226f885066162": 4,
    "676d2438fea226f885066170": 4,
    "676d2439fea226f885066175": 2,
    "676d2439fea226f885066182": 2,
    "676d2439fea226f885066191": 4,
    "676d2439fea226f885066198": 3,
    "676d2439fea226f88506619b": 3,
    "676d2439fea226f88506619e": 4,
    "676d2439fea226f8850661a1": 1,
    "676d2439fea226f8850661a4": 4,
    "676d2439fea226f8850661a7": 3,
    "676d522744352992480d000f": 1,
    "676d522744352992480d001f": 4,
    "676d522744352992480d002f": 4,
    "676d522744352992480d0032": 1,
    "676d522744352992480d0035": 2,
    "676d522744352992480d0038": 4,
    "676d522744352992480d003b": 1,
    "676d522744352992480d0042": 1,
    "676d522744352992480d0049": 3,
    "676d522744352992480d0050": 1,
    "676d8c83034fce54db06c92f": 1,
    "676da859f5ca205bc20b5111": 4,
    "676da859f5ca205bc20b515d": 4,
    "676da859f5ca205bc20b515e": 4,
    "676da859f5ca205bc20b5297": 2,
    "676da859f5ca205bc20b5f5b": 4,
    "676da859f5ca205bc20b6085": 4,
    "676da859f5ca205bc20b61ba": 2,
    "676da859f5ca205bc20b62af": 2,
    "676da859f5ca205bc20b62c1": 2,
    "676da859f5ca205bc20b63b4": 4,
    "676da859f5ca205bc20b63d3": 3,
    "676da859f5ca205bc20b641f": 2,
    "676da859f5ca205bc20b6426": 3,
    "672767168e0d0c98fd051934": 4
  }
}