[
  {
    "_id": "5d1f65e586f7744bce0ef714",
    "tid": "5ac3b934156ae10c4430e83c",
    "suiteId": "5d1f609d86f7744bca3f1689",
    "isActive": true,
    "isHiddenInPVE": false,
    "externalObtain": false,
    "internalObtain": true,
    "requirements": {
      "loyaltyLevel": 3,
      "profileLevel": 40,
      "standing": 0,
      "skillRequirements": [],
      "questRequirements": [],
      "achievementRequirements": [],
      "itemRequirements": [
        {
          "id": null,
          "count": 1800000,
          "_tpl": "5449016a4bdc2d6f028b456f",
          "onlyFunctional": true,
          "type": "ItemRequirement"
        }
      ],
      "requiredTid": "5ac3b934156ae10c4430e83c"
    }
  },
  {
    "_id": "5d1f661686f7744bcb0adfb5",
    "tid": "5ac3b934156ae10c4430e83c",
    "suiteId": "5d1f60ae86f7744bcc04998b",
    "isActive": true,
    "isHiddenInPVE": false,
    "externalObtain": false,
    "internalObtain": true,
    "requirements": {
      "loyaltyLevel": 1,
      "profileLevel": 5,
      "standing": 0,
      "skillRequirements": [],
      "questRequirements": [],
      "achievementRequirements": [],
      "itemRequirements": [
        {
          "id": null,
          "count": 25000,
          "_tpl": "5449016a4bdc2d6f028b456f",
          "onlyFunctional": true,
          "type": "ItemRequirement"
        }
      ],
      "requiredTid": "5ac3b934156ae10c4430e83c"
    }
  },
  {
    "_id": "5d1f663686f7744bce0ef716",
    "tid": "5ac3b934156ae10c4430e83c",
    "suiteId": "5d1f60b486f7744bcb0adfa8",
    "isActive": true,
    "isHiddenInPVE": false,
    "externalObtain": false,
    "internalObtain": true,
    "requirements": {
      "loyaltyLevel": 1,
      "profileLevel": 20,
      "standing": 0,
      "skillRequirements": [],
      "questRequirements": [],
      "achievementRequirements": [],
      "itemRequirements": [
        {
          "id": null,
          "count": 500000,
          "_tpl": "5449016a4bdc2d6f028b456f",
          "onlyFunctional": true,
          "type": "ItemRequirement"
        }
      ],
      "requiredTid": "5ac3b934156ae10c4430e83c"
    }
  },
  {
    "_id": "5d1f667786f7744b36437b77",
    "tid": "5ac3b934156ae10c4430e83c",
    "suiteId": "5d1f60f086f7744bce0ef704",
    "isActive": true,
    "isHiddenInPVE": false,
    "externalObtain": false,
    "internalObtain": true,
    "requirements": {
      "loyaltyLevel": 1,
      "profileLevel": 15,
      "standing": 0,
      "skillRequirements": [],
      "questRequirements": [],
      "achievementRequirements": [],
      "itemRequirements": [
        {
          "id": null,
          "count": 230000,
          "_tpl": "5449016a4bdc2d6f028b456f",
          "onlyFunctional": true,
          "type": "ItemRequirement"
        }
      ],
      "requiredTid": "5ac3b934156ae10c4430e83c"
    }
  },
  {
    "_id": "5d1f669086f7744bcd135848",
    "tid": "5ac3b934156ae10c4430e83c",
    "suiteId": "5d1f646286f7744bce0ef70a",
    "isActive": true,
    "isHiddenInPVE": false,
    "externalObtain": false,
    "internalObtain": true,
    "requirements": {
      "loyaltyLevel": 2,
      "profileLevel": 28,
      "standing": 0,
      "skillRequirements": [],
      "questRequirements": [],
      "achievementRequirements": [],
      "itemRequirements": [
        {
          "id": null,
          "count": 800000,
          "_tpl": "5449016a4bdc2d6f028b456f",
          "onlyFunctional": true,
          "type": "ItemRequirement"
        }
      ],
      "requiredTid": "5ac3b934156ae10c4430e83c"
    }
  },
  {
    "_id": "5d1f66d886f7744a9b5031a7",
    "tid": "5ac3b934156ae10c4430e83c",
    "suiteId": "5d1f646c86f7743f8362cf3f",
    "isActive": true,
    "isHiddenInPVE": false,
    "externalObtain": false,
    "internalObtain": true,
    "requirements": {
      "loyaltyLevel": 2,
      "profileLevel": 30,
      "standing": 0,
      "skillRequirements": [],
      "questRequirements": [],
      "achievementRequirements": [],
      "itemRequirements": [
        {
          "id": null,
          "count": 790000,
          "_tpl": "5449016a4bdc2d6f028b456f",
          "onlyFunctional": true,
          "type": "ItemRequirement"
        }
      ],
      "requiredTid": "5ac3b934156ae10c4430e83c"
    }
  },
  {
    "_id": "5d1f66f686f7744bcb0ae328",
    "tid": "5ac3b934156ae10c4430e83c",
    "suiteId": "5d1f647186f7744bce0ef70c",
    "isActive": true,
    "isHiddenInPVE": false,
    "externalObtain": false,
    "internalObtain": true,
    "requirements": {
      "loyaltyLevel": 1,
      "profileLevel": 7,
      "standing": 0,
      "skillRequirements": [],
      "questRequirements": [],
      "achievementRequirements": [],
      "itemRequirements": [
        {
          "id": null,
          "count": 30000,
          "_tpl": "5449016a4bdc2d6f028b456f",
          "onlyFunctional": true,
          "type": "ItemRequirement"
        }
      ],
      "requiredTid": "5ac3b934156ae10c4430e83c"
    }
  },
  {
    "_id": "5d1f671486f7744bcc04a2c0",
    "tid": "5ac3b934156ae10c4430e83c",
    "suiteId": "5d1f647586f7744bcb0adfb0",
    "isActive": true,
    "isHiddenInPVE": false,
    "externalObtain": false,
    "internalObtain": true,
    "requirements": {
      "loyaltyLevel": 2,
      "profileLevel": 35,
      "standing": 0,
      "skillRequirements": [],
      "questRequirements": [],
      "achievementRequirements": [],
      "itemRequirements": [
        {
          "id": null,
          "count": 1240000,
          "_tpl": "5449016a4bdc2d6f028b456f",
          "onlyFunctional": true,
          "type": "ItemRequirement"
        }
      ],
      "requiredTid": "5ac3b934156ae10c4430e83c"
    }
  },
  {
    "_id": "5d1f673086f7744bcb0ae333",
    "tid": "5ac3b934156ae10c4430e83c",
    "suiteId": "5d1f647a86f7744bca3f1691",
    "isActive": true,
    "isHiddenInPVE": false,
    "externalObtain": false,
    "internalObtain": true,
    "requirements": {
      "loyaltyLevel": 1,
      "profileLevel": 14,
      "standing": 0,
      "skillRequirements": [],
      "questRequirements": [],
      "achievementRequirements": [],
      "itemRequirements": [
        {
          "id": null,
          "count": 200000,
          "_tpl": "5449016a4bdc2d6f028b456f",
          "onlyFunctional": true,
          "type": "ItemRequirement"
        }
      ],
      "requiredTid": "5ac3b934156ae10c4430e83c"
    }
  },
  {
    "_id": "5df8e8e086f774570a4e6714",
    "tid": "5ac3b934156ae10c4430e83c",
    "suiteId": "5df8e5c886f7744a122d6834",
    "isActive": true,
    "isHiddenInPVE": false,
    "externalObtain": true,
    "internalObtain": true,
    "requirements": {
      "loyaltyLevel": 3,
      "profileLevel": 45,
      "standing": 0,
      "skillRequirements": [],
      "questRequirements": [],
      "achievementRequirements": [],
      "itemRequirements": [
        {
          "id": null,
          "count": 2800000,
          "_tpl": "5449016a4bdc2d6f028b456f",
          "onlyFunctional": true,
          "type": "ItemRequirement"
        }
      ],
      "requiredTid": "5ac3b934156ae10c4430e83c"
    }
  },
  {
    "_id": "5e4bc01086f77406a511c9da",
    "tid": "5ac3b934156ae10c4430e83c",
    "suiteId": "5e4bb08f86f774069619fbbc",
    "isActive": true,
    "isHiddenInPVE": false,
    "externalObtain": true,
    "internalObtain": true,
    "requirements": {
      "loyaltyLevel": 4,
      "profileLevel": 50,
      "standing": 0,
      "skillRequirements": [],
      "questRequirements": [],
      "achievementRequirements": [],
      "itemRequirements": [
        {
          "id": null,
          "count": 4500000,
          "_tpl": "5449016a4bdc2d6f028b456f",
          "onlyFunctional": true,
          "type": "ItemRequirement"
        }
      ],
      "requiredTid": "5ac3b934156ae10c4430e83c"
    }
  },
  {
    "_id": "5e9de4739c4b4508e90cd336",
    "tid": "5ac3b934156ae10c4430e83c",
    "suiteId": "5e9dcc8a86f77434375990e2",
    "isActive": true,
    "isHiddenInPVE": false,
    "externalObtain": true,
    "internalObtain": true,
    "requirements": {
      "loyaltyLevel": 3,
      "profileLevel": 46,
      "standing": 0,
      "skillRequirements": [],
      "questRequirements": [],
      "achievementRequirements": [],
      "itemRequirements": [
        {
          "id": null,
          "count": 2800000,
          "_tpl": "5449016a4bdc2d6f028b456f",
          "onlyFunctional": true,
          "type": "ItemRequirement"
        }
      ],
      "requiredTid": "5ac3b934156ae10c4430e83c"
    }
  },
  {
    "_id": "5f5f61313236973dbf149055",
    "tid": "5ac3b934156ae10c4430e83c",
    "suiteId": "5f5f46fa5021ce62144be7bd",
    "isActive": true,
    "isHiddenInPVE": false,
    "externalObtain": true,
    "internalObtain": true,
    "requirements": {
      "loyaltyLevel": 4,
      "profileLevel": 52,
      "standing": 0,
      "skillRequirements": [],
      "questRequirements": [],
      "achievementRequirements": [],
      "itemRequirements": [
        {
          "id": null,
          "count": 3500000,
          "_tpl": "5449016a4bdc2d6f028b456f",
          "onlyFunctional": true,
          "type": "ItemRequirement"
        }
      ],
      "requiredTid": "5ac3b934156ae10c4430e83c"
    }
  },
  {
    "_id": "5df8ea2d86f77412640e2ea6",
    "tid": "5ac3b934156ae10c4430e83c",
    "suiteId": "5cdea42e7d6c8b0474535dad",
    "isActive": true,
    "isHiddenInPVE": false,
    "externalObtain": false,
    "internalObtain": true,
    "requirements": {
      "loyaltyLevel": 0,
      "profileLevel": 0,
      "standing": 0,
      "skillRequirements": [],
      "questRequirements": [],
      "achievementRequirements": [
        "6514143d59647d2cb3213c93"
      ],
      "itemRequirements": [
        {
          "id": null,
          "count": 4000000,
          "_tpl": "5449016a4bdc2d6f028b456f",
          "onlyFunctional": false,
          "type": "ItemRequirement"
        }
      ],
      "requiredTid": "5ac3b934156ae10c4430e83c"
    }
  },
  {
    "_id": "5e4bbf4786f774069342dece",
    "tid": "5ac3b934156ae10c4430e83c",
    "suiteId": "5e4bb6d786f77406975c9364",
    "isActive": true,
    "isHiddenInPVE": false,
    "externalObtain": false,
    "internalObtain": true,
    "requirements": {
      "loyaltyLevel": 3,
      "profileLevel": 47,
      "standing": 0,
      "skillRequirements": [],
      "questRequirements": [
        "5e381b0286f77420e3417a74"
      ],
      "achievementRequirements": [],
      "itemRequirements": [
        {
          "id": null,
          "count": 3000000,
          "_tpl": "5449016a4bdc2d6f028b456f",
          "onlyFunctional": true,
          "type": "ItemRequirement"
        }
      ],
      "requiredTid": "5ac3b934156ae10c4430e83c"
    }
  },
  {
    "_id": "5e9de3afb307c025d5777ae8",
    "tid": "5ac3b934156ae10c4430e83c",
    "suiteId": "5e9dcb8386f774054b6f79a9",
    "isActive": true,
    "isHiddenInPVE": false,
    "externalObtain": false,
    "internalObtain": true,
    "requirements": {
      "loyaltyLevel": 3,
      "profileLevel": 47,
      "standing": 0,
      "skillRequirements": [],
      "questRequirements": [
        "5e4d4ac186f774264f758336"
      ],
      "achievementRequirements": [],
      "itemRequirements": [
        {
          "id": null,
          "count": 2800000,
          "_tpl": "5449016a4bdc2d6f028b456f",
          "onlyFunctional": true,
          "type": "ItemRequirement"
        }
      ],
      "requiredTid": "5ac3b934156ae10c4430e83c"
    }
  },
  {
    "_id": "5fd3eef9b1f9ad0f60509cb7",
    "tid": "5ac3b934156ae10c4430e83c",
    "suiteId": "5fd3e8e5bdd50d684f73a51d",
    "isActive": true,
    "isHiddenInPVE": false,
    "externalObtain": false,
    "internalObtain": true,
    "requirements": {
      "loyaltyLevel": 1,
      "profileLevel": 11,
      "standing": 0,
      "skillRequirements": [],
      "questRequirements": [],
      "achievementRequirements": [],
      "itemRequirements": [
        {
          "id": null,
          "count": 155000,
          "_tpl": "5449016a4bdc2d6f028b456f",
          "onlyFunctional": true,
          "type": "ItemRequirement"
        }
      ],
      "requiredTid": "5ac3b934156ae10c4430e83c"
    }
  },
  {
    "_id": "5fd3ef59dd870108a754b238",
    "tid": "5ac3b934156ae10c4430e83c",
    "suiteId": "5fd3e7e2dd870108a754b230",
    "isActive": true,
    "isHiddenInPVE": false,
    "externalObtain": false,
    "internalObtain": true,
    "requirements": {
      "loyaltyLevel": 2,
      "profileLevel": 25,
      "standing": 0,
      "skillRequirements": [],
      "questRequirements": [],
      "achievementRequirements": [],
      "itemRequirements": [
        {
          "id": null,
          "count": 720000,
          "_tpl": "5449016a4bdc2d6f028b456f",
          "onlyFunctional": true,
          "type": "ItemRequirement"
        }
      ],
      "requiredTid": "5ac3b934156ae10c4430e83c"
    }
  },
  {
    "_id": "5fd3f05ed3d418755f40e2ee",
    "tid": "5ac3b934156ae10c4430e83c",
    "suiteId": "5fce42bc187e6a2b994b8247",
    "isActive": true,
    "isHiddenInPVE": false,
    "externalObtain": false,
    "internalObtain": true,
    "requirements": {
      "loyaltyLevel": 1,
      "profileLevel": 19,
      "standing": 0,
      "skillRequirements": [],
      "questRequirements": [],
      "achievementRequirements": [],
      "itemRequirements": [
        {
          "id": null,
          "count": 330000,
          "_tpl": "5449016a4bdc2d6f028b456f",
          "onlyFunctional": true,
          "type": "ItemRequirement"
        }
      ],
      "requiredTid": "5ac3b934156ae10c4430e83c"
    }
  },
  {
    "_id": "603d0e54cced70331818bc46",
    "tid": "5ac3b934156ae10c4430e83c",
    "suiteId": "6038b228af2e28262649af14",
    "isActive": true,
    "isHiddenInPVE": false,
    "externalObtain": false,
    "internalObtain": true,
    "requirements": {
      "loyaltyLevel": 1,
      "profileLevel": 23,
      "standing": 0,
      "skillRequirements": [],
      "questRequirements": [],
      "achievementRequirements": [],
      "itemRequirements": [
        {
          "id": null,
          "count": 650000,
          "_tpl": "5449016a4bdc2d6f028b456f",
          "onlyFunctional": true,
          "type": "ItemRequirement"
        }
      ],
      "requiredTid": "5ac3b934156ae10c4430e83c"
    }
  },
  {
    "_id": "619d08ab6b8a1b37a54eec05",
    "tid": "5ac3b934156ae10c4430e83c",
    "suiteId": "619bf75264927e572d0d5853",
    "isActive": true,
    "isHiddenInPVE": false,
    "externalObtain": false,
    "internalObtain": true,
    "requirements": {
      "loyaltyLevel": 2,
      "profileLevel": 34,
      "standing": 0,
      "skillRequirements": [],
      "questRequirements": [],
      "achievementRequirements": [],
      "itemRequirements": [
        {
          "id": null,
          "count": 1200000,
          "_tpl": "5449016a4bdc2d6f028b456f",
          "onlyFunctional": true,
          "type": "ItemRequirement"
        }
      ],
      "requiredTid": "5ac3b934156ae10c4430e83c"
    }
  },
  {
    "_id": "619d093b56a8f86e411c9234",
    "tid": "5ac3b934156ae10c4430e83c",
    "suiteId": "619b99ad604fcc392676806c",
    "isActive": true,
    "isHiddenInPVE": false,
    "externalObtain": false,
    "internalObtain": true,
    "requirements": {
      "loyaltyLevel": 2,
      "profileLevel": 38,
      "standing": 0,
      "skillRequirements": [],
      "questRequirements": [],
      "achievementRequirements": [],
      "itemRequirements": [
        {
          "id": null,
          "count": 1400000,
          "_tpl": "5449016a4bdc2d6f028b456f",
          "onlyFunctional": true,
          "type": "ItemRequirement"
        }
      ],
      "requiredTid": "5ac3b934156ae10c4430e83c"
    }
  },
  {
    "_id": "629a238ec274b820b032edfa",
    "tid": "5ac3b934156ae10c4430e83c",
    "suiteId": "6295eeed13119346e55d4523",
    "isActive": true,
    "isHiddenInPVE": false,
    "externalObtain": false,
    "internalObtain": true,
    "requirements": {
      "loyaltyLevel": 1,
      "profileLevel": 17,
      "standing": 0,
      "skillRequirements": [],
      "questRequirements": [],
      "achievementRequirements": [],
      "itemRequirements": [
        {
          "id": null,
          "count": 350000,
          "_tpl": "5449016a4bdc2d6f028b456f",
          "onlyFunctional": true,
          "type": "ItemRequirement"
        }
      ],
      "requiredTid": "5ac3b934156ae10c4430e83c"
    }
  },
  {
    "_id": "629a2530c274b820b032edfd",
    "tid": "5ac3b934156ae10c4430e83c",
    "suiteId": "6295ef7d1f798f3be747969e",
    "isActive": true,
    "isHiddenInPVE": false,
    "externalObtain": false,
    "internalObtain": true,
    "requirements": {
      "loyaltyLevel": 1,
      "profileLevel": 22,
      "standing": 0,
      "skillRequirements": [],
      "questRequirements": [],
      "achievementRequirements": [],
      "itemRequirements": [
        {
          "id": null,
          "count": 500000,
          "_tpl": "5449016a4bdc2d6f028b456f",
          "onlyFunctional": true,
          "type": "ItemRequirement"
        }
      ],
      "requiredTid": "5ac3b934156ae10c4430e83c"
    }
  },
  {
    "_id": "63a967dc9de65a4ac6100664",
    "tid": "5ac3b934156ae10c4430e83c",
    "suiteId": "63a8a41e8523141c3d055228",
    "isActive": true,
    "isHiddenInPVE": false,
    "externalObtain": false,
    "internalObtain": true,
    "requirements": {
      "loyaltyLevel": 1,
      "profileLevel": 12,
      "standing": 0,
      "skillRequirements": [],
      "questRequirements": [],
      "achievementRequirements": [],
      "itemRequirements": [
        {
          "id": null,
          "count": 180000,
          "_tpl": "5449016a4bdc2d6f028b456f",
          "onlyFunctional": true,
          "type": "ItemRequirement"
        }
      ],
      "requiredTid": "5ac3b934156ae10c4430e83c"
    }
  },
  {
    "_id": "63a96860e453d118ed052014",
    "tid": "5ac3b934156ae10c4430e83c",
    "suiteId": "63a8a3d48523141c3d055226",
    "isActive": true,
    "isHiddenInPVE": false,
    "externalObtain": false,
    "internalObtain": true,
    "requirements": {
      "loyaltyLevel": 1,
      "profileLevel": 14,
      "standing": 0,
      "skillRequirements": [],
      "questRequirements": [],
      "achievementRequirements": [],
      "itemRequirements": [
        {
          "id": null,
          "count": 180000,
          "_tpl": "5449016a4bdc2d6f028b456f",
          "onlyFunctional": true,
          "type": "ItemRequirement"
        }
      ],
      "requiredTid": "5ac3b934156ae10c4430e83c"
    }
  },
  {
    "_id": "6613f009fca4f2f386029407",
    "tid": "5ac3b934156ae10c4430e83c",
    "suiteId": "66043dc4c8949a435906e436",
    "isActive": true,
    "isHiddenInPVE": false,
    "externalObtain": true,
    "internalObtain": true,
    "requirements": {
      "loyaltyLevel": 3,
      "profileLevel": 33,
      "standing": 0,
      "skillRequirements": [],
      "questRequirements": [
        "6613f307fca4f2f386029409"
      ],
      "achievementRequirements": [],
      "itemRequirements": [
        {
          "id": null,
          "count": 1100000,
          "_tpl": "5449016a4bdc2d6f028b456f",
          "onlyFunctional": true,
          "type": "ItemRequirement"
        }
      ],
      "requiredTid": "5ac3b934156ae10c4430e83c"
    }
  },
  {
    "_id": "603d0f55b5690f28cd32c2fa",
    "tid": "5ac3b934156ae10c4430e83c",
    "suiteId": "603d01a1b41c9b37c6592047",
    "isActive": true,
    "isHiddenInPVE": false,
    "externalObtain": false,
    "internalObtain": true,
    "requirements": {
      "loyaltyLevel": 2,
      "profileLevel": 26,
      "standing": 0,
      "skillRequirements": [],
      "questRequirements": [],
      "achievementRequirements": [],
      "itemRequirements": [
        {
          "id": null,
          "count": 180000,
          "_tpl": "5449016a4bdc2d6f028b456f",
          "onlyFunctional": true,
          "type": "ItemRequirement"
        }
      ],
      "requiredTid": "5ac3b934156ae10c4430e83c"
    }
  },
  {
    "_id": "64ef40b89a4f905106515148",
    "tid": "5ac3b934156ae10c4430e83c",
    "suiteId": "64ef3fa81a5f313cb144bf89",
    "isActive": true,
    "isHiddenInPVE": false,
    "externalObtain": false,
    "internalObtain": true,
    "requirements": {
      "loyaltyLevel": 4,
      "profileLevel": 42,
      "standing": 0.6,
      "skillRequirements": [],
      "questRequirements": [],
      "achievementRequirements": [
        "6529097eccf6aa5f8737b3d0"
      ],
      "itemRequirements": [
        {
          "id": null,
          "count": 50000,
          "_tpl": "5696686a4bdc2da3298b456a",
          "onlyFunctional": false,
          "type": "ItemRequirement"
        }
      ],
      "requiredTid": "5ac3b934156ae10c4430e83c"
    }
  },
  {
    "_id": "658007a524d2053bb360b52c",
    "tid": "5ac3b934156ae10c4430e83c",
    "suiteId": "657f90e5a9176671262fe34e",
    "isActive": true,
    "isHiddenInPVE": false,
    "externalObtain": false,
    "internalObtain": true,
    "requirements": {
      "loyaltyLevel": 2,
      "profileLevel": 21,
      "standing": 0,
      "skillRequirements": [],
      "questRequirements": [],
      "achievementRequirements": [],
      "itemRequirements": [
        {
          "id": null,
          "count": 400000,
          "_tpl": "5449016a4bdc2d6f028b456f",
          "onlyFunctional": true,
          "type": "ItemRequirement"
        }
      ],
      "requiredTid": "5ac3b934156ae10c4430e83c"
    }
  },
  {
    "_id": "658007b7b0bc0f28b1783151",
    "tid": "5ac3b934156ae10c4430e83c",
    "suiteId": "657f90b67ba4217c5e65b6e7",
    "isActive": true,
    "isHiddenInPVE": false,
    "externalObtain": false,
    "internalObtain": true,
    "requirements": {
      "loyaltyLevel": 2,
      "profileLevel": 18,
      "standing": 0,
      "skillRequirements": [],
      "questRequirements": [],
      "achievementRequirements": [],
      "itemRequirements": [
        {
          "id": null,
          "count": 280000,
          "_tpl": "5449016a4bdc2d6f028b456f",
          "onlyFunctional": true,
          "type": "ItemRequirement"
        }
      ],
      "requiredTid": "5ac3b934156ae10c4430e83c"
    }
  },
  {
    "_id": "5df8e9aa86f77412672a1e4a",
    "tid": "5ac3b934156ae10c4430e83c",
    "suiteId": "5df8e72186f7741263108806",
    "isActive": true,
    "isHiddenInPVE": false,
    "externalObtain": true,
    "internalObtain": true,
    "requirements": {
      "loyaltyLevel": 3,
      "profileLevel": 43,
      "standing": 0,
      "skillRequirements": [],
      "questRequirements": [],
      "achievementRequirements": [],
      "itemRequirements": [
        {
          "id": null,
          "count": 2450000,
          "_tpl": "5449016a4bdc2d6f028b456f",
          "onlyFunctional": true,
          "type": "ItemRequirement"
        }
      ],
      "requiredTid": "5ac3b934156ae10c4430e83c"
    }
  },
  {
    "_id": "6615155fefb0539ae10875b5",
    "tid": "5ac3b934156ae10c4430e83c",
    "suiteId": "66043e1dc8949a435906e438",
    "isActive": true,
    "isHiddenInPVE": false,
    "externalObtain": true,
    "internalObtain": true,
    "requirements": {
      "loyaltyLevel": 3,
      "profileLevel": 33,
      "standing": 0,
      "skillRequirements": [],
      "questRequirements": [
        "6613f307fca4f2f386029409"
      ],
      "achievementRequirements": [],
      "itemRequirements": [
        {
          "id": null,
          "count": 700000,
          "_tpl": "5449016a4bdc2d6f028b456f",
          "onlyFunctional": true,
          "type": "ItemRequirement"
        }
      ],
      "requiredTid": "5ac3b934156ae10c4430e83c"
    }
  },
  {
    "_id": "661517fafda04449120269af",
    "tid": "5ac3b934156ae10c4430e83c",
    "suiteId": "66043da77502eca33a08cad4",
    "isActive": true,
    "isHiddenInPVE": false,
    "externalObtain": true,
    "internalObtain": true,
    "requirements": {
      "loyaltyLevel": 2,
      "profileLevel": 24,
      "standing": 0,
      "skillRequirements": [],
      "questRequirements": [
        "6613f3007f6666d56807c929"
      ],
      "achievementRequirements": [],
      "itemRequirements": [
        {
          "id": null,
          "count": 600000,
          "_tpl": "5449016a4bdc2d6f028b456f",
          "onlyFunctional": true,
          "type": "ItemRequirement"
        }
      ],
      "requiredTid": "5ac3b934156ae10c4430e83c"
    }
  },
  {
    "_id": "66151907fda04449120269b0",
    "tid": "5ac3b934156ae10c4430e83c",
    "suiteId": "66043e047502eca33a08cad6",
    "isActive": true,
    "isHiddenInPVE": false,
    "externalObtain": true,
    "internalObtain": true,
    "requirements": {
      "loyaltyLevel": 2,
      "profileLevel": 24,
      "standing": 0,
      "skillRequirements": [],
      "questRequirements": [
        "6613f3007f6666d56807c929"
      ],
      "achievementRequirements": [],
      "itemRequirements": [
        {
          "id": null,
          "count": 400000,
          "_tpl": "5449016a4bdc2d6f028b456f",
          "onlyFunctional": true,
          "type": "ItemRequirement"
        }
      ],
      "requiredTid": "5ac3b934156ae10c4430e83c"
    }
  },
  {
    "_id": "5f5f6160354701500f60f78c",
    "tid": "5ac3b934156ae10c4430e83c",
    "suiteId": "5f5f45df0bc58666c37e7832",
    "isActive": true,
    "isHiddenInPVE": false,
    "externalObtain": true,
    "internalObtain": true,
    "requirements": {
      "loyaltyLevel": 4,
      "profileLevel": 55,
      "standing": 0,
      "skillRequirements": [],
      "questRequirements": [],
      "achievementRequirements": [],
      "itemRequirements": [
        {
          "id": null,
          "count": 5500000,
          "_tpl": "5449016a4bdc2d6f028b456f",
          "onlyFunctional": true,
          "type": "ItemRequirement"
        }
      ],
      "requiredTid": "5ac3b934156ae10c4430e83c"
    }
  },
  {
    "_id": "5d1f555086f7744bcd134594",
    "tid": "5ac3b934156ae10c4430e83c",
    "suiteId": "5cd946231388ce000d572fe3",
    "isActive": true,
    "isHiddenInPVE": false,
    "externalObtain": false,
    "internalObtain": true,
    "requirements": {
      "loyaltyLevel": 0,
      "profileLevel": 0,
      "standing": 0,
      "skillRequirements": [],
      "questRequirements": [],
      "achievementRequirements": [],
      "itemRequirements": [],
      "requiredTid": "5ac3b934156ae10c4430e83c"
    }
  },
  {
    "_id": "5d1f555f86f7744bcb0acd0e",
    "tid": "5ac3b934156ae10c4430e83c",
    "suiteId": "5cd945d71388ce000a659dfb",
    "isActive": true,
    "isHiddenInPVE": false,
    "externalObtain": false,
    "internalObtain": true,
    "requirements": {
      "loyaltyLevel": 0,
      "profileLevel": 0,
      "standing": 0,
      "skillRequirements": [],
      "questRequirements": [],
      "achievementRequirements": [],
      "itemRequirements": [],
      "requiredTid": "5ac3b934156ae10c4430e83c"
    }
  },
  {
    "_id": "5d1f665686f7744bce0ef717",
    "tid": "5ac3b934156ae10c4430e83c",
    "suiteId": "5d1f60ca86f7743014163025",
    "isActive": true,
    "isHiddenInPVE": false,
    "externalObtain": false,
    "internalObtain": true,
    "requirements": {
      "loyaltyLevel": 2,
      "profileLevel": 32,
      "standing": 0,
      "skillRequirements": [],
      "questRequirements": [],
      "achievementRequirements": [],
      "itemRequirements": [
        {
          "id": null,
          "count": 900000,
          "_tpl": "5449016a4bdc2d6f028b456f",
          "onlyFunctional": true,
          "type": "ItemRequirement"
        }
      ],
      "requiredTid": "5ac3b934156ae10c4430e83c"
    }
  },
  {
    "_id": "66c20d8ea91e7d66fa1b0ac5",
    "tid": "5ac3b934156ae10c4430e83c",
    "suiteId": "66bcd2c46c8ca126600ccc3f",
    "isActive": true,
    "isHiddenInPVE": false,
    "externalObtain": false,
    "internalObtain": true,
    "requirements": {
      "loyaltyLevel": 2,
      "profileLevel": 29,
      "standing": 0,
      "skillRequirements": [],
      "questRequirements": [],
      "achievementRequirements": [],
      "itemRequirements": [
        {
          "id": null,
          "count": 800000,
          "_tpl": "5449016a4bdc2d6f028b456f",
          "onlyFunctional": false,
          "type": "ItemRequirement"
        }
      ],
      "requiredTid": "5ac3b934156ae10c4430e83c"
    }
  },
  {
    "_id": "66c20db1ba2df447c2211226",
    "tid": "5ac3b934156ae10c4430e83c",
    "suiteId": "66bcd48714b42ed1dc0af2e0",
    "isActive": true,
    "isHiddenInPVE": false,
    "externalObtain": false,
    "internalObtain": true,
    "requirements": {
      "loyaltyLevel": 2,
      "profileLevel": 27,
      "standing": 0,
      "skillRequirements": [],
      "questRequirements": [],
      "achievementRequirements": [],
      "itemRequirements": [
        {
          "id": null,
          "count": 600000,
          "_tpl": "5449016a4bdc2d6f028b456f",
          "onlyFunctional": false,
          "type": "ItemRequirement"
        }
      ],
      "requiredTid": "5ac3b934156ae10c4430e83c"
    }
  },
  {
    "_id": "675edf7747071f542303381b",
    "tid": "5ac3b934156ae10c4430e83c",
    "suiteId": "67506a0bf31909748c0dcdb6",
    "isActive": true,
    "isHiddenInPVE": false,
    "externalObtain": true,
    "internalObtain": false,
    "requirements": {
      "loyaltyLevel": 1,
      "profileLevel": 1,
      "standing": 0,
      "skillRequirements": [],
      "questRequirements": [],
      "achievementRequirements": [],
      "itemRequirements": [],
      "requiredTid": "5ac3b934156ae10c4430e83c"
    }
  },
  {
    "_id": "675edf8f9c0d3a0f920f76ac",
    "tid": "5ac3b934156ae10c4430e83c",
    "suiteId": "67506fe494cadd62770abbe6",
    "isActive": true,
    "isHiddenInPVE": false,
    "externalObtain": true,
    "internalObtain": false,
    "requirements": {
      "loyaltyLevel": 1,
      "profileLevel": 1,
      "standing": 0,
      "skillRequirements": [],
      "questRequirements": [],
      "achievementRequirements": [],
      "itemRequirements": [],
      "requiredTid": "5ac3b934156ae10c4430e83c"
    }
  },
  {
    "_id": "675edfb447071f542303381d",
    "tid": "5ac3b934156ae10c4430e83c",
    "suiteId": "675696bb7a69ab97c30a09f6",
    "isActive": true,
    "isHiddenInPVE": false,
    "externalObtain": true,
    "internalObtain": false,
    "requirements": {
      "loyaltyLevel": 1,
      "profileLevel": 1,
      "standing": 0,
      "skillRequirements": [],
      "questRequirements": [],
      "achievementRequirements": [],
      "itemRequirements": [],
      "requiredTid": "5ac3b934156ae10c4430e83c"
    }
  },
  {
    "_id": "675edfc1551f7e93af0e537b",
    "tid": "5ac3b934156ae10c4430e83c",
    "suiteId": "675697337a69ab97c30a09f8",
    "isActive": true,
    "isHiddenInPVE": false,
    "externalObtain": true,
    "internalObtain": false,
    "requirements": {
      "loyaltyLevel": 1,
      "profileLevel": 1,
      "standing": 0,
      "skillRequirements": [],
      "questRequirements": [],
      "achievementRequirements": [],
      "itemRequirements": [],
      "requiredTid": "5ac3b934156ae10c4430e83c"
    }
  },
  {
    "_id": "6762d84efcb52aae730c7ab5",
    "tid": "5ac3b934156ae10c4430e83c",
    "suiteId": "67599889a378f89a3e089b5a",
    "isActive": true,
    "isHiddenInPVE": false,
    "externalObtain": false,
    "internalObtain": true,
    "requirements": {
      "loyaltyLevel": 1,
      "profileLevel": 1,
      "standing": 0,
      "skillRequirements": [],
      "questRequirements": [],
      "achievementRequirements": [
        "675998a894008342eb04e47f"
      ],
      "itemRequirements": [],
      "requiredTid": "5ac3b934156ae10c4430e83c"
    }
  },
  {
    "_id": "6762d8cd605be95f5b0ac503",
    "tid": "5ac3b934156ae10c4430e83c",
    "suiteId": "675998aba378f89a3e089b5c",
    "isActive": true,
    "isHiddenInPVE": false,
    "externalObtain": false,
    "internalObtain": true,
    "requirements": {
      "loyaltyLevel": 1,
      "profileLevel": 1,
      "standing": 0,
      "skillRequirements": [],
      "questRequirements": [],
      "achievementRequirements": [
        "675998a894008342eb04e47f"
      ],
      "itemRequirements": [],
      "requiredTid": "5ac3b934156ae10c4430e83c"
    }
  },
  {
    "_id": "6767636f4667ff22db0985d6",
    "tid": "5ac3b934156ae10c4430e83c",
    "suiteId": "67603ea391ec8cab9406faa4",
    "isActive": true,
    "isHiddenInPVE": false,
    "externalObtain": false,
    "internalObtain": true,
    "requirements": {
      "loyaltyLevel": 0,
      "profileLevel": 0,
      "standing": 0,
      "skillRequirements": [],
      "questRequirements": [
        "675f535f07e24748400973e7"
      ],
      "achievementRequirements": [],
      "itemRequirements": [
        {
          "id": null,
          "count": 500000,
          "_tpl": "5449016a4bdc2d6f028b456f",
          "onlyFunctional": false,
          "type": "ItemRequirement"
        }
      ],
      "requiredTid": "5ac3b934156ae10c4430e83c"
    }
  },
  {
    "_id": "66744a20b1e7597eb971a5b6",
    "tid": "5ac3b934156ae10c4430e83c",
    "suiteId": "66589f9b2c4a1b73af576b85",
    "isActive": true,
    "isHiddenInPVE": true,
    "externalObtain": false,
    "internalObtain": true,
    "requirements": {
      "loyaltyLevel": 2,
      "profileLevel": 18,
      "standing": 0,
      "skillRequirements": [],
      "questRequirements": [],
      "achievementRequirements": [],
      "itemRequirements": [
        {
          "id": null,
          "count": 4,
          "_tpl": "6656560053eaaa7a23349c86",
          "onlyFunctional": true,
          "type": "ItemRequirement"
        }
      ],
      "requiredTid": "6617beeaa9cfa777ca915b7c"
    }
  },
  {
    "_id": "66744a426fa5082871584be5",
    "tid": "5ac3b934156ae10c4430e83c",
    "suiteId": "6658a05f146af22739040fbd",
    "isActive": true,
    "isHiddenInPVE": true,
    "externalObtain": false,
    "internalObtain": true,
    "requirements": {
      "loyaltyLevel": 3,
      "profileLevel": 30,
      "standing": 0,
      "skillRequirements": [],
      "questRequirements": [],
      "achievementRequirements": [],
      "itemRequirements": [
        {
          "id": null,
          "count": 6,
          "_tpl": "6656560053eaaa7a23349c86",
          "onlyFunctional": true,
          "type": "ItemRequirement"
        }
      ],
      "requiredTid": "6617beeaa9cfa777ca915b7c"
    }
  },
  {
    "_id": "66744a5673b98f3acb558c46",
    "tid": "5ac3b934156ae10c4430e83c",
    "suiteId": "6658a1466e007c6f3366200b",
    "isActive": true,
    "isHiddenInPVE": true,
    "externalObtain": false,
    "internalObtain": true,
    "requirements": {
      "loyaltyLevel": 4,
      "profileLevel": 42,
      "standing": 0,
      "skillRequirements": [],
      "questRequirements": [],
      "achievementRequirements": [],
      "itemRequirements": [
        {
          "id": null,
          "count": 10,
          "_tpl": "6656560053eaaa7a23349c86",
          "onlyFunctional": true,
          "type": "ItemRequirement"
        }
      ],
      "requiredTid": "6617beeaa9cfa777ca915b7c"
    }
  },
  {
    "_id": "66744b0b6fa5082871584be6",
    "tid": "5ac3b934156ae10c4430e83c",
    "suiteId": "6658a0ca4de4820934746dd2",
    "isActive": true,
    "isHiddenInPVE": true,
    "externalObtain": false,
    "internalObtain": true,
    "requirements": {
      "loyaltyLevel": 2,
      "profileLevel": 18,
      "standing": 0,
      "skillRequirements": [],
      "questRequirements": [],
      "achievementRequirements": [],
      "itemRequirements": [
        {
          "id": null,
          "count": 4,
          "_tpl": "6656560053eaaa7a23349c86",
          "onlyFunctional": true,
          "type": "ItemRequirement"
        }
      ],
      "requiredTid": "6617beeaa9cfa777ca915b7c"
    }
  },
  {
    "_id": "66744b3973b98f3acb558c47",
    "tid": "5ac3b934156ae10c4430e83c",
    "suiteId": "6658a01e3733207cb6677dc7",
    "isActive": true,
    "isHiddenInPVE": true,
    "externalObtain": false,
    "internalObtain": true,
    "requirements": {
      "loyaltyLevel": 3,
      "profileLevel": 30,
      "standing": 0,
      "skillRequirements": [],
      "questRequirements": [],
      "achievementRequirements": [],
      "itemRequirements": [
        {
          "id": null,
          "count": 6,
          "_tpl": "6656560053eaaa7a23349c86",
          "onlyFunctional": true,
          "type": "ItemRequirement"
        }
      ],
      "requiredTid": "6617beeaa9cfa777ca915b7c"
    }
  },
  {
    "_id": "66744b4d1edffc3a9a5cdea5",
    "tid": "5ac3b934156ae10c4430e83c",
    "suiteId": "6658a1d54de4820934746dd4",
    "isActive": true,
    "isHiddenInPVE": true,
    "externalObtain": false,
    "internalObtain": true,
    "requirements": {
      "loyaltyLevel": 4,
      "profileLevel": 42,
      "standing": 0,
      "skillRequirements": [],
      "questRequirements": [],
      "achievementRequirements": [],
      "itemRequirements": [
        {
          "id": null,
          "count": 10,
          "_tpl": "6656560053eaaa7a23349c86",
          "onlyFunctional": true,
          "type": "ItemRequirement"
        }
      ],
      "requiredTid": "6617beeaa9cfa777ca915b7c"
    }
  },
  {
    "_id": "676041cbb1b4d335a1019630",
    "tid": "5ac3b934156ae10c4430e83c",
    "suiteId": "67603ea391ec8cab9406faa4",
    "isActive": true,
    "isHiddenInPVE": true,
    "externalObtain": false,
    "internalObtain": true,
    "requirements": {
      "loyaltyLevel": 0,
      "profileLevel": 0,
      "standing": 0,
      "skillRequirements": [],
      "questRequirements": [
        "675f535f07e24748400973e7"
      ],
      "achievementRequirements": [],
      "itemRequirements": [
        {
          "id": null,
          "count": 5,
          "_tpl": "5d235b4d86f7742e017bc88a",
          "onlyFunctional": false,
          "type": "ItemRequirement"
        }
      ],
      "requiredTid": "5ac3b934156ae10c4430e83c"
    }
  },
  {
    "_id": "5d1f55c686f7744bcd134599",
    "tid": "5ac3b934156ae10c4430e83c",
    "suiteId": "5cde9ec17d6c8b04723cf479",
    "isActive": true,
    "isHiddenInPVE": false,
    "externalObtain": false,
    "internalObtain": true,
    "requirements": {
      "loyaltyLevel": 0,
      "profileLevel": 0,
      "standing": 0,
      "skillRequirements": [],
      "questRequirements": [],
      "achievementRequirements": [],
      "itemRequirements": [],
      "requiredTid": "5ac3b934156ae10c4430e83c"
    }
  },
  {
    "_id": "5d1f67f786f7744bce0f0694",
    "tid": "5ac3b934156ae10c4430e83c",
    "suiteId": "5d1f648e86f774301416302b",
    "isActive": true,
    "isHiddenInPVE": false,
    "externalObtain": false,
    "internalObtain": true,
    "requirements": {
      "loyaltyLevel": 1,
      "profileLevel": 16,
      "standing": 0,
      "skillRequirements": [],
      "questRequirements": [],
      "achievementRequirements": [],
      "itemRequirements": [
        {
          "id": null,
          "count": 300000,
          "_tpl": "5449016a4bdc2d6f028b456f",
          "onlyFunctional": true,
          "type": "ItemRequirement"
        }
      ],
      "requiredTid": "5ac3b934156ae10c4430e83c"
    }
  },
  {
    "_id": "629a265409411d22ac63bced",
    "tid": "5ac3b934156ae10c4430e83c",
    "suiteId": "629613ad1f798f3be7479951",
    "isActive": true,
    "isHiddenInPVE": false,
    "externalObtain": false,
    "internalObtain": true,
    "requirements": {
      "loyaltyLevel": 2,
      "profileLevel": 30,
      "standing": 0,
      "skillRequirements": [],
      "questRequirements": [],
      "achievementRequirements": [],
      "itemRequirements": [
        {
          "id": null,
          "count": 800000,
          "_tpl": "5449016a4bdc2d6f028b456f",
          "onlyFunctional": true,
          "type": "ItemRequirement"
        }
      ],
      "requiredTid": "5ac3b934156ae10c4430e83c"
    }
  },
  {
    "_id": "5d1f676a86f7744bcc04a2c2",
    "tid": "5ac3b934156ae10c4430e83c",
    "suiteId": "5d1f622186f7744bca3f168c",
    "isActive": true,
    "isHiddenInPVE": false,
    "externalObtain": false,
    "internalObtain": true,
    "requirements": {
      "loyaltyLevel": 1,
      "profileLevel": 13,
      "standing": 0,
      "skillRequirements": [],
      "questRequirements": [],
      "achievementRequirements": [],
      "itemRequirements": [
        {
          "id": null,
          "count": 175000,
          "_tpl": "5449016a4bdc2d6f028b456f",
          "onlyFunctional": true,
          "type": "ItemRequirement"
        }
      ],
      "requiredTid": "5ac3b934156ae10c4430e83c"
    }
  },
  {
    "_id": "5d1f677f86f7744bce0f0690",
    "tid": "5ac3b934156ae10c4430e83c",
    "suiteId": "5d1f622e86f7744bcc04998c",
    "isActive": true,
    "isHiddenInPVE": false,
    "externalObtain": false,
    "internalObtain": true,
    "requirements": {
      "loyaltyLevel": 2,
      "profileLevel": 25,
      "standing": 0,
      "skillRequirements": [],
      "questRequirements": [],
      "achievementRequirements": [],
      "itemRequirements": [
        {
          "id": null,
          "count": 680000,
          "_tpl": "5449016a4bdc2d6f028b456f",
          "onlyFunctional": true,
          "type": "ItemRequirement"
        }
      ],
      "requiredTid": "5ac3b934156ae10c4430e83c"
    }
  },
  {
    "_id": "5e9de352bd907058554c6b1f",
    "tid": "5ac3b934156ae10c4430e83c",
    "suiteId": "5e9dcb9c86f7743e20652f25",
    "isActive": true,
    "isHiddenInPVE": false,
    "externalObtain": true,
    "internalObtain": true,
    "requirements": {
      "loyaltyLevel": 4,
      "profileLevel": 50,
      "standing": 0,
      "skillRequirements": [],
      "questRequirements": [],
      "achievementRequirements": [],
      "itemRequirements": [
        {
          "id": null,
          "count": 4500000,
          "_tpl": "5449016a4bdc2d6f028b456f",
          "onlyFunctional": true,
          "type": "ItemRequirement"
        }
      ],
      "requiredTid": "5ac3b934156ae10c4430e83c"
    }
  },
  {
    "_id": "5d1f67b386f7744b381c7976",
    "tid": "5ac3b934156ae10c4430e83c",
    "suiteId": "5d1f623e86f7744bce0ef705",
    "isActive": true,
    "isHiddenInPVE": false,
    "externalObtain": false,
    "internalObtain": true,
    "requirements": {
      "loyaltyLevel": 1,
      "profileLevel": 7,
      "standing": 0,
      "skillRequirements": [],
      "questRequirements": [],
      "achievementRequirements": [],
      "itemRequirements": [
        {
          "id": null,
          "count": 40000,
          "_tpl": "5449016a4bdc2d6f028b456f",
          "onlyFunctional": true,
          "type": "ItemRequirement"
        }
      ],
      "requiredTid": "5ac3b934156ae10c4430e83c"
    }
  },
  {
    "_id": "5df8e9de86f774530571b134",
    "tid": "5ac3b934156ae10c4430e83c",
    "suiteId": "5df8e75786f7745c67099df4",
    "isActive": true,
    "isHiddenInPVE": false,
    "externalObtain": false,
    "internalObtain": true,
    "requirements": {
      "loyaltyLevel": 3,
      "profileLevel": 43,
      "standing": 0,
      "skillRequirements": [],
      "questRequirements": [],
      "achievementRequirements": [],
      "itemRequirements": [
        {
          "id": null,
          "count": 2500000,
          "_tpl": "5449016a4bdc2d6f028b456f",
          "onlyFunctional": true,
          "type": "ItemRequirement"
        }
      ],
      "requiredTid": "5ac3b934156ae10c4430e83c"
    }
  },
  {
    "_id": "5f5f604a354701500f60f789",
    "tid": "5ac3b934156ae10c4430e83c",
    "suiteId": "5f5f471bdf4f3100376a815e",
    "isActive": true,
    "isHiddenInPVE": false,
    "externalObtain": true,
    "internalObtain": true,
    "requirements": {
      "loyaltyLevel": 4,
      "profileLevel": 55,
      "standing": 0,
      "skillRequirements": [],
      "questRequirements": [],
      "achievementRequirements": [],
      "itemRequirements": [
        {
          "id": null,
          "count": 6500000,
          "_tpl": "5449016a4bdc2d6f028b456f",
          "onlyFunctional": true,
          "type": "ItemRequirement"
        }
      ],
      "requiredTid": "5ac3b934156ae10c4430e83c"
    }
  },
  {
    "_id": "5d1f680486f7744bcd136402",
    "tid": "5ac3b934156ae10c4430e83c",
    "suiteId": "5d1f649286f7743f8362cf40",
    "isActive": true,
    "isHiddenInPVE": false,
    "externalObtain": false,
    "internalObtain": true,
    "requirements": {
      "loyaltyLevel": 1,
      "profileLevel": 6,
      "standing": 0,
      "skillRequirements": [],
      "questRequirements": [],
      "achievementRequirements": [],
      "itemRequirements": [
        {
          "id": null,
          "count": 25000,
          "_tpl": "5449016a4bdc2d6f028b456f",
          "onlyFunctional": true,
          "type": "ItemRequirement"
        }
      ],
      "requiredTid": "5ac3b934156ae10c4430e83c"
    }
  },
  {
    "_id": "5d1f682a86f7744b376c8747",
    "tid": "5ac3b934156ae10c4430e83c",
    "suiteId": "5d1f649886f7744bce0ef70d",
    "isActive": true,
    "isHiddenInPVE": false,
    "externalObtain": false,
    "internalObtain": true,
    "requirements": {
      "loyaltyLevel": 2,
      "profileLevel": 36,
      "standing": 0,
      "skillRequirements": [],
      "questRequirements": [],
      "achievementRequirements": [],
      "itemRequirements": [
        {
          "id": null,
          "count": 1330000,
          "_tpl": "5449016a4bdc2d6f028b456f",
          "onlyFunctional": true,
          "type": "ItemRequirement"
        }
      ],
      "requiredTid": "5ac3b934156ae10c4430e83c"
    }
  },
  {
    "_id": "5d4da2cd86f77450fb2fb718",
    "tid": "5ac3b934156ae10c4430e83c",
    "suiteId": "5d4da10986f77450fc65edc3",
    "isActive": true,
    "isHiddenInPVE": false,
    "externalObtain": false,
    "internalObtain": true,
    "requirements": {
      "loyaltyLevel": 2,
      "profileLevel": 31,
      "standing": 0,
      "skillRequirements": [],
      "questRequirements": [],
      "achievementRequirements": [],
      "itemRequirements": [
        {
          "id": null,
          "count": 840000,
          "_tpl": "5449016a4bdc2d6f028b456f",
          "onlyFunctional": true,
          "type": "ItemRequirement"
        }
      ],
      "requiredTid": "5ac3b934156ae10c4430e83c"
    }
  },
  {
    "_id": "5df8ea2d86f77412640e2ea6",
    "tid": "5ac3b934156ae10c4430e83c",
    "suiteId": "5cdea42e7d6c8b0474535dad",
    "isActive": true,
    "isHiddenInPVE": false,
    "externalObtain": false,
    "internalObtain": true,
    "requirements": {
      "loyaltyLevel": 0,
      "profileLevel": 0,
      "standing": 0,
      "skillRequirements": [],
      "questRequirements": [],
      "achievementRequirements": [
        "6514143d59647d2cb3213c93"
      ],
      "itemRequirements": [
        {
          "id": null,
          "count": 4000000,
          "_tpl": "5449016a4bdc2d6f028b456f",
          "onlyFunctional": false,
          "type": "ItemRequirement"
        }
      ],
      "requiredTid": "5ac3b934156ae10c4430e83c"
    }
  },
  {
    "_id": "5e4bbfb386f77406a46f724e",
    "tid": "5ac3b934156ae10c4430e83c",
    "suiteId": "5e4bb6fc86f77406801a74f7",
    "isActive": true,
    "isHiddenInPVE": false,
    "externalObtain": false,
    "internalObtain": true,
    "requirements": {
      "loyaltyLevel": 3,
      "profileLevel": 47,
      "standing": 0,
      "skillRequirements": [],
      "questRequirements": [
        "5e383a6386f77465910ce1f3"
      ],
      "achievementRequirements": [],
      "itemRequirements": [
        {
          "id": null,
          "count": 2850000,
          "_tpl": "5449016a4bdc2d6f028b456f",
          "onlyFunctional": true,
          "type": "ItemRequirement"
        }
      ],
      "requiredTid": "5ac3b934156ae10c4430e83c"
    }
  },
  {
    "_id": "5e4bc06586f77406801a74fc",
    "tid": "5ac3b934156ae10c4430e83c",
    "suiteId": "5e4bb5e486f77406796b7b9e",
    "isActive": true,
    "isHiddenInPVE": false,
    "externalObtain": false,
    "internalObtain": true,
    "requirements": {
      "loyaltyLevel": 3,
      "profileLevel": 47,
      "standing": 0,
      "skillRequirements": [],
      "questRequirements": [
        "5e4d515e86f77438b2195244"
      ],
      "achievementRequirements": [],
      "itemRequirements": [
        {
          "id": null,
          "count": 3100000,
          "_tpl": "5449016a4bdc2d6f028b456f",
          "onlyFunctional": true,
          "type": "ItemRequirement"
        }
      ],
      "requiredTid": "5ac3b934156ae10c4430e83c"
    }
  },
  {
    "_id": "5f5f60b20bc58666c37e7847",
    "tid": "5ac3b934156ae10c4430e83c",
    "suiteId": "5f5f46086760b4138443b358",
    "isActive": true,
    "isHiddenInPVE": false,
    "externalObtain": true,
    "internalObtain": true,
    "requirements": {
      "loyaltyLevel": 4,
      "profileLevel": 52,
      "standing": 0,
      "skillRequirements": [],
      "questRequirements": [],
      "achievementRequirements": [],
      "itemRequirements": [
        {
          "id": null,
          "count": 5750000,
          "_tpl": "5449016a4bdc2d6f028b456f",
          "onlyFunctional": true,
          "type": "ItemRequirement"
        }
      ],
      "requiredTid": "5ac3b934156ae10c4430e83c"
    }
  },
  {
    "_id": "5fd3eccefb3c6241335f402e",
    "tid": "5ac3b934156ae10c4430e83c",
    "suiteId": "5fd3e978e504291efd0040b3",
    "isActive": true,
    "isHiddenInPVE": false,
    "externalObtain": false,
    "internalObtain": true,
    "requirements": {
      "loyaltyLevel": 1,
      "profileLevel": 18,
      "standing": 0,
      "skillRequirements": [],
      "questRequirements": [],
      "achievementRequirements": [],
      "itemRequirements": [
        {
          "id": null,
          "count": 270000,
          "_tpl": "5449016a4bdc2d6f028b456f",
          "onlyFunctional": true,
          "type": "ItemRequirement"
        }
      ],
      "requiredTid": "5ac3b934156ae10c4430e83c"
    }
  },
  {
    "_id": "603d0d6325aff57af81f708a",
    "tid": "5ac3b934156ae10c4430e83c",
    "suiteId": "603d01b9d10cbf667352dd4a",
    "isActive": true,
    "isHiddenInPVE": false,
    "externalObtain": false,
    "internalObtain": true,
    "requirements": {
      "loyaltyLevel": 1,
      "profileLevel": 20,
      "standing": 0,
      "skillRequirements": [],
      "questRequirements": [],
      "achievementRequirements": [],
      "itemRequirements": [
        {
          "id": null,
          "count": 320000,
          "_tpl": "5449016a4bdc2d6f028b456f",
          "onlyFunctional": true,
          "type": "ItemRequirement"
        }
      ],
      "requiredTid": "5ac3b934156ae10c4430e83c"
    }
  },
  {
    "_id": "5fd3ed69e3bfcf6cab4c8f17",
    "tid": "5ac3b934156ae10c4430e83c",
    "suiteId": "5fd3e77be504291efd0040ad",
    "isActive": true,
    "isHiddenInPVE": false,
    "externalObtain": false,
    "internalObtain": true,
    "requirements": {
      "loyaltyLevel": 2,
      "profileLevel": 35,
      "standing": 0,
      "skillRequirements": [],
      "questRequirements": [],
      "achievementRequirements": [],
      "itemRequirements": [
        {
          "id": null,
          "count": 990000,
          "_tpl": "5449016a4bdc2d6f028b456f",
          "onlyFunctional": true,
          "type": "ItemRequirement"
        }
      ],
      "requiredTid": "5ac3b934156ae10c4430e83c"
    }
  },
  {
    "_id": "603d0ddbb5690f28cd32c2f5",
    "tid": "5ac3b934156ae10c4430e83c",
    "suiteId": "6038b24cd6505c1ec64a44a0",
    "isActive": true,
    "isHiddenInPVE": false,
    "externalObtain": false,
    "internalObtain": true,
    "requirements": {
      "loyaltyLevel": 1,
      "profileLevel": 22,
      "standing": 0,
      "skillRequirements": [],
      "questRequirements": [],
      "achievementRequirements": [],
      "itemRequirements": [
        {
          "id": null,
          "count": 600000,
          "_tpl": "5449016a4bdc2d6f028b456f",
          "onlyFunctional": true,
          "type": "ItemRequirement"
        }
      ],
      "requiredTid": "5ac3b934156ae10c4430e83c"
    }
  },
  {
    "_id": "619d09b5af49135f3e7abb03",
    "tid": "5ac3b934156ae10c4430e83c",
    "suiteId": "619b99d2d8ed4b751d2606c1",
    "isActive": true,
    "isHiddenInPVE": false,
    "externalObtain": false,
    "internalObtain": true,
    "requirements": {
      "loyaltyLevel": 2,
      "profileLevel": 34,
      "standing": 0,
      "skillRequirements": [],
      "questRequirements": [],
      "achievementRequirements": [],
      "itemRequirements": [
        {
          "id": null,
          "count": 1000000,
          "_tpl": "5449016a4bdc2d6f028b456f",
          "onlyFunctional": true,
          "type": "ItemRequirement"
        }
      ],
      "requiredTid": "5ac3b934156ae10c4430e83c"
    }
  },
  {
    "_id": "619d0a4860ebf3677d4b2b37",
    "tid": "5ac3b934156ae10c4430e83c",
    "suiteId": "619bf78a64927e572d0d5855",
    "isActive": true,
    "isHiddenInPVE": false,
    "externalObtain": false,
    "internalObtain": true,
    "requirements": {
      "loyaltyLevel": 2,
      "profileLevel": 37,
      "standing": 0,
      "skillRequirements": [],
      "questRequirements": [],
      "achievementRequirements": [],
      "itemRequirements": [
        {
          "id": null,
          "count": 1350000,
          "_tpl": "5449016a4bdc2d6f028b456f",
          "onlyFunctional": true,
          "type": "ItemRequirement"
        }
      ],
      "requiredTid": "5ac3b934156ae10c4430e83c"
    }
  },
  {
    "_id": "629a25efc169832f350e8ca4",
    "tid": "5ac3b934156ae10c4430e83c",
    "suiteId": "6295eb15869a02221651d318",
    "isActive": true,
    "isHiddenInPVE": false,
    "externalObtain": false,
    "internalObtain": true,
    "requirements": {
      "loyaltyLevel": 2,
      "profileLevel": 28,
      "standing": 0,
      "skillRequirements": [],
      "questRequirements": [],
      "achievementRequirements": [],
      "itemRequirements": [
        {
          "id": null,
          "count": 700000,
          "_tpl": "5449016a4bdc2d6f028b456f",
          "onlyFunctional": true,
          "type": "ItemRequirement"
        }
      ],
      "requiredTid": "5ac3b934156ae10c4430e83c"
    }
  },
  {
    "_id": "63a96627b5bd8344d15856c4",
    "tid": "5ac3b934156ae10c4430e83c",
    "suiteId": "63a8a3f5dd384f7e8d716f9b",
    "isActive": true,
    "isHiddenInPVE": false,
    "externalObtain": false,
    "internalObtain": true,
    "requirements": {
      "loyaltyLevel": 1,
      "profileLevel": 16,
      "standing": 0,
      "skillRequirements": [],
      "questRequirements": [],
      "achievementRequirements": [],
      "itemRequirements": [
        {
          "id": null,
          "count": 200000,
          "_tpl": "5449016a4bdc2d6f028b456f",
          "onlyFunctional": true,
          "type": "ItemRequirement"
        }
      ],
      "requiredTid": "5ac3b934156ae10c4430e83c"
    }
  },
  {
    "_id": "63a9671a227e0a2af0116ae4",
    "tid": "5ac3b934156ae10c4430e83c",
    "suiteId": "63a8a446dd384f7e8d716f9d",
    "isActive": true,
    "isHiddenInPVE": false,
    "externalObtain": false,
    "internalObtain": true,
    "requirements": {
      "loyaltyLevel": 2,
      "profileLevel": 25,
      "standing": 0,
      "skillRequirements": [],
      "questRequirements": [],
      "achievementRequirements": [],
      "itemRequirements": [
        {
          "id": null,
          "count": 400000,
          "_tpl": "5449016a4bdc2d6f028b456f",
          "onlyFunctional": true,
          "type": "ItemRequirement"
        }
      ],
      "requiredTid": "5ac3b934156ae10c4430e83c"
    }
  },
  {
    "_id": "5d1f679186f7744a9b5031be",
    "tid": "5ac3b934156ae10c4430e83c",
    "suiteId": "5d1f623386f7744bcd135833",
    "isActive": true,
    "isHiddenInPVE": false,
    "externalObtain": true,
    "internalObtain": true,
    "requirements": {
      "loyaltyLevel": 3,
      "profileLevel": 40,
      "standing": 0,
      "skillRequirements": [],
      "questRequirements": [],
      "achievementRequirements": [],
      "itemRequirements": [
        {
          "id": null,
          "count": 1950000,
          "_tpl": "5449016a4bdc2d6f028b456f",
          "onlyFunctional": true,
          "type": "ItemRequirement"
        }
      ],
      "requiredTid": "5ac3b934156ae10c4430e83c"
    }
  },
  {
    "_id": "5d1f67ce86f7743014164295",
    "tid": "5ac3b934156ae10c4430e83c",
    "suiteId": "5d1f647f86f7744bcc04998f",
    "isActive": true,
    "isHiddenInPVE": false,
    "externalObtain": false,
    "internalObtain": true,
    "requirements": {
      "loyaltyLevel": 2,
      "profileLevel": 28,
      "standing": 0,
      "skillRequirements": [],
      "questRequirements": [],
      "achievementRequirements": [],
      "itemRequirements": [
        {
          "id": null,
          "count": 750000,
          "_tpl": "5449016a4bdc2d6f028b456f",
          "onlyFunctional": true,
          "type": "ItemRequirement"
        }
      ],
      "requiredTid": "5ac3b934156ae10c4430e83c"
    }
  },
  {
    "_id": "5e9de4bfbd907058554c6b26",
    "tid": "5ac3b934156ae10c4430e83c",
    "suiteId": "5e9dccd686f774343b592592",
    "isActive": true,
    "isHiddenInPVE": false,
    "externalObtain": true,
    "internalObtain": true,
    "requirements": {
      "loyaltyLevel": 3,
      "profileLevel": 48,
      "standing": 0,
      "skillRequirements": [],
      "questRequirements": [],
      "achievementRequirements": [],
      "itemRequirements": [
        {
          "id": null,
          "count": 2400000,
          "_tpl": "5449016a4bdc2d6f028b456f",
          "onlyFunctional": true,
          "type": "ItemRequirement"
        }
      ],
      "requiredTid": "5ac3b934156ae10c4430e83c"
    }
  },
  {
    "_id": "5fd3edf3bdd50d684f73a525",
    "tid": "5ac3b934156ae10c4430e83c",
    "suiteId": "5fcf9477fe40296c1d5fd7c8",
    "isActive": true,
    "isHiddenInPVE": false,
    "externalObtain": false,
    "internalObtain": true,
    "requirements": {
      "loyaltyLevel": 1,
      "profileLevel": 23,
      "standing": 0,
      "skillRequirements": [],
      "questRequirements": [],
      "achievementRequirements": [],
      "itemRequirements": [
        {
          "id": null,
          "count": 620000,
          "_tpl": "5449016a4bdc2d6f028b456f",
          "onlyFunctional": true,
          "type": "ItemRequirement"
        }
      ],
      "requiredTid": "5ac3b934156ae10c4430e83c"
    }
  },
  {
    "_id": "64ef40b89a4f905106515148",
    "tid": "5ac3b934156ae10c4430e83c",
    "suiteId": "64ef3fa81a5f313cb144bf89",
    "isActive": true,
    "isHiddenInPVE": false,
    "externalObtain": false,
    "internalObtain": true,
    "requirements": {
      "loyaltyLevel": 4,
      "profileLevel": 42,
      "standing": 0.6,
      "skillRequirements": [],
      "questRequirements": [],
      "achievementRequirements": [
        "6529097eccf6aa5f8737b3d0"
      ],
      "itemRequirements": [
        {
          "id": null,
          "count": 50000,
          "_tpl": "5696686a4bdc2da3298b456a",
          "onlyFunctional": false,
          "type": "ItemRequirement"
        }
      ],
      "requiredTid": "5ac3b934156ae10c4430e83c"
    }
  },
  {
    "_id": "6580075a7d858b6a1a399ee8",
    "tid": "5ac3b934156ae10c4430e83c",
    "suiteId": "657f8e9824d2053bb360b51d",
    "isActive": true,
    "isHiddenInPVE": false,
    "externalObtain": false,
    "internalObtain": true,
    "requirements": {
      "loyaltyLevel": 2,
      "profileLevel": 17,
      "standing": 0,
      "skillRequirements": [],
      "questRequirements": [],
      "achievementRequirements": [],
      "itemRequirements": [
        {
          "id": null,
          "count": 350000,
          "_tpl": "5449016a4bdc2d6f028b456f",
          "onlyFunctional": true,
          "type": "ItemRequirement"
        }
      ],
      "requiredTid": "5ac3b934156ae10c4430e83c"
    }
  },
  {
    "_id": "6580078724d2053bb360b52b",
    "tid": "5ac3b934156ae10c4430e83c",
    "suiteId": "657f8e6ccbb8470421442525",
    "isActive": true,
    "isHiddenInPVE": false,
    "externalObtain": false,
    "internalObtain": true,
    "requirements": {
      "loyaltyLevel": 2,
      "profileLevel": 24,
      "standing": 0,
      "skillRequirements": [],
      "questRequirements": [],
      "achievementRequirements": [],
      "itemRequirements": [
        {
          "id": null,
          "count": 500000,
          "_tpl": "5449016a4bdc2d6f028b456f",
          "onlyFunctional": true,
          "type": "ItemRequirement"
        }
      ],
      "requiredTid": "5ac3b934156ae10c4430e83c"
    }
  },
  {
    "_id": "5d1f67e886f7743f8362db01",
    "tid": "5ac3b934156ae10c4430e83c",
    "suiteId": "5d1f648a86f7744bcd135841",
    "isActive": true,
    "isHiddenInPVE": false,
    "externalObtain": true,
    "internalObtain": true,
    "requirements": {
      "loyaltyLevel": 2,
      "profileLevel": 38,
      "standing": 0,
      "skillRequirements": [],
      "questRequirements": [],
      "achievementRequirements": [],
      "itemRequirements": [
        {
          "id": null,
          "count": 1450000,
          "_tpl": "5449016a4bdc2d6f028b456f",
          "onlyFunctional": true,
          "type": "ItemRequirement"
        }
      ],
      "requiredTid": "5ac3b934156ae10c4430e83c"
    }
  },
  {
    "_id": "6615195cfda04449120269b1",
    "tid": "5ac3b934156ae10c4430e83c",
    "suiteId": "66043a697502eca33a08cace",
    "isActive": true,
    "isHiddenInPVE": false,
    "externalObtain": true,
    "internalObtain": true,
    "requirements": {
      "loyaltyLevel": 3,
      "profileLevel": 33,
      "standing": 0,
      "skillRequirements": [],
      "questRequirements": [
        "6615141bfda04449120269a7"
      ],
      "achievementRequirements": [],
      "itemRequirements": [
        {
          "id": null,
          "count": 1100000,
          "_tpl": "5449016a4bdc2d6f028b456f",
          "onlyFunctional": true,
          "type": "ItemRequirement"
        }
      ],
      "requiredTid": "5ac3b934156ae10c4430e83c"
    }
  },
  {
    "_id": "661519c4efb0539ae10875b6",
    "tid": "5ac3b934156ae10c4430e83c",
    "suiteId": "66043ab1c8949a435906e42e",
    "isActive": true,
    "isHiddenInPVE": false,
    "externalObtain": true,
    "internalObtain": true,
    "requirements": {
      "loyaltyLevel": 3,
      "profileLevel": 33,
      "standing": 0,
      "skillRequirements": [],
      "questRequirements": [
        "6615141bfda04449120269a7"
      ],
      "achievementRequirements": [],
      "itemRequirements": [
        {
          "id": null,
          "count": 700000,
          "_tpl": "5449016a4bdc2d6f028b456f",
          "onlyFunctional": true,
          "type": "ItemRequirement"
        }
      ],
      "requiredTid": "5ac3b934156ae10c4430e83c"
    }
  },
  {
    "_id": "66151a0de1485ee104061087",
    "tid": "5ac3b934156ae10c4430e83c",
    "suiteId": "66043a3910bcdf80ff0e9f7c",
    "isActive": true,
    "isHiddenInPVE": false,
    "externalObtain": true,
    "internalObtain": true,
    "requirements": {
      "loyaltyLevel": 2,
      "profileLevel": 24,
      "standing": 0,
      "skillRequirements": [],
      "questRequirements": [
        "66151401efb0539ae10875ae"
      ],
      "achievementRequirements": [],
      "itemRequirements": [
        {
          "id": null,
          "count": 600000,
          "_tpl": "5449016a4bdc2d6f028b456f",
          "onlyFunctional": true,
          "type": "ItemRequirement"
        }
      ],
      "requiredTid": "5ac3b934156ae10c4430e83c"
    }
  },
  {
    "_id": "66151a41fda04449120269b2",
    "tid": "5ac3b934156ae10c4430e83c",
    "suiteId": "66043a8dc8949a435906e42c",
    "isActive": true,
    "isHiddenInPVE": false,
    "externalObtain": true,
    "internalObtain": true,
    "requirements": {
      "loyaltyLevel": 2,
      "profileLevel": 24,
      "standing": 0,
      "skillRequirements": [],
      "questRequirements": [
        "66151401efb0539ae10875ae"
      ],
      "achievementRequirements": [],
      "itemRequirements": [
        {
          "id": null,
          "count": 400000,
          "_tpl": "5449016a4bdc2d6f028b456f",
          "onlyFunctional": true,
          "type": "ItemRequirement"
        }
      ],
      "requiredTid": "5ac3b934156ae10c4430e83c"
    }
  },
  {
    "_id": "5d1f55b486f7743f8362bcca",
    "tid": "5ac3b934156ae10c4430e83c",
    "suiteId": "5cde9e957d6c8b0474535da7",
    "isActive": true,
    "isHiddenInPVE": false,
    "externalObtain": false,
    "internalObtain": true,
    "requirements": {
      "loyaltyLevel": 0,
      "profileLevel": 0,
      "standing": 0,
      "skillRequirements": [],
      "questRequirements": [],
      "achievementRequirements": [],
      "itemRequirements": [],
      "requiredTid": "5ac3b934156ae10c4430e83c"
    }
  },
  {
    "_id": "5d1f67a286f7744b376c8741",
    "tid": "5ac3b934156ae10c4430e83c",
    "suiteId": "5d1f623886f7743014163027",
    "isActive": true,
    "isHiddenInPVE": false,
    "externalObtain": false,
    "internalObtain": true,
    "requirements": {
      "loyaltyLevel": 3,
      "profileLevel": 45,
      "standing": 0,
      "skillRequirements": [],
      "questRequirements": [],
      "achievementRequirements": [],
      "itemRequirements": [
        {
          "id": null,
          "count": 2900000,
          "_tpl": "5449016a4bdc2d6f028b456f",
          "onlyFunctional": true,
          "type": "ItemRequirement"
        }
      ],
      "requiredTid": "5ac3b934156ae10c4430e83c"
    }
  },
  {
    "_id": "66c20e519dc78468f4040f06",
    "tid": "5ac3b934156ae10c4430e83c",
    "suiteId": "66bcd31f6c8ca126600ccc41",
    "isActive": true,
    "isHiddenInPVE": false,
    "externalObtain": false,
    "internalObtain": true,
    "requirements": {
      "loyaltyLevel": 2,
      "profileLevel": 29,
      "standing": 0,
      "skillRequirements": [],
      "questRequirements": [],
      "achievementRequirements": [],
      "itemRequirements": [
        {
          "id": null,
          "count": 800000,
          "_tpl": "5449016a4bdc2d6f028b456f",
          "onlyFunctional": false,
          "type": "ItemRequirement"
        }
      ],
      "requiredTid": "5ac3b934156ae10c4430e83c"
    }
  },
  {
    "_id": "66c20e79c7c85f4d695e7513",
    "tid": "5ac3b934156ae10c4430e83c",
    "suiteId": "66bcd461b544479add01acc6",
    "isActive": true,
    "isHiddenInPVE": false,
    "externalObtain": false,
    "internalObtain": true,
    "requirements": {
      "loyaltyLevel": 2,
      "profileLevel": 27,
      "standing": 0,
      "skillRequirements": [],
      "questRequirements": [],
      "achievementRequirements": [],
      "itemRequirements": [
        {
          "id": null,
          "count": 600000,
          "_tpl": "5449016a4bdc2d6f028b456f",
          "onlyFunctional": false,
          "type": "ItemRequirement"
        }
      ],
      "requiredTid": "5ac3b934156ae10c4430e83c"
    }
  },
  {
    "_id": "675edf2f47071f5423033819",
    "tid": "5ac3b934156ae10c4430e83c",
    "suiteId": "6756997970afee6336051976",
    "isActive": true,
    "isHiddenInPVE": false,
    "externalObtain": true,
    "internalObtain": false,
    "requirements": {
      "loyaltyLevel": 1,
      "profileLevel": 1,
      "standing": 0,
      "skillRequirements": [],
      "questRequirements": [],
      "achievementRequirements": [],
      "itemRequirements": [],
      "requiredTid": "5ac3b934156ae10c4430e83c"
    }
  },
  {
    "_id": "675edf529c0d3a0f920f76ab",
    "tid": "5ac3b934156ae10c4430e83c",
    "suiteId": "675698eafb0f45813a055a36",
    "isActive": true,
    "isHiddenInPVE": false,
    "externalObtain": true,
    "internalObtain": false,
    "requirements": {
      "loyaltyLevel": 1,
      "profileLevel": 1,
      "standing": 0,
      "skillRequirements": [],
      "questRequirements": [],
      "achievementRequirements": [],
      "itemRequirements": [],
      "requiredTid": "5ac3b934156ae10c4430e83c"
    }
  },
  {
    "_id": "675edfd017ad2d0758043e01",
    "tid": "5ac3b934156ae10c4430e83c",
    "suiteId": "675070a550f7ea9dc604afc7",
    "isActive": true,
    "isHiddenInPVE": false,
    "externalObtain": true,
    "internalObtain": false,
    "requirements": {
      "loyaltyLevel": 1,
      "profileLevel": 1,
      "standing": 0,
      "skillRequirements": [],
      "questRequirements": [],
      "achievementRequirements": [],
      "itemRequirements": [],
      "requiredTid": "5ac3b934156ae10c4430e83c"
    }
  },
  {
    "_id": "675edff217ad2d0758043e02",
    "tid": "5ac3b934156ae10c4430e83c",
    "suiteId": "6750713a65b30e16220465d6",
    "isActive": true,
    "isHiddenInPVE": false,
    "externalObtain": true,
    "internalObtain": false,
    "requirements": {
      "loyaltyLevel": 1,
      "profileLevel": 1,
      "standing": 0,
      "skillRequirements": [],
      "questRequirements": [],
      "achievementRequirements": [],
      "itemRequirements": [],
      "requiredTid": "5ac3b934156ae10c4430e83c"
    }
  },
  {
    "_id": "6762d8706aea4e46b107b71e",
    "tid": "5ac3b934156ae10c4430e83c",
    "suiteId": "675fd71c1c153e52f1050fd6",
    "isActive": true,
    "isHiddenInPVE": false,
    "externalObtain": false,
    "internalObtain": true,
    "requirements": {
      "loyaltyLevel": 1,
      "profileLevel": 1,
      "standing": 0,
      "skillRequirements": [],
      "questRequirements": [],
      "achievementRequirements": [
        "675998a894008342eb04e47f"
      ],
      "itemRequirements": [],
      "requiredTid": "5ac3b934156ae10c4430e83c"
    }
  },
  {
    "_id": "6762d8ae5ad704bbac091076",
    "tid": "5ac3b934156ae10c4430e83c",
    "suiteId": "675fd6dc7a57e0b2a00e340a",
    "isActive": true,
    "isHiddenInPVE": false,
    "externalObtain": false,
    "internalObtain": true,
    "requirements": {
      "loyaltyLevel": 1,
      "profileLevel": 1,
      "standing": 0,
      "skillRequirements": [],
      "questRequirements": [],
      "achievementRequirements": [
        "675998a894008342eb04e47f"
      ],
      "itemRequirements": [],
      "requiredTid": "5ac3b934156ae10c4430e83c"
    }
  },
  {
    "_id": "6767636f4667ff22db0985d6",
    "tid": "5ac3b934156ae10c4430e83c",
    "suiteId": "67603ea391ec8cab9406faa4",
    "isActive": true,
    "isHiddenInPVE": false,
    "externalObtain": false,
    "internalObtain": true,
    "requirements": {
      "loyaltyLevel": 0,
      "profileLevel": 0,
      "standing": 0,
      "skillRequirements": [],
      "questRequirements": [
        "675f535f07e24748400973e7"
      ],
      "achievementRequirements": [],
      "itemRequirements": [
        {
          "id": null,
          "count": 500000,
          "_tpl": "5449016a4bdc2d6f028b456f",
          "onlyFunctional": false,
          "type": "ItemRequirement"
        }
      ],
      "requiredTid": "5ac3b934156ae10c4430e83c"
    }
  }
]