{
  "_id": "638f541a29ffd1183d187f57",
  "availableInRaid": true,
  "avatar": "/files/trader/avatar/638f541a29ffd1183d187f57.png",
  "balance_dol": 0,
  "balance_eur": 0,
  "balance_rub": 7000000,
  "buyer_up": false,
  "currency": "RUB",
  "customization_seller": false,
  "discount": 0,
  "discount_end": 0,
  "gridHeight": 120,
  "insurance": {
    "availability": false,
    "excluded_category": [],
    "max_return_hour": 0,
    "max_storage_time": 48,
    "min_payment": 0,
    "min_return_hour": 0
  },
  "isCanTransferItems": false,
  "items_buy": {
    "category": [],
    "id_list": []
  },
  "items_buy_prohibited": {
    "category": [],
    "id_list": [
      "64d0b40fbe2eed70e254e2d4",
      "65ddcc9cfa85b9f17d0dfb07",
      "65ca457b4aafb5d7fc0dcb5d",
      "660312cc4d6cdfa6f500c703",
      "660bbc98c38b837877075e4a",
      "660bc341c38b837877075e4c",
      "6638a5474e92f038531e210e",
      "6655e35b6bc645cb7b059912",
      "66d98233302686954b0c6f81",
      "6707d0bdaab679420007e01a",
      "6707d0804e617ec94f0e562f"
    ]
  },
  "location": "Смотритель",
  "loyaltyLevels": [
    {
      "buy_price_coef": 0,
      "exchange_price_coef": 0,
      "heal_price_coef": 0,
      "insurance_price_coef": "0",
      "minLevel": 1,
      "minSalesSum": 0,
      "minStanding": 0,
      "repair_price_coef": 0
    }
  ],
  "medic": false,
  "name": "Смотритель",
  "nextResupply": 1672241513,
  "nickname": "caretaker",
  "prohibitedTransferableItems": {
    "category": [],
    "id_list": []
  },
  "repair": {
    "availability": false,
    "currency": "5449016a4bdc2d6f028b456f",
    "currency_coefficient": 1,
    "excluded_category": [],
    "excluded_id_list": [],
    "quality": 0
  },
  "sell_category": [],
  "sell_modifier_for_prohibited_items": 0,
  "surname": "Смотритель",
  "transferableItems": {
    "category": [],
    "id_list": []
  },
  "unlockedByDefault": true
}
