[
  {
    "Chance": 100.0,
    "ChancePVE": 100.0,
    "Count": 0,
    "CountPve": 0,
    "EntryPoints": "Common",
    "EventAvailable": false,
    "ExfiltrationTime": 10.0,
    "ExfiltrationTimePVE": 10.0,
    "ExfiltrationType": "Manual",
    "Id": "",
    "MinTime": 0.0,
    "MinTimePVE": 0.0,
    "MaxTime": 0.0,
    "MaxTimePVE": 0.0,
    "Name": "lab_Elevator_Cargo",
    "PassageRequirement": "WorldEvent",
    "PlayersCount": 0,
    "PlayersCountPVE": 0,
    "RequiredSlot": "FirstPrimaryWeapon",
    "RequirementTip": "",
    "Side": "Pmc"
  },
  {
    "Chance": 100.0,
    "ChancePVE": 100.0,
    "Count": 0,
    "CountPve": 0,
    "EntryPoints": "Common",
    "EventAvailable": false,
    "ExfiltrationTime": 5.0,
    "ExfiltrationTimePVE": 5.0,
    "ExfiltrationType": "Manual",
    "Id": "",
    "MinTime": 0.0,
    "MinTimePVE": 0.0,
    "MaxTime": 0.0,
    "MaxTimePVE": 0.0,
    "Name": "lab_Elevator_Main",
    "PassageRequirement": "WorldEvent",
    "PlayersCount": 0,
    "PlayersCountPVE": 0,
    "RequiredSlot": "FirstPrimaryWeapon",
    "RequirementTip": "",
    "Side": "Pmc"
  },
  {
    "Chance": 100.0,
    "ChancePVE": 100.0,
    "Count": 0,
    "CountPve": 0,
    "EntryPoints": "Common",
    "EventAvailable": false,
    "ExfiltrationTime": 15.0,
    "ExfiltrationTimePVE": 15.0,
    "ExfiltrationType": "Individual",
    "Id": "",
    "MinTime": 0.0,
    "MinTimePVE": 0.0,
    "MaxTime": 0.0,
    "MaxTimePVE": 0.0,
    "Name": "lab_Vent",
    "PassageRequirement": "Empty",
    "PlayersCount": 0,
    "PlayersCountPVE": 0,
    "RequiredSlot": "Backpack",
    "RequirementTip": "EXFIL_tip_backpack",
    "Side": "Pmc"
  },
  {
    "Chance": 100.0,
    "ChancePVE": 100.0,
    "Count": 0,
    "CountPve": 0,
    "EntryPoints": "Common",
    "EventAvailable": false,
    "ExfiltrationTime": 5.0,
    "ExfiltrationTimePVE": 5.0,
    "ExfiltrationType": "Manual",
    "Id": "",
    "MinTime": 0.0,
    "MinTimePVE": 0.0,
    "MaxTime": 0.0,
    "MaxTimePVE": 0.0,
    "Name": "lab_Elevator_Med",
    "PassageRequirement": "WorldEvent",
    "PlayersCount": 0,
    "PlayersCountPVE": 0,
    "RequiredSlot": "FirstPrimaryWeapon",
    "RequirementTip": "",
    "Side": "Pmc"
  },
  {
    "Chance": 100.0,
    "ChancePVE": 100.0,
    "Count": 0,
    "CountPve": 0,
    "EntryPoints": "Common",
    "EventAvailable": false,
    "ExfiltrationTime": 10.0,
    "ExfiltrationTimePVE": 10.0,
    "ExfiltrationType": "Individual",
    "Id": "",
    "MinTime": 0.0,
    "MinTimePVE": 0.0,
    "MaxTime": 0.0,
    "MaxTimePVE": 0.0,
    "Name": "lab_Under_Storage_Collector",
    "PassageRequirement": "WorldEvent",
    "PlayersCount": 0,
    "PlayersCountPVE": 0,
    "RequiredSlot": "FirstPrimaryWeapon",
    "RequirementTip": "",
    "Side": "Pmc"
  },
  {
    "Chance": 60.0,
    "ChancePVE": 60.0,
    "Count": 0,
    "CountPve": 0,
    "EntryPoints": "Common",
    "EventAvailable": false,
    "ExfiltrationTime": 10.0,
    "ExfiltrationTimePVE": 10.0,
    "ExfiltrationType": "Individual",
    "Id": "",
    "MinTime": 0.0,
    "MinTimePVE": 0.0,
    "MaxTime": 0.0,
    "MaxTimePVE": 0.0,
    "Name": "lab_Parking_Gate",
    "PassageRequirement": "WorldEvent",
    "PlayersCount": 0,
    "PlayersCountPVE": 0,
    "RequiredSlot": "FirstPrimaryWeapon",
    "RequirementTip": "",
    "Side": "Pmc"
  },
  {
    "Chance": 60.0,
    "ChancePVE": 60.0,
    "Count": 0,
    "CountPve": 0,
    "EntryPoints": "Common",
    "EventAvailable": false,
    "ExfiltrationTime": 10.0,
    "ExfiltrationTimePVE": 10.0,
    "ExfiltrationType": "Individual",
    "Id": "",
    "MinTime": 0.0,
    "MinTimePVE": 0.0,
    "MaxTime": 0.0,
    "MaxTimePVE": 0.0,
    "Name": "lab_Hangar_Gate",
    "PassageRequirement": "WorldEvent",
    "PlayersCount": 0,
    "PlayersCountPVE": 0,
    "RequiredSlot": "FirstPrimaryWeapon",
    "RequirementTip": "",
    "Side": "Pmc"
  },
  {
    "Chance": 0.0,
    "ChancePVE": 0.0,
    "Count": 0,
    "CountPve": 0,
    "EntryPoints": "",
    "EventAvailable": false,
    "ExfiltrationTime": 8.0,
    "ExfiltrationTimePVE": 8.0,
    "ExfiltrationType": "Individual",
    "Id": "",
    "MinTime": 0.0,
    "MinTimePVE": 0.0,
    "MaxTime": 0.0,
    "MaxTimePVE": 0.0,
    "Name": "lab_Elevator_Cargo",
    "PassageRequirement": "None",
    "PlayersCount": 0,
    "PlayersCountPVE": 0,
    "RequiredSlot": "FirstPrimaryWeapon",
    "RequirementTip": "",
    "Side": "Scav"
  },
  {
    "Chance": 0.0,
    "ChancePVE": 0.0,
    "Count": 0,
    "CountPve": 0,
    "EntryPoints": "",
    "EventAvailable": false,
    "ExfiltrationTime": 8.0,
    "ExfiltrationTimePVE": 8.0,
    "ExfiltrationType": "Individual",
    "Id": "",
    "MinTime": 0.0,
    "MinTimePVE": 0.0,
    "MaxTime": 0.0,
    "MaxTimePVE": 0.0,
    "Name": "lab_Elevator_Main",
    "PassageRequirement": "None",
    "PlayersCount": 0,
    "PlayersCountPVE": 0,
    "RequiredSlot": "FirstPrimaryWeapon",
    "RequirementTip": "",
    "Side": "Scav"
  },
  {
    "Chance": 0.0,
    "ChancePVE": 0.0,
    "Count": 0,
    "CountPve": 0,
    "EntryPoints": "",
    "EventAvailable": false,
    "ExfiltrationTime": 8.0,
    "ExfiltrationTimePVE": 8.0,
    "ExfiltrationType": "Individual",
    "Id": "",
    "MinTime": 0.0,
    "MinTimePVE": 0.0,
    "MaxTime": 0.0,
    "MaxTimePVE": 0.0,
    "Name": "lab_Elevator_Med",
    "PassageRequirement": "None",
    "PlayersCount": 0,
    "PlayersCountPVE": 0,
    "RequiredSlot": "FirstPrimaryWeapon",
    "RequirementTip": "",
    "Side": "Scav"
  }
]