{
    "Enabled": false,
    "EnableCoop": true,
    "Locked": true,
    "Name": "Hideout",
    "Scene": {
        "path": "maps/bunker_preset.bundle",
        "rcid": "bunker.ScenesPreset.asset"
    },
    "Area": 0,
    "RequiredPlayerLevelMin": 1,
    "RequiredPlayerLevelMax": 100,
    "PmcMaxPlayersInGroup": 5,
    "ScavMaxPlayersInGroup": 4,
    "MinPlayers": 1,
    "MaxPlayers": 10,
    "MaxCoopGroup": 10,
    "IconX": 0,
    "IconY": 0,
    "waves": [],
    "limits": [],
    "AveragePlayTime": 1000000,
    "AveragePlayerLevel": 10,
    "EscapeTimeLimit": 99999,
    "EscapeTimeLimitCoop": 99999,
    "Rules": "Normal",
    "IsSecret": false,
    "doors": [],
    "MaxDistToFreePoint": 900,
    "MinDistToFreePoint": 10,
    "MaxBotPerZone": 0,
    "OpenZones": "",
    "OcculsionCullingEnabled": false,
    "OldSpawn": true,
    "OfflineOldSpawn": true,
    "NewSpawn": false,
    "OfflineNewSpawn": true,
    "BotMax": 0,
    "BotStart": 0,
    "BotStartPlayer": 0,
    "BotStop": 0,
    "BotSpawnTimeOnMin": 0,
    "BotSpawnTimeOnMax": 0,
    "BotSpawnTimeOffMin": 0,
    "BotSpawnTimeOffMax": 0,
    "BotEasy": 0,
    "BotNormal": 0,
    "BotHard": 0,
    "BotImpossible": 0,
    "BotAssault": 0,
    "BotMarksman": 0,
    "DisabledScavExits": "",
    "MinPlayerLvlAccessKeys": 0,
    "AccessKeys": [],
    "UnixDateTime": 1689772567,
    "PlayersRequestCount": -1,
    "NonWaveGroupScenario": {
        "MinToBeGroup": 2,
        "MaxToBeGroup": 3,
        "Chance": 50,
        "Enabled": false
    },
    "BotSpawnCountStep": 3,
    "BotSpawnPeriodCheck": 15,
    "GlobalContainerChanceModifier": 1,
    "MinMaxBots": [],
    "BotLocationModifier": {
        "AccuracySpeed": 1,
        "Scattering": 1,
        "GainSight": 1,
        "MarksmanAccuratyCoef": 1,
        "VisibleDistance": 0
    },
    "exits": [],
    "DisabledForScav": false,
    "SpawnPointParams": [{
            "Id": "f656a561-6524-49e2-90c0-1cbbece183ce",
            "Position": {
                "x": -5.8,
                "y": 0.1,
                "z": -5.4
            },
            "Rotation": 45.0000038,
            "Sides": ["Usec"],
            "Categories": ["Player", "Bot"],
            "Infiltration": "",
            "DelayToCanSpawnSec": 0.5,
            "ColliderParams": {
                "_parent": "SpawnSphereParams",
                "_props": {
                    "Center": {
                        "x": 0,
                        "y": 0,
                        "z": 0
                    },
                    "Radius": 10
                }
            },
            "BotZoneName": ""
        }, {
            "Id": "f92541a9-08ab-4c9e-957a-d802e143b705",
            "Position": {
                "x": -5.8,
                "y": 0.1,
                "z": -5.4
            },
            "Rotation": 45.0000038,
            "Sides": ["All"],
            "Categories": ["Player"],
            "Infiltration": "Hideout",
            "DelayToCanSpawnSec": 4,
            "ColliderParams": {
                "_parent": "SpawnSphereParams",
                "_props": {
                    "Center": {
                        "x": 0,
                        "y": 0,
                        "z": 0
                    },
                    "Radius": 10
                }
            },
            "BotZoneName": ""
        }, {
            "Id": "faf351a1-e5f5-4642-8ece-267508fdfea6",
            "Position": {
                "x": -5.8,
                "y": 0.1,
                "z": -5.4
            },
            "Rotation": 45.0000038,
            "Sides": ["Bear"],
            "Categories": ["Player", "Bot"],
            "Infiltration": "",
            "DelayToCanSpawnSec": 0.5,
            "ColliderParams": {
                "_parent": "SpawnSphereParams",
                "_props": {
                    "Center": {
                        "x": 0,
                        "y": 0,
                        "z": 0
                    },
                    "Radius": 10
                }
            },
            "BotZoneName": ""
        }
    ],
    "maxItemCountInLocation": [{
            "TemplateId": "604b47caa16c2359315ad047",
            "Value": 0
        }
    ],
    "Id": "hideout",
    "_Id": "599319c986f7740dca3070a6",
    "Loot": [],
    "Banners": [{
            "id": "5805f617245977100b2c1f41",
            "pic": {
                "path": "CONTENT/banners/tglabs.jpg",
                "rcid": ""
            }
        }, {
            "id": "5807be8924597742c603fa19",
            "pic": {
                "path": "CONTENT/banners/banner_tarkov.jpg",
                "rcid": ""
            }
        }
    ],
    "BossLocationSpawn": []
}
